place_name,url,category,main_category,subcategory,poi_type,rating,num_of_reviews,reviews_content,latitude,longitude
Teatraot Eilat,"https://www.google.com/maps/place/Teatraot+Eilat/@29.5581,34.9482,14z/data=!4m10!1m2!2m1!1sTheater+in+Marina,+Eilat,+Israel!3m6!1s0x150071ff7c76f6af:0xe095e69889b87b72!8m2!3d29.555053!4d34.9535404!15sCiBUaGVhdGVyIGluIE1hcmluYSwgRWlsYXQsIElzcmFlbFogIh50aGVhdGVyIGluIG1hcmluYSBlaWxhdCBpc3JhZWySAQ1tb3ZpZV90aGVhdGVymgEkQ2hkRFNVaE5NRzluUzBWSlEwRm5TVU5DTlhWRWNHbDNSUkFC4AEA-gEECAAQOQ!16s%2Fg%2F1tfz76z3?hl=en&entry=ttu&g_ep=EgoyMDI2MDExMy4wIKXMDSoASAFQAw%3D%3D",Entertainment-Activities-Theater,Entertainment-Activities,Theater,Theater,3.5,10,"A genuine look back in time. At first it looks like a dodgy theater, based in the basement floor of a everything but abandoned shopping center. Upon further inspection, you notice its charm. A theater built probably in the 70s/80s, it's small, has only three halls and the seats are a few decades outdated.  The movie we went to was a 22:30 showing, there were about 10 people total in the theater, it somehow made the movie much better. You feel free to whisper, laugh out loud and talk about the movie, and although everyone can hear you, it disturbs no one. The comfort you feel just make it a more genuine movie viewing experience, as opposed to the very institutionalised movie experience of today.  Also, the was an INTERLUDE! Who does that anymore?? || I've been to a lot of run-down movie theatres, and this is easily the worst.  FIRST, they don't have a website, so I found movie listings on seret.co.il, but when we made a trip to this theatre - the only one in town - the listings turned out to have been all wrong, like the movie didn't even exist. Cashier shrugged and was like, ""It's not our site."" Like - surely there's a way to fix that; this is 2022 and people plan moviegoing online.  SECOND, it's in a charmless bunker in the basement and the seats, floor, etc., are grungy from years of wear and tear. A group of older teens came in late and shouted through the entire movie. One guy even took a call - he was like, ""I'm at the theatre,"" and proceeded to talk about the movie. I guess it's a plus that a staff person asked us if we wanted the air conditioning on; otherwise, we might have suffocated. Yuck. Surely with all the tourists in town, a decent theatre could attract some business?  Giving it 2 stars because we were actually able to see a movie, even if we couldn't hear a lot of it because of the shouting hoodlums in the back row. Oh, and the bathrooms were actually really good. Lots of soap, paper, and very clean. If only the theatres were as good as the toilets. || This theater is really fun to see a blockbuster - the big theater is grand enough to make it feel like a special occasion! The staff is very nice and the ladies rooms are clean and classy looking. If you are new to Israeli movie theaters, heads up - if there is a brief pause in the middle of the film, it's not broken.. it is intermission! Take a moment to laugh at the awkward spot they stopped the film, and then take a tinkle (or whatever). Have fun, enjoy the movie! || Very old place, but it has its own rarity. || If I could give a negative score for this place as a movie theater, I would. Lets just say the highlight of the evening was when one of the staff threatened to call the police on people who were being rude. The sound system is decent but the screen is warped and there is serious light bleed in the hall. People use their phones all the time AND the audience basically randomly walks around. Do not go to a movie here unless you have no other option. || Now it's the only game in town if you want to see a movie. Good theater nice staff old style so the screen isn't like the new theaters but it does the job but they have all the hit movies. The only thing they still have an intermission so it's kind of annoying that they stopped in the middle of the movie and then start again || Worst cinema I have ever been in Israel. 3 halls, we were at num 3 which is the largest The seats and the floor was filthy The screen is very small The audio is terrible The seats themselves are very veryyyyy old Just don't go, better to watch Netflix at home || Although recently recarpeted you can still see the place is in need of renovation. But taking in account that cinemas are dwindling all over the world good it's still open - last cinema and Theatre in Eilat. 3D screening available for selected movies and if you are looking for kids movies most of the time screenings are with and without Hebrew sincronisation || Looks like movies is not a good business in Eilat. Large popcorn is small everywhere else. Chairs were cramped with mo legroom like a seat in economy flight! No place to rest head. Sound average. Exit sign so brught it lot the whole room up. No ushers to shoosh the crowd who were all talking during the movie........felt like a lecture hall. And its all down in a cellar and the waitung area looked like a cafeteria! || This is an old-school movie theater, with an intermission in the middle of the movie. We were a little late to the movie and saw a huge line before the  box office. Luckily they started playing about half an hour after the published time, so we got to see everything.",29.555053,34.9535404
Elad Theater - Old Terminal,"https://www.google.com/maps/place/Elad+Theater+-+Old+Terminal/@29.5581,34.9482,14z/data=!4m10!1m2!2m1!1sTheater+in+Marina,+Eilat,+Israel!3m6!1s0x15006f65dcbd87c3:0xddc75e5bec729938!8m2!3d29.5540564!4d34.9548857!15sCiBUaGVhdGVyIGluIE1hcmluYSwgRWlsYXQsIElzcmFlbJIBD3RoZWF0ZXJfY29tcGFueeABAA!16s%2Fg%2F11nwx815dh?hl=en&entry=ttu&g_ep=EgoyMDI2MDExMy4wIKXMDSoASAFQAw%3D%3D",Entertainment-Activities-Theater,Entertainment-Activities,Theater,Theater,4.9,10,"A new and amazing place I have been to quite a few experiences of this theater, the Elad Theater. Every time I enjoy the fascinating mines, amazing actors, and an atmosphere that simply makes you disconnect from reality for an hour of imagination! I highly recommend all the shows!!!!! || A stunning experience and highly recommended! A cast of the highest level, hosted at the Eilat Wine Bar, which is also amazing in its design and menu, provide an evening that is fun, funny, exciting and generally unforgettable. Thank you ♥️ || Great theater! I highly recommend anyone coming to Eilat to check if there is a show of theirs and buy a ticket. Each show is an event in itself and an unforgettable experience.  Special shows that use sound, image, lighting and space like you have never experienced in your life.  I have no words to describe how special and different the experience there is from any other show I have been to. || An extraordinary cultural experience, theater on a different level than anything you've ever known. Genius and creativity. Highly recommended. || Excellent theater! Every show is different from anything I've seen before. And the children's shows are amazing for adults too, which is nice. It's worth checking the show schedule the next time you're visiting Eilat 😉 … || Original, lively, intriguing and surprising theater in Eilat. We saw the show in Room 201. Amazing organization, the special location is wonderful, the acting is excellent. Simply a pleasure of an evening!! Really exciting to see such a creative and invested venture in Eilat. We have reserved and want to see! || The theater is active in various channels, but I have seen several plays and there is a real search there, especially when it comes to the language of the theater itself. And a real search is rare, blessed and inspiring. May you be blessed and successful. || Intimate and stunning atmosphere The show All the Good Things with Dvir Bandek. Wow! I enjoyed every second! || Excellent actors. The show, An Evening of Love and Wine, had a very nice atmosphere and was interactive. || Thank you Ayelet, we're glad you enjoyed it ❤️",29.5540564,34.9548857
קולנוע אילת - CINEMA EILAT,"https://www.google.com/maps/place/%D7%A7%D7%95%D7%9C%D7%A0%D7%95%D7%A2+%D7%90%D7%99%D7%9C%D7%AA+-+CINEMA+EILAT%E2%80%AD/@29.5581,34.9482,14z/data=!4m10!1m2!2m1!1sTheater+in+Marina,+Eilat,+Israel!3m6!1s0x15007166a18ec659:0x4d5ec07d687f60be!8m2!3d29.5549831!4d34.9543557!15sCiBUaGVhdGVyIGluIE1hcmluYSwgRWlsYXQsIElzcmFlbFogIh50aGVhdGVyIGluIG1hcmluYSBlaWxhdCBpc3JhZWySAQ1tb3ZpZV90aGVhdGVymgEkQ2hkRFNVaE5NRzluUzBWSlEwRm5TVU5hZVRSRFR6VlJSUkFC4AEA-gEECAAQLg!16s%2Fg%2F11sw00n1_r?hl=en&entry=ttu&g_ep=EgoyMDI2MDExMy4wIKXMDSoASAFQAw%3D%3D",Entertainment-Activities-Theater,Entertainment-Activities,Theater,Theater,4.0,10,"Came here to watch the new avatar with family! Was incredible movie but other than that. The cinema was huge very glorious classical looking theatre rather than cinema but it added that spice that made me happy the design is wonderful , the small kiosk next to the lobby's is nice has snacks and drinks like it should and staff was very efficient ,3D cinema rooms ,places to relax or talk before rthe movie like chairs and tables are available 🤙 overall very good cinema 🎭 || We came specifically to see a Zootopia movie at 4 pm in Hebrew exactly as listed on the website, but it turned out when we got to watch the movie that the website was not up to date and the movie times were constantly changing. The girl left disappointed and crying and they just let us down. Disappointing cinema Bis Planet and Cinema City This would not have happened It is an insult to Eilat that they do not have a real, quality movie theater in the city || Trying to book tickets but the website only says phone bookings, the phone hasn't been answered for a few days... Feels like the 1980s, what does a phone booking have to do with it? || Renovated and innovative cinema. Very kind cinema manager and staff! The cinema has been renovated and there is also a new VIP hall I really liked the overall experience And it's nice to have a place like this in Eilat || There are no movie screenings in the city of Eilat! It's hard to accept and understand this. || Great place that has been renovated! Clean and tidy. Pampering VIP room Yossi and the team, well done 👏🏼👏🏼👏🏼 … || Great job more than once, also for accessibility, tickets were also donated to the children of the future starters You are amazing || The cinema is newly renovated and very pleasant. Watching the movie, the cleanliness, the air conditioning, the attitude of the employees was a real experience. And we sat in the V.I.F. It was perfect. || Pleasant and tidy halls, excellent sound, very comfortable seats. There is a selection of films for children as well. It is very convenient that it works on Saturday. I enjoy coming to a show or a movie at the Eilat cinema every time. || What fun in the hall and in general with the new renovation, it's just a pleasure. We really enjoyed such a Tel Aviv experience....keep it up, thank you😍 …",29.5549831,34.9543557
קולנוע 7 מימדים,"https://www.google.com/maps/place/%D7%A7%D7%95%D7%9C%D7%A0%D7%95%D7%A2+7+%D7%9E%D7%99%D7%9E%D7%93%D7%99%D7%9D%E2%80%AD/@29.5581,34.9482,14z/data=!4m10!1m2!2m1!1sTheater+in+Marina,+Eilat,+Israel!3m6!1s0x150071e4723baaab:0x550d25d657da7c6!8m2!3d29.5538414!4d34.9655299!15sCiBUaGVhdGVyIGluIE1hcmluYSwgRWlsYXQsIElzcmFlbJIBDW1vdmllX3RoZWF0ZXLgAQA!16s%2Fg%2F11f0wx6c61?hl=en&entry=ttu&g_ep=EgoyMDI2MDExMy4wIKXMDSoASAFQAw%3D%3D",Entertainment-Activities-Theater,Entertainment-Activities,Theater,Theater,3.9,13,"The Ice Mall in Eilat is truly a remarkable shopping center in a tax free zone..... for example, Guaranteed lowest price for mobile phones in the world otherwise they will pay the difference of prices with 2 zeros added to it! So if you find a phone for $100.00 less anywhere in the world, you get $10,000.00. The center has all the European and US stores and all the brand names at incredible prices with no tax. I walked out with bags of clothing, shoes accessories and even kitchen appliances ! It also has many amusements such as rides,  Lazer, trampoline and gaming centers for kids, Olympic size ice skating ring and all kinds of restaurants. It's also an architectural marvel and 100% covered which makes it the perfect place to spend the hot hours of the day.....fantastic place to visit ! || The staff are amazing, and its very fun for both adults and kids || Thank you for visiting us! We look forward to welcoming you again. || Suitable for children, excellent service, recommended for family fun || A nice idea that is in almost every mall and promenade, There is nothing to explain, you have to be there But yes, you really feel that it is ""realistic"" The quality is really good and there are all the genres there || Suitable for ages 7 to 14, no more lol, okay, but || Hey, I don't know what movie you chose, but there are movies that adults are scared of, or fly by...  We'd love to host you again! || I didn't like it at all, dangerous exits and entrances, terrible acoustics, huge queue at the buffet, no good service, they didn't have any left over, had to wait half an hour for the left over, in short, an unpleasant experience || Hi, I think you meant another cinema...  We have one spacious entrance (the cinema only seats 11 people) - and we don't have a buffet... || It's not nice that it's in the fridge, but okay. There's popcorn, unfortunately they add too much salt and it's a shame I had to throw it in the trash. || Not anything at all, maybe for those who haven't experienced it for the first time, it's a nice film of a few minutes. || A really terrible experience, 40 shekels for a short film, terrible sound, completely blurry screen, chairs don't move when they should, for this price you can go see a movie in a movie theater, a waste of money || Hi Almog, I'm sorry this is your experience. The cinema has one of the best sound systems in the world and our projector is a laser technology projector. The chair movement is designed by a certified engineer in this field and I think he does a pretty good job.  In the future - I would be happy if you contact us and share your experience with us, first of all so that we can understand if there is a problem, we can check what you felt and why - and whether there was a malfunction or not, we will make sure that you leave feeling good. Right now you are hurt and it's a shame, you are left with a bad taste in your mouth - and you wrote us a review that is the opposite of what we usually receive, which does not indicate anything about the facility (maybe there was something specific that we didn't address, but we will never know).  As they say, lose - lose.",29.5538414,34.9655299
Isrotel Theater Wow Show,"https://www.google.com/maps/place/Isrotel+Theater+Wow+Show/@29.5581,34.9482,14z/data=!4m10!1m2!2m1!1sTheater+in+Marina,+Eilat,+Israel!3m6!1s0x150071e547728209:0x7ac662715efe23de!8m2!3d29.551571!4d34.962708!15sCiBUaGVhdGVyIGluIE1hcmluYSwgRWlsYXQsIElzcmFlbFogIh50aGVhdGVyIGluIG1hcmluYSBlaWxhdCBpc3JhZWySAQ90aGVhdGVyX2NvbXBhbnmaASRDaGREU1VoTk1HOW5TMFZKUTBGblNVUkNPVXhVVW1kblJSQULgAQD6AQQIABBC!16s%2Fg%2F1vfpt2pc?hl=en&entry=ttu&g_ep=EgoyMDI2MDExMy4wIKXMDSoASAFQAw%3D%3D",Entertainment-Activities-Theater,Entertainment-Activities,Theater,Theater,4.7,10,"Definitely a must, beautiful,  colorful, sometimes funny, Vegas/ cirque du soleil quality show, and I've seen a bunch. Family friendly, tickets are very reasonably priced considering the quality of the show. ( paid about $40?) || I remember the time When the show was a part of the things to do in a hotel. I guess they made it a show of it's own.. So if you come with normal expectations it's. A great show . I had fun the others seem to have fun A small theater I was in the first row like I like it ...I'd recommended it. Not expensive and a nice way to pass the evening || Love the WOW show. I go every year, and I get the WOW effect each time. Highly recommended. || We was in the ""Wow"" show it was crazy and very beautiful, a lot of acrobatics and crazy dancers also The decor is perfect, as are all the clothes the dancers wore... A fascinating show, highly recommended even for small children, great entertainment. || The show is just WOW! Great for everyone! Lots of acrobatic stunts. Always a full house. Highly recommend it for some amazing family fun and great vibes! || Its a great show. It is really amazing. After each scene weshouted wow. Best to sit row 5 in the middle. Highly recommended. || WOW is so amazing that everybody is stunt by the performance. Is mainly composed of acrobatic parts and comedy and is highly recommended. || The wow splash 2 show was excellent and well worth the price. The theater itself was basic but comfortable for the 90 min show. || A great show in Eilat ! A must see in family || Fantastic show, so entertaining. Fun for all the family and nice discount for Isrotel hotel guests.",29.551571,34.962708
Eilat City Museum,"https://www.google.com/maps/place/Eilat+City+Museum/@29.5581,34.9482,14z/data=!4m10!1m2!2m1!1sKids+museum+in+Coral+Beach,+Eilat,+Israel!3m6!1s0x150071f7a26ec61d:0x9273d205e00c1045!8m2!3d29.551741!4d34.95296!15sCilLaWRzIG11c2V1bSBpbiBDb3JhbCBCZWFjaCwgRWlsYXQsIElzcmFlbFopIidraWRzIG11c2V1bSBpbiBjb3JhbCBiZWFjaCBlaWxhdCBpc3JhZWySAQ5oaXN0b3J5X211c2V1bZoBJENoZERTVWhOTUc5blMwVkpRMEZuU1VOQ2VIWXRObk5CUlJBQuABAPoBBQjuARBE!16s%2Fg%2F12636fnb6?hl=en&entry=ttu&g_ep=EgoyMDI2MDExMy4wIKXMDSoASAFQAw%3D%3D",Family-Kids-Entertainment,Family-Kids,Entertainment,Kids museum,4.4,10,"Small, nice. Very interesting to see how this city was developed during this years. One hour, may be one a half 😊 + film. Art gallery is closed for renovations. Good place to visit with children. Recommend it, almost free (very low price) … || Small museum in city center of Eilat. Low entrance price, so conform size of the exhibition. Friendly reception and you receive a city passport with your ticket. || It's a small museum One and 2 place are good Just go and watch … || It's an interesting museum to learn about the city history. Eilat is also mentioned in the Bible. Special thanks to Simona from the museum. || Quite informative and succinct for a museum of a small town that Eilat is. Good opening hours until 9pm. Quite a lot of the exhibits (but not only!) are historical photos, however, that does not make the museum dull - quite the opposite. Good and well curated, interesting selection, you learn quite a lot. 4.5* || An excellent museum represents the history and environment of Eilat and its area. Entry fee is really cheap, it's worth visiting! || Lovely pictures and rock samples. Well laid out. 1 hour visit and open till 21:45. || Small museum with lovely collection of artifacts from Eilat's history. Spare 30-60 minutes. || Great places to find out about the history of Eilat. Should only take you 30 - 40 minutes. || Great films about a variety of subjects and events in the city's history.   Well worth a visit!",29.551741,34.95296
Underwater Observatory Park,"https://www.google.com/maps/place/Underwater+Observatory+Park/@29.5581,34.9482,14z/data=!4m10!1m2!2m1!1sKids+museum+in+Coral+Beach,+Eilat,+Israel!3m6!1s0x150071f58d9bcb7d:0x1e108dfe2565a60c!8m2!3d29.5037774!4d34.9177235!15sCilLaWRzIG11c2V1bSBpbiBDb3JhbCBCZWFjaCwgRWlsYXQsIElzcmFlbFopIidraWRzIG11c2V1bSBpbiBjb3JhbCBiZWFjaCBlaWxhdCBpc3JhZWySAQhhcXVhcml1bZoBJENoZERTVWhOTUc5blMwVkpRMEZuU1VSU2RDMHRXbXRuUlJBQuABAPoBBAgSEDY!16s%2Fm%2F0130h1vm?hl=en&entry=ttu&g_ep=EgoyMDI2MDExMy4wIKXMDSoASAFQAw%3D%3D",Family-Kids-Entertainment,Family-Kids,Entertainment,Kids museum,4.5,10,"A real fun place for kids, but also for the sea animal lovers. We had a guided tour and it was perfect and well explained. I enjoyed every bit of it. I would have enjoyed more if the glasses were a bit cleaner. Nevertheless, it was fun. PS: The 3D movie was cherry on the top || Would spend there all day. An established place, but it keeps renovating all the time. The shark aquarium is so relaxing and exiting at the same time! The underwater observatory facility is a must. Note- a single ticket is good for a couple of days, so if you want to visit more than once (and you should) plan accordingly. || It is very expensive. The tanks are too small for the large number of fish and turtles. In addition, the glass on the tanks is dirty everywhere, making it difficult to see properly. This needs to be cleaned urgently. The grounds are small overall and half of the attractions consist of films. It is not a must-see. || Good for little kids, probably less for older ones.  The place is trying hard to remain relevant. The underwater observetory is a little old and not really that impressive anymore. However you also get an impressive shark pool and some stingray and sea turtles exhibits. The 3d movie was impressive (but short. 18 min total).  I've certainly been to better aquariums, but this is decent and good for kids. || Wonderful. From walking through the lively coral reef to the 3D cinema which is unlike any other I have witnessed. The screen goes above the head so that it can be protected from any point in the room and looks like the whole is above you. This place is a must see for young and old. It is a beautifully maintained park, with a big variety of coral. The underwater observatory is absolutely amazing. The water of the red see is also accommodating the coral beautifully. The aqua dome is also an experience like none other. The whole is turned into a 3D video and it literally feels like you are under the ocean and touching the sea life yourself. Great place to visit, both educational and fun. its really impressive to see all the unique creatures that live in the ocean. dedicate at least several hours to the visit. || This place gets it!  It's all about the service and people.  Incredibly helpful and friendly staff.  Very clean place.  Food was good and fair priced.  The exhibits were all well maintained.  Especially with children, this is a very nice all day activity. || We’ve been to aquariums all over the world and this isn’t the glossiest or the most high tech. But my kids love it and beg to come back every time we are in Eilat. There’s lots of different things to do that keep everyone entertained and you cannot beat seeing fish in their actual habitat. We love this charming little place. The 3-D movie was a huge hit! || What a great chance to sit and watch fish for hours! Between the underwater observatory and the aquarium we were really pleased with the experience.  Go early for quieter viewing without crowds. There was plenty of parking when they first opened. || We spent the whole day, ~7 hours, so there's lots to do there. I won't give it a 5 star since some things definitely need more love. We saw all the exhibits, there's really a good wide variety and selection of sea creatures, most endemic to Eilat. The highlight must be the shark tank, it has multiple viewing windows, plenty of room, probably the nicest tank I've seen. They feed them twice daily - go to the second feeding! (3pm) it far less crowded. There's a tube to walk under the fish and rays, beautiful. There are also turtles and ""rare creatures"" (which we didn't find very ""rare""). The ""deep sea creatures"" exhibit is only videos. The lowest point must be the ""IMAX"", the movie is short, although the 3D effect is cool (kids loved it), but the narration (Heb only) is unintelligible, the content is boring, and they play a ""generic"" 3D flick. The underwater structure is very nice, but many windows are way too high for a 3-4 y/o to see anything without carrying them 💪, still it's very worth the while (climb up to see the overlook). It's a good place to spend a few hours, it doesn't break the bank, and kids will like it. || Great place to visit. Easy to get to by bus from Eilat. You can buy tickets online or at the gate. The exhibits are lovely.. sharks, stingrays, corals, turtles, octopi, fish. Climb the observatory to the top to see great views of the Red Sea.. then go below sea level to view coral and fish. Try and avoid Jewish / school holidays is it gets very busy. The 3D movie was an extra .. it was not so good.",29.5037774,34.9177235
שמורת טבע חוף האלמוגים,"https://www.google.com/maps/place/%D7%A9%D7%9E%D7%95%D7%A8%D7%AA+%D7%98%D7%91%D7%A2+%D7%97%D7%95%D7%A3+%D7%94%D7%90%D7%9C%D7%9E%D7%95%D7%92%D7%99%D7%9D%E2%80%AD/@29.5037774,34.8796147,14z/data=!4m10!1m2!2m1!1sKids+museum+in+Coral+Beach,+Eilat,+Israel!3m6!1s0x150073968d2e34a7:0x6cb026553ae5617f!8m2!3d29.5079458!4d34.9210677!15sCilLaWRzIG11c2V1bSBpbiBDb3JhbCBCZWFjaCwgRWlsYXQsIElzcmFlbFopIidraWRzIG11c2V1bSBpbiBjb3JhbCBiZWFjaCBlaWxhdCBpc3JhZWySAQ9iZWFjaF9wYXZpbGxpb26aAURDaTlEUVVsUlFVTnZaRU5vZEhsalJqbHZUMjA1TWt4VlVrMVZNR2hGVkROc2NFMUVVa3hsU0dzMVlUQk9jVTFGUlJBQuABAPoBBAg-ECY!16s%2Fm%2F0130ml3_?hl=en&entry=ttu&g_ep=EgoyMDI2MDExMy4wIKXMDSoASAFQAw%3D%3D",Family-Kids-Entertainment,Family-Kids,Entertainment,Kids museum,4.6,10,"Very solid beach with beautiful coral reefs. Was super quiet when I went practically empty so was added bonus. Perfect for snorkelling and just general sunbathing. No water sports though. || The world northernmost coral reef, really! Right at your foot steps in eilat, Jordan has none. This beach has the advantage of not being overcrowded and all facilities are here, showers, toilets, bar, and a small nature reserve shop and rental services if you forgot your snorkeling equipment. Note, there are no lifeguard, only park rangers, but there is a space by the beach, in shallow water for poor swimmers Plant to bring some water shoes for the beach side. The reef is accessible via a long pier, and a large staircase leading easily to the water. Then it is the wonders of the red sea! || Although its one of the best places to see corals and fish in Eilat. The site could be a bit more developed. There are not many showers and only one dock to enter the water and relatively small place for swimming. With limited hours of operation and mediocre services this beautiful natural reserve should get an upgrade and the site could invest some of the entrance fee in improvments. || The reserve is well-maintained, clean, and organized, with food shops and equipment rental available. While the price is a bit high compared to free nearby spots, the underwater experience is spectacular- vibrant corals, colorful marine life, and plenty to see.  The area is very accessible, and safety is taken seriously with lifeguards on duty. Showers and restrooms are available and well-kept. Most seating areas are shaded with white canopies, which helps, though it can still get extremely hot in July and August.  Some downsides include ongoing renovations, which limit access to newer sections and make planning a snorkeling route a bit challenging. The designated swimming areas are small and enclosed, but beyond the bridge, there are vast open spaces where you can really explore and see a lot of beautiful marine life.  Overall, it’s more comfortable and enjoyable to snorkel in a well-supervised, maintained area than in unofficial sites, and the beautiful coral and abundant sea creatures make it well worth a visit.  * Pros: Clean and organized, lifeguards on duty, beautiful corals and marine life, showers and restrooms, accessible. * Cons: Entry fee is high compared to free alternatives, renovations limit some areas, enclosed swimming zones can feel small, it can get very hot in summer. || Snorkelling is ok. Nice fish and a bit of coral. If you've been in good reef places, you won't be impressed. But if in Eilat, it's worth a visit but a bit expensive for what it offers. || One of the good beaches in Eilat Clean,  had toilet,  shop,  walk route,  bridge directly to Red see with excitement view of corals, different fish types It's needed some payment,  check possible options before coming there It's better come with your own equipment Pay attention - NO SAFE GUARDS || Our preferred place in Eilat! Every time we are in Eilat we go to this place, the best still and ever.  Actually we were there every day, not a problem as we slept at the Yam Suf Hotel, only a 5 minute walk to there. 1. the beach is incredibly looked after 2. The Reserve guards are watching all the time for trespassers so very little chance something bad could happen to you while swimming 3. and of course the corals and the fish. Yes the coral are less beautiful than in the previous years, the mini tsunami a few years ago did damage the reef, but still they are interesting and the fish are till there and still super beautiful. Don't ""FOMO"" it, would you? || We had a lovely day out here. It was February, so out of season and not too busy. Lots of beautiful sea life up close in enormous tanks. Also, a very nice undersea viewing room and a sub trip if you want. Loads of facilities and other interesting things to see.....  Lovely and we'll worth a visit 😀 … || Amazing place! Make sure you take snorkels!  For 35 shekel, the place offers quite an experience! A long stretch of white sand, beautiful reefs to snorkel and pretty secure! || The most beautiful marine reserve in the world – colorful gardens beneath the sea The reefs of the Gulf of Eilat are the only coral reefs in our country, and among them a wonderful and colorful world of corals, fish and a huge variety of unique creatures can be seen. The Coral Beach Nature Reserve in Eilat allows visitors easy access to the reef, as well as essential beach services, including a shop, showers, toilets, sunshades, deck chairs and sun loungers",29.5079458,34.9210677
Musical Fountain Eilat,"https://www.google.com/maps/place/Musical+Fountain+Eilat/@29.5522367,34.9148646,14z/data=!4m10!1m2!2m1!1sKids+museum+in+Coral+Beach,+Eilat,+Israel!3m6!1s0x150071f7a215b651:0xcf77e56f71f4bf77!8m2!3d29.5522367!4d34.9529734!15sCilLaWRzIG11c2V1bSBpbiBDb3JhbCBCZWFjaCwgRWlsYXQsIElzcmFlbFopIidraWRzIG11c2V1bSBpbiBjb3JhbCBiZWFjaCBlaWxhdCBpc3JhZWySARJ0b3VyaXN0X2F0dHJhY3Rpb26aASRDaGREU1VoTk1HOW5TMFZKUTBGblNVTkNNbVZFY25kblJSQULgAQD6AQQIABAb!16s%2Fg%2F11cjx0qzdg?hl=en&entry=ttu&g_ep=EgoyMDI2MDExMy4wIKXMDSoASAFQAw%3D%3D",Family-Kids-Entertainment,Family-Kids,Entertainment,Kids museum,4.4,10,"Musical Fountain In Eilat very nice and free attraction at night time for all family, especially for kids. Every show is 15 minutes of long and it's beginning at 20:30. It's show of water with led lights around and popular music in Hebrew and English. It's nice entertainment in the area. Anyway if you in Eilat it's a good place to visit and see the musical fountain by yourself, enjoy. || A lovely experience.  It only lasts about 15 minutes,  but it's free. Good music too! || Lights were nice, but music did the job. Come 10 min early and sit on the left corner (looking form the street) There's nothing better to do in eliat after its gets dark. Show last 15 min || Nice musical and lights spectacle. Unexpected in a city where water is so important for survival. I hope the water is reused. It's nice for tourism, because important cities in Europe has one of these. Please put a sign with the schedule of the fountain. It starts at 20:30 and lasts 15 min. || Started with a great vibe of popular music in English and then moved to old Hebrew popular songs. Really missing some classical music in my taste and can use less Hebrew songs. The fountain bearly reacts to the songs (if at all). Still was nice to sit in the air and hear some music in the middle of the town 😬 … || Sprinklers turn into a light and music show a few evenings every week. Free and great for families! || Very nice experience for the kids, the music is nice for the most parts, the sprinklers are pretty coordinated with the music, for those of you that saw these acts in Europe or the US won't be as impressed. But overall very nice place to hand out, the kids were having a great time watching the show, taking pictures with the stone fish or just running around in the grass || Very underwhelming. Lasts about 30 minutes and it’s a mix of American top 40 and Israeli music. The lights were just kind of on....the fountains just kind of went up and down....if you’re in the neighbourhood and need somewhere to sit than I’d say go. But no need to go out of your way. || Amazing show! BUT - the hours on Google ARE NOT RIGHT! (And can't be changed) it's 2 shows (same one, twice), one at 8:30pm and one at 9:30pm in an amazing and big parking next to the Eilat museum. Every show is about 20 minutes, starting with movie themes, international hits and then some if the Israeli classics. Lots of space to sit (grass and ""stairs"") and it's wheelchair eccessible.it's 5 mins walk from the ""Hayam"" shopping center.dont miss it! || The fountain and music is amazing! I just wish that people will be more considerate of others and not go and stand right at the front to take pictures. That means no one who is sitting on the seats can take a clear photo. Those people in the front are in all of the photos.",29.5522367,34.9529734
Dolphin Reef,"https://www.google.com/maps/place/Dolphin+Reef/@29.5522367,34.9148646,14z/data=!4m10!1m2!2m1!1sKids+museum+in+Coral+Beach,+Eilat,+Israel!3m6!1s0x150071f8b8591205:0x627118a57f78ebde!8m2!3d29.5266871!4d34.93626!15sCilLaWRzIG11c2V1bSBpbiBDb3JhbCBCZWFjaCwgRWlsYXQsIElzcmFlbFopIidraWRzIG11c2V1bSBpbiBjb3JhbCBiZWFjaCBlaWxhdCBpc3JhZWySARJ0b3VyaXN0X2F0dHJhY3Rpb26aASNDaFpEU1VoTk1HOW5TMFZKUTBGblNVUjFPQzFVY2xkQkVBReABAPoBBQjkAxBH!16s%2Fg%2F1pxy2_x36?hl=en&entry=ttu&g_ep=EgoyMDI2MDExMy4wIKXMDSoASAFQAw%3D%3D",Family-Kids-Entertainment,Family-Kids,Entertainment,Kids museum,4.6,10,"We came 5 mins after 12pm (and tickets are valid also tomorrow from the morning only! - as explained on the cash desk); spent some half day here late March; sea temperature fresh but still acceptable; not so crowded today; beach service collect beach chairs regularly; easy to find place and take chairs, we enjoy hot and cold sweets with coffee and fresh Mint lemonade. Really tasty; recommended; next time I repeat. || Amazing ! Such an incredible experience ! Staff are also amazing ! Estelle was great called me told me best times to come ! Mayaan was so welcoming and beautiful and IRa was amazing guide ! She was brilliant and supported me on my first dive ! Dolphins are everywhere ❤️❤️ || For the standard entrance fee you can swim at the beach and spend some time on the pier to film and shoot the dolphins (pier closes at 5 pm). Then you have a bar restaurant upstairs in a wonderful place (forbidden under 18 years old). From this place you still can see the dolphins, enjoy the sun and even stay until 11 pm! || Great place. We did snorkeling with the dolphins, it was great to see them in their natural habitat. Our instructor was a very nice and professional lady that took care of everyone’s comfort and made sure everyone is safe and have an amazing time. I was really scared of the depth but thanks to her I could overcome my fear and enjoy the moment. I can’t thank her enough. It’s a place one of a kind and people there are very welcoming. I highly recommend, worth every penny. || I had a great expirience to dive with dolphins..its something amazing..also the place its like heaven..its diferent than other places that i saw in Israel. The relaxing pools inside its something special too. I recommand everyone to visit. || Wonderful location, really worth the detour even though it's located on the other side of Eilat. There's also a bar inside where you can order drinks and bites. Service was great and the food was delicious. A big 5! || Very clean beach and not too crowded. Dolphins seem happy and free. Very good diving guides, and great service. They even offered us a refund for  for one who couldn't make it on time, because they had another person who was interested to dive instead. || Very beautiful dolphin reef. Tourist attraction. We saw 3 dolphins. The food here was delicious, totally recommend! There are also student fares for entry. || Dolphin Reef in Eilat is a natural habitat of Dolphins. We can observe the dolphins 🐬 from the floating bridge provided. The dolphins are very playful and you are allowed to touch them if you wish to.  The security staff watches over the dolphins as well as feeds them.Some snorkeling facility is also there. We visited long back. The Dolphin Reef is open from Monday to Saturday.  Timings: 9 am to 5 pm. We spent some time observing the dolphins.  There is an entry fee. || The most wonderful beach in Eilat. It’s like a completely different world everything beautiful and clean and pleasant. The food at the beach restaurant is great. And to watch the dolphins is certainly a bonus 🐬 …",29.5266871,34.93626
U Coral Beach Club,"https://www.google.com/maps/place/U+Coral+Beach+Club/@29.5522367,34.9148646,14z/data=!4m13!1m2!2m1!1sKids+museum+in+Coral+Beach,+Eilat,+Israel!3m9!1s0x150073be853ecf45:0x440978cb1638aa11!5m2!4m1!1i2!8m2!3d29.5142352!4d34.9237189!15sCilLaWRzIG11c2V1bSBpbiBDb3JhbCBCZWFjaCwgRWlsYXQsIElzcmFlbFopIidraWRzIG11c2V1bSBpbiBjb3JhbCBiZWFjaCBlaWxhdCBpc3JhZWySAQVob3RlbJoBI0NoWkRTVWhOTUc5blMwVkpRMEZuU1VSMWJUVnRjMHRSRUFF4AEA-gEFCKkEEEc!16s%2Fg%2F11b8v9s7vk?hl=en&entry=ttu&g_ep=EgoyMDI2MDExMy4wIKXMDSoASAFQAw%3D%3D",Family-Kids-Entertainment,Family-Kids,Entertainment,Kids museum,4.3,14,"The Best Hotel in Eilat for kids!!!!!! There is no other hotel that will take it from U koral beach. Just bring your kid in the morning to the entertainment crew and your kid will be busy all day - amazing! Yes, it pretty far from the main city, but you have everything in the hotel, even beach nearby. I will come back next year! || Thank you so much for your wonderful review! We’re delighted to hear you enjoyed your stay and we look forward to welcoming you back again soon. 🌞 … || I have visited this resort 4 times over the past 27 years (three times in the past five years) and am always happy to return there. The staff are friendly and attentive, the location is excellent - within walking distance of tennis courts, … || I have stayed at U Coral Beach Club multiple times in the past few years with my wife. Overall, it remains one of the most activity-rich hotels in Eilat, but the standards decline each year and might no longer fully justify the price.  Room cleanliness was disappointing. We were upgraded from a Superior U room (the most basic category) to a balcony room, but the upgrade was not worthwhile. Last time we stayed in the Superior U room, and to me it felt newer, cleaner, and had a much nicer bathroom than the balcony room. The balcony room’s bathroom was very small, with a combined tub/shower and only a half glass partition, so water splashed everywhere. The Superior U bathroom, while shower-only, is more spacious and modern. In the balcony room, the tub felt old and not properly cleaned, there was hair on the bed, the sofa bed was opened without request, and there was no water or welcome package in the room..  I would not recommend staying during a storm. Check the weather! The power went out for about half an hour, and roads into and out of Eilat were closed. Reception handled this well and graciously offered us an additional night at a slightly discounted rate (around 10%), which we declined. Instead, they offered a complimentary dinner pass, which was much appreciated.  The food remains a strong point. Dinner was excellent, with a wide and impressive variety: steaks, asado, pulled beef bao buns, schnitzel, chicken dishes, and more. The variety is consistently very good. Breakfast, however, was underwhelming. Limited selection, poor pastries, mediocre orange juice, and only black and green tea available.  The dairy restaurant is very good, but availability is limited to certain days and requires first-come, first-served sign-up. Arriving early is essential.  Unlimited cocktails are fun, but the bar offering is basic. Mostly straight liquors with fruit juices. The slushies are extremely sweet and artificial. Bartender skill varies significantly, though one bartender managed to make a decent piña colada. Drinks are always served in plastic cups, though glass cups can be requested at the indoor bar.  Snorkel rentals and beach equipment are excellent. However, windsurfing is advertised but never seems to happen. On multiple visits there has always been an excuse. This time we were told the instructor had passed away...  I would go again, mainly because no other hotel in Eilat offers this level of activities and programming. That said, for the price, cleanliness, room quality, and overall standards should be higher. || We had the best weekend ever! The bridge too the beach is amazing,food was more than expected so much verity options in every meal! The view from the room was breathtaking, it was fun n relaxing.. thank you || Thank you so much for your wonderful feedback! We’re delighted to hear that you had such an amazing weekend and enjoyed the easy beach access, the rich variety of food, and the beautiful room view. It’s great to know your stay was both fun and relaxing. We truly appreciate your kind words! || We have been guests of this hotel for the best part of 20 years already from when it was Club Med, sometimes just the 2 of us, at other times with our family of 8 to 10. In general it used to be very good but has progressively badly … || We have been guests of this hotel for at least 20 years, at times the 2 of us only, other times with a family of 8 to 10. In general it’s good, though standards get progressively lower and lower. The beach is no longer private. The quality … || I left something behind, I feel so bad because it was my favourite to play with. It smells a little, but I promise it’s friendly. Don’t forget to feed it. It’s called “Nigel” please shout his name because he’s hard of hearing. He’s shy so could only one person look for him. Thank you. You are all so lovely. I will come back in 2 days please find him 💔 || Thank you so much for your wonderful review! We’re delighted to hear you enjoyed your stay and we look forward to welcoming you back again soon. 🌞 … || Our stay at Club Inn Eilat was a nightmare from start to finish. The room was neglected and filthy, with peeling walls and a constant smell of mold and dampness. The bathroom was covered with mold – absolutely unacceptable for a hotel, more … || For those who want to save on shopping and dining out  -U coral beach is the perfect place.5 meals -breakfast,dinner,coffee and cake,supper,pizza stand at night,free bar from 9 till 00,entertaining programs for grown ups and kids-so no need … || Huge Thanks to U Coral Beach!  We stayed at U Coral Beach and left with the best impression possible—mostly thanks to the incredible and caring staff.  The welcome was warm and professional. The reception team—just amazing! Polite, patient, and genuinely respectful towards guests. Every request was met promptly and with a smile, every question received an immediate answer, as if they were just waiting to assist.  The rooms were clean, tidy, and equipped with everything you need. And if something was missing, we only had to ask,...It was there. The attention to detail was evident at every turn.  A special thank-you to Pnina, who takes care of guests with allergies. Her attitude was exceptional, straight from the heart. Even on our departure day, she made sure we had sweet surprises and everything we needed for the journey.  The hotel runs on an “all-inclusive” basis, and we’d say—“all-inclusive plus”! Delicious, diverse, clean, and always served with courtesy.  We can’t forget to mention the U Eataly restaurant—part of the package, but it felt like a true bonus! The waitstaff—simply outstanding: polite, quick, and making you feel like a VIP. Even if you’re not a huge fan of Italian cuisine, once you taste it here, you’ll fall in love. We had lunch there and couldn’t make it to dinner.  The hotel offers activities for the whole family—kids, adults, evening shows—it’s all just wonderful.  The lobby bar and the pool bar are always available—hot drinks, cold drinks, whatever you need. And the staff—oh, their patience! With kids, and… let’s just say, with some adults too.  We also want to highlight how the management treats the staff. We witnessed a situation with a guest complaint (let’s be honest—every hotel has them), and we were impressed by how professionally and compassionately it was handled. The manager showed respect both to the guest and to the junior staff member, supporting her while politely resolving the issue. It was very impressive.  U Coral Beach, everything was fantastic! Thank you for an amazing vacation. We will definitely come back! || dear guests Thanks for the support on the site, We are happy to know that you enjoyed your stay We were happy to host you and would love to see you again soon welcome Hotel staff",29.5142352,34.9237189
פארק אתגרים Top 94,"https://www.google.com/maps/place/%D7%A4%D7%90%D7%A8%D7%A7+%D7%90%D7%AA%D7%92%D7%A8%D7%99%D7%9D+Top+94%E2%80%AD/@29.6007651,34.9321154,14z/data=!4m10!1m2!2m1!1sKids+museum+in+Coral+Beach,+Eilat,+Israel!3m6!1s0x15006e8afbcb53cd:0x2a572f26e674a236!8m2!3d29.6007651!4d34.9702242!15sCilLaWRzIG11c2V1bSBpbiBDb3JhbCBCZWFjaCwgRWlsYXQsIElzcmFlbFopIidraWRzIG11c2V1bSBpbiBjb3JhbCBiZWFjaCBlaWxhdCBpc3JhZWySARBhbXVzZW1lbnRfY2VudGVymgEjQ2haRFNVaE5NRzluUzBWSlEwRm5UVVJ2ZHpWcGQwOUJFQUXgAQD6AQUIswIQMA!16s%2Fg%2F11c6rwjj1x?hl=en&entry=ttu&g_ep=EgoyMDI2MDExMy4wIKXMDSoASAFQAw%3D%3D",Family-Kids-Entertainment,Family-Kids,Entertainment,Kids museum,4.5,15,"We LOVED this place !! We had fabulous time at top 94. Our first time --but certainly not the last. A must visit to the whole family. My 8 years was hesitant at first but after watching  his 11 years old sister, he  opened up and did it all. Most importantly the place is super clean and the stuff is AMAZING!! An instructor named Almog, was SO patient and knowledgeable and helped us step by step. As well as the Romanian instructor (I think his name is Dimitri? )  who made me overcome a very intense height fear. Super professional and made the visit so fun !!! We will come again to visit this place with every Eilat's visit. We came on a Sunday so not many people,  and minimal lines. I highly recommend this place . || Dear Carine, thank you for your lovely comment. we are glad to read your review and even more to hear your family had a wonderful time. we do hope to have you again at Top94.  Best regards, Top 94 team || The perfect place to spend an amazing time with family. The staff are very serious about safety and extremely welcoming! More than 7 activities for a very low price and with no time limit. We spent the whole afternoon there without worrying about the heat, since the complex is indoors and air-conditioned. The kids had a blast climbing and doing archery! As for my wife and me, we loved the go-karting! I highly recommend TOP94!! || Enough recreation to spend hours and even better yet, the place is big and roomy and every instructor has a smile on his face. || Hello Yuval, thanks for the response and support On behalf of the park staff and guides, we look forward to seeing you again soon at Top 94 Eilat! || Our 3rd visit(yet!). We return every time we arrive to Eilat with kur children since our first visit. Great place for the kids to de-energize and manage their fear of heights. Seems that local climbing enthiusiasts also like the climbing walls || Thank you very much for the kind words and support, we look forward to seeing you again next time. Top 94 Team || Good rock climbing wall but the staff was negligent when putting on my full body harness when doing the activity where you scale a ladder and jump out to grab a bar. When I jumped, the poorly fixed harness stopped my jump before I could reach the bar by pulling back on my neck. That caused four cuts on each neck. The worker would also go on his phone to the side of the platform when he should have been monitoring us. Poor training when you have people jumping from 8 meters up. || Hello Eli,  We are sorry to hear that the harness was not placed comfortably but we have to consider safety requirements. Also, the harness is placed on the pelvis and hips and not on the neck.  Best regards, Top 94 Team || Amazing. A must for families visiting Eilat. More shade is recommend though! Come early while it is very empty. || the place is in the industrial zone, about 10 minutes from the city, there is everything you need to spend time with children of different ages, I was with my son on Friday, there were almost no people || 1 star for safety. I was badly injured. Of course my day was ruined & nobody even had the decency to offer me at least a refund. Otherwise, it's a nice, fun place with nice staff. || An entire building dedicated to climbing and more. Went with 4y & 1y to the little’s zone, which is a 4 levels Gymboree and they had a lot of fun there. The actual zone is 4 levels of net, ball pool, steps, trampoline, slides and omega.  Everything is safe proof and clean  Highly recommend it || It was worth it... Karting and firing... enjoyed to the fullest, they offer zip line, wall climbing, archery and paint ball... || Hey there Mia,  Thank you for your comment. We appreciate your kind words and we’re looking forward to having you again!",29.6007651,34.9702242
Dolphin Square,"https://www.google.com/maps/place/Dolphin+Square/@29.5538344,34.8915016,14z/data=!4m10!1m2!2m1!1sKids+museum+in+Coral+Beach,+Eilat,+Israel!3m6!1s0x15007214b8cf0083:0xccbf498f24ac883e!8m2!3d29.5538344!4d34.9296104!15sCilLaWRzIG11c2V1bSBpbiBDb3JhbCBCZWFjaCwgRWlsYXQsIElzcmFlbFopIidraWRzIG11c2V1bSBpbiBjb3JhbCBiZWFjaCBlaWxhdCBpc3JhZWySAQZtdXNldW2aASNDaFpEU1VoTk1HOW5TMFZKUTBGblNVTXlORjlxWmtSM0VBReABAPoBBAgAED0!16s%2Fg%2F11c534dx5_?hl=en&entry=ttu&g_ep=EgoyMDI2MDExMy4wIKXMDSoASAFQAw%3D%3D",Family-Kids-Entertainment,Family-Kids,Entertainment,Kids museum,4.2,0,,29.5538344,34.9296104
Nightmare Horror Maze,"https://www.google.com/maps/place/Nightmare+Horror+Maze/@29.5538344,34.8915016,14z/data=!4m10!1m2!2m1!1sKids+museum+in+Coral+Beach,+Eilat,+Israel!3m6!1s0x150071f7b41eb6ef:0x9f22de0ae699a329!8m2!3d29.5513032!4d34.9516763!15sCilLaWRzIG11c2V1bSBpbiBDb3JhbCBCZWFjaCwgRWlsYXQsIElzcmFlbFopIidraWRzIG11c2V1bSBpbiBjb3JhbCBiZWFjaCBlaWxhdCBpc3JhZWySARJ0b3VyaXN0X2F0dHJhY3Rpb26aASNDaFpEU1VoTk1HOW5TMFZKUTBGblNVTndkbVpxUWxGbkVBReABAPoBBAghEDY!16s%2Fg%2F1tfn6hgt?hl=en&entry=ttu&g_ep=EgoyMDI2MDExMy4wIKXMDSoASAFQAw%3D%3D",Family-Kids-Entertainment,Family-Kids,Entertainment,Kids museum,4.0,0,,29.5513032,34.9516763
Funtasy - מתחם אטרקציות,"https://www.google.com/maps/place/Funtasy+-+%D7%9E%D7%AA%D7%97%D7%9D+%D7%90%D7%98%D7%A8%D7%A7%D7%A6%D7%99%D7%95%D7%AA%E2%80%AD/@29.5538344,34.8915016,14z/data=!4m10!1m2!2m1!1sKids+museum+in+Coral+Beach,+Eilat,+Israel!3m6!1s0x1500714cda84c575:0xa6d642d8fd67714b!8m2!3d29.554104!4d34.9656096!15sCilLaWRzIG11c2V1bSBpbiBDb3JhbCBCZWFjaCwgRWlsYXQsIElzcmFlbFopIidraWRzIG11c2V1bSBpbiBjb3JhbCBiZWFjaCBlaWxhdCBpc3JhZWySARFyZWNyZWF0aW9uX2NlbnRlcpoBJENoZERTVWhOTUc5blMwVkpRMEZuU1VOYWVTMUVWM1JuUlJBQuABAPoBBQjUAhAt!16s%2Fg%2F11fkc1x__r?hl=en&entry=ttu&g_ep=EgoyMDI2MDExMy4wIKXMDSoASAFQAw%3D%3D",Family-Kids-Entertainment,Family-Kids,Entertainment,Kids museum,4.8,0,,29.554104,34.9656096
Uga Chaga Bakery Eilat,"https://www.google.com/maps/place/Uga+Chaga+Bakery+Eilat/@29.5581,34.9482,14z/data=!4m11!1m3!2m2!1sCafe+with+wifi+in+Hotel+District,+Eilat,+Israel!6e5!3m6!1s0x15007201f53aaaab:0x90355f7ceaa246d4!8m2!3d29.5593147!4d34.9491691!15sCi9DYWZlIHdpdGggd2lmaSBpbiBIb3RlbCBEaXN0cmljdCwgRWlsYXQsIElzcmFlbFovIi1jYWZlIHdpdGggd2lmaSBpbiBob3RlbCBkaXN0cmljdCBlaWxhdCBpc3JhZWySAQtwYXN0cnlfc2hvcJoBI0NoWkRTVWhOTUc5blMwVkpRMEZuU1VOQ2EzSmhjRVpSRUFF4AEA-gEFCOEEEBU!16s%2Fg%2F1tk40p8y?hl=en&entry=ttu&g_ep=EgoyMDI2MDExMy4wIKXMDSoASAFQAw%3D%3D",Work-Remote-Cafes,Work-Remote,Cafes,Cafe with wifi,4.6,10,"Lovely, clean, and a service with a smile.  It's definitely worth a visit and also a variety of cookies, cakes, and sweets . But I came for the coffee and it's well made . Good coffee !! || I came to Eilat to celebrate my partners 70th birthday with his 4 children and grandchildren. I ordered quite a few cakes and cream puffs. Each and every cake was delicious especially the cream puffs that were drowning in cream😋 || Best place in town. 🎂☕️🥐🥪 My family and I are regular guests for almost eight years, tried many...there's  no comparison. Great choice of sweets also for people who have particular dietary restrictions. The pâtisserie is very delicate and well presented and doesn't feel heavy or too sugary on the palate. The Israeli breakfast options are nice, everything is fresh and tasty and a great choice for a late breakfast. Also the quiche...soooo good! Coffee...absolutely the best ❤️ The staff is lovely, they are always very nice, helpful and kind...by now for us it's like family. The cleanest place around too! Recommended 100% 🔥🔥🔥🔥 || Russian speaking waiter declined to take order in russian. Okay, it's not a big deal. After that we switched to english but she messed with the order 3 times in a raw. Awful. Food tastes good, but I visit such places not only for food but for good service too. So, if you looking for good service it's wrong place. || Great coffee and pastry. Cool vibe, friendly and delicious. The Israeli breakfast was fresh , rich and very tasty. Highly recommended || Tasty coffee! Have a variety of milk substitutes.... In my option the place lack of  vegan food choices. Other than that, lovely experience. Along the side the road with intimate vibe. || Good coffee! A variety of cakes and cookies to eat there or to take home. Even vegan and non sugar (for diabetics). And the most important for me... No loud music. One can talk there with the people he's sitting with. || Very professional! Fulfilled my every wish! Thank you one more time! As I heard, the cake was very tasty! See you when I come to Israel!!! 💙 … || Unfortunately I'm talking about my favorite coffee shop. ... Over the past few months something has  changed and the bad service or lack of it made us think twice before going there.. Yesterday we decided to go and have coffee there, at our favorite place .. We ordered our usual cold coffee . Ten minutes later the waitress came and said : "" I'M SORRY BUT WE DON'T HAVE GLASSES FOR THE COFFEE. WOULD YOU LIKE ME TO PUT IT IN A TAKE AWAY --  DISPOSABLE  CUP"" ???     DA-AAAA????? She was quite serious ..though we were in shock ... REALLY???  You don't have glasses for the drinks ??? Is it a proper business or not ?? Are they jocking ?? Go and wash a glass ... Or go and buy a glass ...  steal one if need be 😉 They were in shock when we got up and left..... Maybe we were too demanding.. Difficult customers... Conclusion ; mustn't forget to bring my own cold coffee glass from home next time Disaster. !!! || Very busy, good cakes",29.5593147,34.9491691
Dan Eilat Hotel,"https://www.google.com/maps/place/Dan+Eilat+Hotel/@29.5581,34.9482,14z/data=!4m14!1m3!2m2!1sCafe+with+wifi+in+Hotel+District,+Eilat,+Israel!6e5!3m9!1s0x150071e5bac2e653:0xd4c1042e9199c116!5m2!4m1!1i2!8m2!3d29.5487917!4d34.9652392!15sCi9DYWZlIHdpdGggd2lmaSBpbiBIb3RlbCBEaXN0cmljdCwgRWlsYXQsIElzcmFlbFovIi1jYWZlIHdpdGggd2lmaSBpbiBob3RlbCBkaXN0cmljdCBlaWxhdCBpc3JhZWySAQVob3RlbJoBJENoZERTVWhOTUc5blMwVkpRMEZuU1VRdE9YWXlZVzEzUlJBQuABAPoBBAgAEEM!16s%2Fg%2F11ckkxzj7t?hl=en&entry=ttu&g_ep=EgoyMDI2MDExMy4wIKXMDSoASAFQAw%3D%3D",Work-Remote-Cafes,Work-Remote,Cafes,Cafe with wifi,4.8,15,"The Dan Eilat was wonderful! We had a fantastic time. Our spacious, clean room offered beautiful sea views. The facilities were excellent, including a large, beautiful pool and easy beach access. The staff was incredibly attentive, ensuring our room was refreshed twice daily with fresh towels, water, coffee capsules and more. Great breakfast rounded out a perfect stay! || Dear Guest, Thank you for choosing Dan Eilat Hotel and for taking the time to leave such positive feedback. We are happy that we met your expectations and that you experienced the quality hospitality we are known for. We look forward to welcoming you again soon. Best Regards, Oliel Roni Guest Experience Department  Dan Eilat Hotels || Everything was great, we are vegan and the food was delicious!! Chef Elad helped us with his excellent food, Chef Andre too. Hagit was nice and helpful as always. The room was big and beautiful. The pool was fun. In the check out we met Amira that was so sweet and kind. || Exceptional Hospitality with Room for Operational Improvement.  I recently stayed at Dan Eilat for the first time, and it was a high-standard experience. The hotel’s prime beachfront location, set against the stunning desert mountains, truly elevates the stay.  The Highlights:  The Room: We stayed in a renovated Deluxe Sea View room. The view of the pool and the Red Sea was breathtaking. The room was well-appointed with premium amenities: plush robes, slippers, a Nespresso machine, and thoughtful touches like chocolates and evening towel service.  Dining: The breakfast and dinner buffets were outstanding—rich, diverse, and of the highest quality.  Facilities: Despite it being early January, the heated pools (plus the jacuzzi) were perfect. We also enjoyed the high-end spa (extra charge).  Service: The staff is incredibly professional. The WhatsApp service was responsive and solved every request instantly.  E-Dan Club: Joining the free loyalty club was a smart move—it granted us access to an evening cocktail event and valuable discounts.  Points for Improvement:  Parking Logistics: While the hotel offers free parking, it was consistently full. Being redirected to paid street parking (active until 21:00) is disappointing for a 5-star resort. I strongly suggest the hotel establishes a parking arrangement with the nearby Jumbo lot or other local facilities for guests.  Wayfinding & Signage: The elevator and floor signage is confusing. It’s unclear which floor houses the lobby, restaurant, or pool, with multiple floors marked as ""Lobby."" Clearer UX/signage is needed for a seamless guest experience.  I would definitely return, hoping these small fixes are implemented! || Dear Guest,  Thank you for choosing Dan Eilat Hotel and for taking the time to leave positive feedback.  We are happy that we met your expectations and that you experienced the quality hospitality we are known for.  Best Regards,  Orly Atedgi  Guest Experience Manager Department  Dan Eilat Hotels || All could be perfect — if only the manager wanted to help  The hotel certainly has many advantages, but unfortunately it didn’t fulfill its main role — providing a good night’s rest. We were given a room on a very noisy side, and every morning at 5 a.m. the garbage truck woke us up, followed by other trucks reversing every half hour. When we asked to move to a quieter room (as about two-thirds of the hotel face the quiet side), we were refused due to “full occupancy.” The chance that the hotel was truly 100% full seems close to zero — it felt more like the manager simply didn’t want to help.  Tip: Never accept a room facing the neighboring Herod’s hotel — it’s extremely noisy in the early morning hours. || Dear Guest, Thank you for choosing to stay at Dan Eilat Hotel. We received your feedback. Our goal is the comfort and enjoyment of our guests and we sincerely regret those occasions when this is not achieved. We look forward to hosting you and your family again and we will do our utmost to make your future vacation enjoyable. Best Regards, Liron Saban Guest Experience Department  Dan Eilat Hotels || We have been visiting every year for the past 15 years, and every time we don't want to leave. Wherever you go, everywhere is comfortable and beautiful, including the lobby and the restaurant. The staff are all very nice and friendly: the … || The best hotel in Eilat.|We've been vacationing at this hotel in December for many years now. The Red Sea is beautiful in December. It's the best season. || Everything was just perfect the service the food the pool. I enjoyed every moment thank you so much for the employees who made it even more amazing for us.|I truly recommend to choose them for your next vacation.|Every one always smile and … || Very good hotel. Excellent team and excellent service.|the view is wonderful , the room very clean and comfortable. |we have been in this hotel several times before , and every time wo enjoy again. || Tamar and Amira from reception were an absolutely amazing and super helpful! Very professional and outstanding! Ludmila was an amazing woman and very professional and trustworthy! Dan team has made our wedding one memorable event! Recommended 1000/10! || Dear Guest, Thank you for choosing Dan Eilat Hotel . I was happy to read that you enjoyed the hotel facilities during your recent stay, and we were able to exceed your expectations. Thank you for choosing to praise Tamar, Amira and Ludmila. We hope to see you again on your next vacation. Best Regards, Liron Saban Guest Experience Department  Dan Eilat Hotels || Dan Eilat Hotel exceeds expectations in every way. The entire hotel is impeccably clean — every corner, every facility, and especially the rooms which were spotless, spacious, and extremely comfortable. My wife enjoyed every minute, and our baby was absolutely thrilled with the amazing facilities perfectly designed for kids and families. The staff provided warm, personal, and professional service, always attentive to every detail. Every aspect of the hotel is thoughtfully maintained, offering luxurious amenities and special touches that made our stay exceptional. Without a doubt  this is the best hotel experience we could ask for, and we will happily return again and again. || Dear Guest, Thank you for choosing Dan Eilat Hotel. We appreciate that you took time to send us your positive feedback.  We hope to see you again on your next vacation. Best Regards, Liron Saban Guest Experience Department  Dan Eilat Hotels",29.5487917,34.9652392
COFFEE BAR SCORPION,"https://www.google.com/maps/place/COFFEE+BAR+SCORPION/@29.5581,34.9482,14z/data=!4m11!1m3!2m2!1sCafe+with+wifi+in+Hotel+District,+Eilat,+Israel!6e5!3m6!1s0x150071bf09cd1011:0x3ca85ccebbc7ab0!8m2!3d29.5553563!4d34.9523642!15sCi9DYWZlIHdpdGggd2lmaSBpbiBIb3RlbCBEaXN0cmljdCwgRWlsYXQsIElzcmFlbFovIi1jYWZlIHdpdGggd2lmaSBpbiBob3RlbCBkaXN0cmljdCBlaWxhdCBpc3JhZWySAQtjb2ZmZWVfc2hvcJoBI0NoWkRTVWhOTUc5blMwVkpRMEZuVFVObk5UZ3pPVkZCRUFF4AEA-gEECA4QEQ!16s%2Fg%2F11wtkmc3wx?hl=en&entry=ttu&g_ep=EgoyMDI2MDExMy4wIKXMDSoASAFQAw%3D%3D",Work-Remote-Cafes,Work-Remote,Cafes,Cafe with wifi,5.0,10,"We came in the morning to have a morning coffee and came out with a smile on our faces, the service is amazing, the barista explained to us what options we have, gave us suggestions, gave a back story on the coffee beans and  different flavors. I can say this was the best cup of coffee I've had in a long time. || Tasteful breakfast, excellent coffee, super service 👍🏻 || Woow! The best coffee in Eilat! || Tasty coffee , great service ! || Best service ..  my friends.. tasty coffee and tea and everything yiu must try !! || The only place in the city with European level drinks and service! Would come again definitely! || Excellent place! New, modern, fancy! Great choice for coffee lovers. || Great place nothing like that in Eilat. I will definitely come back || Amazing spot! Highly recommend! || Thank you very much...",29.5553563,34.9523642
Cafe Optimi Eilat,"https://www.google.com/maps/place/Cafe+Optimi+Eilat/@29.5581,34.9482,14z/data=!4m11!1m3!2m2!1sCafe+with+wifi+in+Hotel+District,+Eilat,+Israel!6e5!3m6!1s0x150071f7375aaaab:0x17aeaac544b7f679!8m2!3d29.5506669!4d34.9553761!15sCi9DYWZlIHdpdGggd2lmaSBpbiBIb3RlbCBEaXN0cmljdCwgRWlsYXQsIElzcmFlbFovIi1jYWZlIHdpdGggd2lmaSBpbiBob3RlbCBkaXN0cmljdCBlaWxhdCBpc3JhZWySARJpdGFsaWFuX3Jlc3RhdXJhbnSaASRDaGREU1VoTk1HOW5TMFZKUTBGblNVUm9aM015V1dwM1JSQULgAQD6AQQIKxAW!16s%2Fg%2F1tdrbqp6?hl=en&entry=ttu&g_ep=EgoyMDI2MDExMy4wIKXMDSoASAFQAw%3D%3D",Work-Remote-Cafes,Work-Remote,Cafes,Cafe with wifi,4.3,15,"Caffe Optimi was the perfect place for a very special family celebration, and we couldn’t have chosen better.  We came as a large family gathering, with relatives visiting all the way from Byron Bay, Australia and Boston, USA, to celebrate our son’s Bar Mitzvah — and from the moment we arrived, we felt completely welcomed.  The atmosphere was warm, relaxed, and joyful, exactly what you want for a meaningful family occasion. The food was outstanding: the pizza was absolutely amazing 🤩, fresh, flavorful, and clearly made with care, and the hot chocolate was divine 🤤 — rich, comforting, and unforgettable.  What truly elevated the experience, though, was the people. Our waiter Idan was attentive, kind, and genuinely lovely. And Ofer, the manager, was so friendly, welcoming, and present. You can tell he truly cares about both his guests and his team, and that warmth fills the entire place.  This is what our son had to say, and honestly, it says it all:  “The pizza was amazing 🤩, the hot chocolate was divine 🤤, and the staff was nice. If I could give this place more stars, I would.”  If you’re looking for a café with great food, wonderful service, and a heart big enough to hold special moments and celebrations — Caffe Optimi is it. Highly, highly recommended. 🌟 || Thank you for choosing to stay with us. We appreciate you taking the time to write a positive feedback. Customer satisfaction is our top priority. We look forward to seeing you again. || More suitable for day time probably. Wouldn't recommend choosing to eat on the main promenade, but this place had many vegan options. Salad came without dressing and was kinda depressing, pasta was good (both vegan and non vegan) , one of us ordered a pizza and was satisfied. Not breath-taking but a solid choice if you're spontaneously hungry and have a group with various dietary prefrences. || Service was bad: had to explain what a cold coffee with oat milk is, had to wait 30 mn for a carrot juice. We almost felt we should apologize for refusing the hot coffees we had never ordered. Brunch 78 shekels, we thought, it’s going to be good. But: barely any food, salad vegetables barely chopped no sauce, super basic boiled eggs, vegan omelet as thin as a sheet of paper, vegan cheese totally bland, greasy and overcooked sabir, the rest out of tins except maybe the avocado purée which was basic but fresh. Bread supposedly homemade but then they shouldn’t brag about it. In fact we left half the food, and my husband vomited half an hour later. In short: what a scam. || Thank you for sharing with us! We are sorry that your experience with us was not perfect, and appreciate the opportunity to learn and improve. We would appreciate it if you would contact us by email and let us know at optimiknd@gmail.com so that we can fix it and make sure that this time the experience will be positive and enjoyable. || In a shopping center with great views of the downtown Eilat area and beautiful palm trees. Can get busy during tourist time. Food was ok. Had stuffed mushrooms as appetizer and fish and chips. || We ordered take away, 2 pizzas at the price of over 170 ILS, the pizza itself was fine, tasty. Better than all the other industrial pizzas around. The thing is, for that price I would expect something larger than personal sized pizza. Also, one of the pizzas, the most expensive one, had a huge cheese ball in the middle, making the cutting action pretty impossible. I would reconsider the way of serving that dish || A nice café. I’d definitely recommend the shakshuka—it’s very delicious and comes with fresh bread. The fish and chips, however, felt overpriced with an uneven fish-to-chips ratio, and it didn’t come with any special sauces. The waiters were friendly and attentive, and the dishes arrived quickly. Overall, a great spot for breakfast || Thank you for choosing to stay with us. We appreciate you taking the time to write a positive feedback. Customer satisfaction is our top priority. We look forward to seeing you again. || The staff is really nice and fast with your order. They have French, Hebrew, and English menus and they don't roll your eyes when your wacky family asks for all three. Our waitress (Eden) was very sweet and didn't miss a beat when we ordered in three languages. The food was very good (I had the ""cool salad"" and haloumi always makes me happy). They have gluten free and vegan options as well! Also... They gave us napkins AND water, and if you know the bad service in Israel, you know this is a luxury! || Cafe Optimi is a great spot for basic Italian cuisine. While the menu is somewhat limited—mostly catering to meat lovers—the dishes are rich in authentic Italian flavors. A nice, cozy place to enjoy a satisfying meal. || Thank you for choosing to stay with us. We appreciate you taking the time to write a positive feedback. Customer satisfaction is our top priority. We look forward to seeing you again. || A good option for a date night or a family night out. The prices are reasonable for its extensive menu of starters, pizza, pasta fish dishes, and Get reservations unless you want to wait 30-40 minutes. || Great place, The food was tasty, bus need some slat and lemon... Stuff was great when they came to the table but only after they saw that we need them || Thank you for choosing to stay with us. We appreciate you taking the time to write a positive feedback. Customer satisfaction is our top priority. We look forward to seeing you again.",29.5506669,34.9553761
Café LOBBY at Shoshana קפה לובי שושנה,"https://www.google.com/maps/place/Caf%C3%A9+LOBBY+at+Shoshana+%D7%A7%D7%A4%D7%94+%D7%9C%D7%95%D7%91%D7%99+%D7%A9%D7%95%D7%A9%D7%A0%D7%94%E2%80%AD/@29.5581,34.9482,14z/data=!4m11!1m3!2m2!1sCafe+with+wifi+in+Hotel+District,+Eilat,+Israel!6e5!3m6!1s0x150071deb4ca4877:0x77dde7ec0d078423!8m2!3d29.5590664!4d34.9527774!15sCi9DYWZlIHdpdGggd2lmaSBpbiBIb3RlbCBEaXN0cmljdCwgRWlsYXQsIElzcmFlbFovIi1jYWZlIHdpdGggd2lmaSBpbiBob3RlbCBkaXN0cmljdCBlaWxhdCBpc3JhZWySAQRjYWZlmgEjQ2haRFNVaE5NRzluUzBWSlEwRm5UVU5KYUV0TVlWcFJFQUXgAQD6AQQIFhAT!16s%2Fg%2F11y2fkm86w?hl=en&entry=ttu&g_ep=EgoyMDI2MDExMy4wIKXMDSoASAFQAw%3D%3D",Work-Remote-Cafes,Work-Remote,Cafes,Cafe with wifi,4.7,10,"Really great vibe, decent service, food is made with lots of fresh ingredients, super flavoursome & the helpings are hearty. The only tiny detail is that the menu is only in Hebrew, but google translate takes care of that plus most the wait staff speak very good English. Well worth a visit! || Fantastic spot! The service was warm and attentive, making us feel welcome right from the start. The food and drinks were exceptional—thoughtfully prepared, with incredible attention to detail and flavors that really stood out. The design and atmosphere were just perfect—chic yet inviting, with music that added to the relaxed vibe without overpowering the conversation. Overall, great value for money and an experience I’d definitely recommend! || Probably the best place in Eilat for coffee / breakfast / brunch experience. Fresh morning dishes, great salads and surprisingly good fresh hummus. Cool vibes, attentive service. This is perhaps the only place in Eilat I really look forward returning to... || Came as a couple and had the shared breakfast – it was absolutely delicious. Everything was fresh, well-made, and full of flavor. Perfect way to start the day together. || Best Cappuccino and breakfast in Eilat. We went there twice within 4 hours, it was that good! Keep up the great service and quality!! || Great fresh food for a fair price, amazing ingredients and generous dishes. || The best breakfast we ever had in Eilat, don’t look any further! || Amazing food, very nice personnel, cozy and warm atmosphere. Best wishes to the owners and staff, made us feel lifted up! || We came to have breakfast and the food was excellent with a very good atmosphere. We sat outside in April it was excellent weather || nice option to have breakfast good menu European/middle east(even hummus and jahnun) Good coffee, plesent atmosphere",29.5590664,34.9527774
Kioscafe_eilat,"https://www.google.com/maps/place/Kioscafe_eilat/@29.5581,34.9482,14z/data=!4m11!1m3!2m2!1sCafe+with+wifi+in+Hotel+District,+Eilat,+Israel!6e5!3m6!1s0x1500710045e73961:0xb8977569397ed02!8m2!3d29.5550894!4d34.9541982!15sCi9DYWZlIHdpdGggd2lmaSBpbiBIb3RlbCBEaXN0cmljdCwgRWlsYXQsIElzcmFlbJIBC2NvZmZlZV9zaG9w4AEA!16s%2Fg%2F11x_4kndjm?hl=en&entry=ttu&g_ep=EgoyMDI2MDExMy4wIKXMDSoASAFQAw%3D%3D",Work-Remote-Cafes,Work-Remote,Cafes,Cafe with wifi,5.0,5,"Excellent coffee, excellent price and Maor, the owner, is the manliest man in the country. Highly recommended! || A perfect place to pause for a moment from the noise outside and deliciously delicious || Delicious and fresh place, good service, highly recommended || Maor is a cute guy, great coffee. || Thank you, thank you, thank you.",29.5550894,34.9541982
DESERT & SEA,"https://www.google.com/maps/place/DESERT+%26+SEA/@29.5581,34.9482,14z/data=!4m11!1m3!2m2!1sCafe+with+wifi+in+Hotel+District,+Eilat,+Israel!6e5!3m6!1s0x1500737d5e955d13:0x8dc29ba6a8bc0e0b!8m2!3d29.5536556!4d34.9454345!15sCi9DYWZlIHdpdGggd2lmaSBpbiBIb3RlbCBEaXN0cmljdCwgRWlsYXQsIElzcmFlbFovIi1jYWZlIHdpdGggd2lmaSBpbiBob3RlbCBkaXN0cmljdCBlaWxhdCBpc3JhZWySAQxjb2ZmZWVfc3RvcmWaASNDaFpEU1VoTk1HOW5TMFZKUTBGblNVTlNkelYxWjJKUkVBReABAPoBBAgmEBM!16s%2Fg%2F11p6wxn_89?hl=en&entry=ttu&g_ep=EgoyMDI2MDExMy4wIKXMDSoASAFQAw%3D%3D",Work-Remote-Cafes,Work-Remote,Cafes,Cafe with wifi,4.9,13,"Best espresso in Eilat. I come here every day. Probably the only place to get a legit flat white, good pastries too || Great coffee! You can buy here also their beans - which is the best souvenir (for myself) to bring home 🥰 … || Awesome. The best espresso and cappuccino I had for a long while. A wide variety of teas, coffee beans and equipment. Quiet, clean, beautiful and inviting. If you like coffee, you got to check this place out. || Thank you very much, we are glad you enjoyed. || Very good place Good prices for coffee beans Big menu of coffee drinks possible to buy some coffee equipment || Despite the large number of cafes and restaurants in Eilat, it is very difficult to find some special coffee you are used to, but in Desert&Sea you can find a place to have a good time and your favorite coffee! || The best coffee place in Eilat with great service. If you are a fan of real taste of coffee - it’s the only one place to visit . Beautiful terrace, wonderful music and perfect service♥️♥️♥️ || Best coffee in town, great pastries and lovely service 💖 || owner was very kind and polite i only bought cold chocolate milk and it was delicious and authentic i would highly recommend || Thank you very much, we're glad you enjoyed it. || A passionate-about-coffee place. Very nice, good coffee, lovely owner. || Thank you very much, we are glad you enjoyed. || good coffee, delicious snacks, cheap. highly recommend!!?",29.5536556,34.9454345
Haoman 9- Coffee Confectionery,"https://www.google.com/maps/place/Haoman+9-+Coffee+Confectionery/@29.5581,34.9482,14z/data=!4m11!1m3!2m2!1sCafe+with+wifi+in+Hotel+District,+Eilat,+Israel!6e5!3m6!1s0x15006e03beab67a1:0x1d7ed94aeb5a1e5f!8m2!3d29.5652249!4d34.9578778!15sCi9DYWZlIHdpdGggd2lmaSBpbiBIb3RlbCBEaXN0cmljdCwgRWlsYXQsIElzcmFlbFovIi1jYWZlIHdpdGggd2lmaSBpbiBob3RlbCBkaXN0cmljdCBlaWxhdCBpc3JhZWySAQRjYWZlmgFEQ2k5RFFVbFJRVU52WkVOb2RIbGpSamx2VDJ0emRGVklaRkZpTTJoQ1V6RlNSRk5HWkV4U1ZuQllVVzFzV1Zwc1JSQULgAQD6AQQIchAX!16s%2Fg%2F11f3nm2v0t?hl=en&entry=ttu&g_ep=EgoyMDI2MDExMy4wIKXMDSoASAFQAw%3D%3D",Work-Remote-Cafes,Work-Remote,Cafes,Cafe with wifi,4.6,9,"Great place for a breakfast meal. Staff are very friendly and the food is freshly prepared and reasonably priced. Will definitely return. || Never had breakfast...but it's my first stop of the day ..fresh coffee.... sandwiches...and all kind of early Bird snacks ... Come see for yourself || Great place. Nice sandwiches and cakes all made fresh on the premises. Indoor and outdoor seating area. Good breakfast too. || Food is fresh and delicious as well as affordable. Amazing little gem in the Middle of a busy downtown. || Tasty, fresh bread, fresh orange juice. Very vegan friendly. Great service. || Great place, tasty and cozy atmosphere. || Love this place good service .good cakes and cofee . || Great service and food || A particularly sweet and professional experience 🍰☕ We visited the pastry shop and cafe Hauman 9 in Eilat and left simply enchanted. The amazing sound and the entire amazing team provide warm, courteous service with attention to the smallest details. The pastries and desserts are of a high standard, fresh, creative and insanely delicious, every bite a real pleasure, especially the little fricassee. The atmosphere in the place is pleasant, clean and inviting, and you feel that this is a work of the heart and soul. Highly recommended to anyone looking for good coffee, quality sweets and a genuine smile on the go.",29.5652249,34.9578778
בייקרי קופי מרקט,"https://www.google.com/maps/place/%D7%91%D7%99%D7%99%D7%A7%D7%A8%D7%99+%D7%A7%D7%95%D7%A4%D7%99+%D7%9E%D7%A8%D7%A7%D7%98%E2%80%AD/@29.5581,34.9482,14z/data=!4m11!1m3!2m2!1sCafe+with+wifi+in+Hotel+District,+Eilat,+Israel!6e5!3m6!1s0x1500711f0d56314f:0xe6212c956ac6fac5!8m2!3d29.5581173!4d34.9512384!15sCi9DYWZlIHdpdGggd2lmaSBpbiBIb3RlbCBEaXN0cmljdCwgRWlsYXQsIElzcmFlbFovIi1jYWZlIHdpdGggd2lmaSBpbiBob3RlbCBkaXN0cmljdCBlaWxhdCBpc3JhZWySAQtjb2ZmZWVfc2hvcJoBI0NoWkRTVWhOTUc5blMwVkpRMEZuU1VOWGFEZHRTRTFuRUFF4AEA-gEECDAQEw!16s%2Fg%2F11rgfpmvnv?hl=en&entry=ttu&g_ep=EgoyMDI2MDExMy4wIKXMDSoASAFQAw%3D%3D",Work-Remote-Cafes,Work-Remote,Cafes,Cafe with wifi,4.4,10,"Only good thing about it is they are open fri night and Saturday. || A great little coffee place and bakery! A pleasure to go by, sit and enjoy! || Fantastic place, pastry and coffee first class. Highly recommended. || The cakes and actually all pastry look really really great. Really special. Coffee is good. The almond croissant is big like half a kilo, haha, looks really good. I guess it supposed to be warmed before eating, but I haven't, so the taste was ok, but not great. Maybe my fault. || Great variety of tasty  pastries cakes and sandwiches. Great coffee !  Quick service.  A very good place for a nice break or take away. || Minimarket and bakery. Good solution for coffee in late hours and early morning. According to manager opens at 4:30 || A nice place for a short coffee break before or after your daily shopping, doing in the same place. Personally: it was too strong airconditioning. || Awesome service and really quality, all sweets is made by Alimi and are awesome, coffee one of the best in Eilat also they have store and some basics with normal prices, deserve 5 of 5 || Great street cafe, also a local market so can pick up basic supplies. Barekas fresh and tasty. || Great pastries and very friendly staff. Open on Saturday morning. Good coffee.",29.5581173,34.9512384
ווי לאב קופי אילת We love coffee Eilat,"https://www.google.com/maps/place/%D7%95%D7%95%D7%99+%D7%9C%D7%90%D7%91+%D7%A7%D7%95%D7%A4%D7%99+%D7%90%D7%99%D7%9C%D7%AA+We+love+coffee+Eilat%E2%80%AD/@29.5581,34.9482,14z/data=!4m11!1m3!2m2!1sCafe+with+wifi+in+Hotel+District,+Eilat,+Israel!6e5!3m6!1s0x15007312479bf191:0x76986b328398e957!8m2!3d29.5536335!4d34.9454424!15sCi9DYWZlIHdpdGggd2lmaSBpbiBIb3RlbCBEaXN0cmljdCwgRWlsYXQsIElzcmFlbFovIi1jYWZlIHdpdGggd2lmaSBpbiBob3RlbCBkaXN0cmljdCBlaWxhdCBpc3JhZWySAQxjb2ZmZWVfc3RvcmWaASRDaGREU1VoTk1HOW5TMFZKUTBGblRVUlJiemxJUjNkUlJSQULgAQD6AQQIJhAO!16s%2Fg%2F11sd6lxgdv?hl=en&entry=ttu&g_ep=EgoyMDI2MDExMy4wIKXMDSoASAFQAw%3D%3D",Work-Remote-Cafes,Work-Remote,Cafes,Cafe with wifi,4.8,12,"Best coffee in Israel . I am Italian and can guarantee that their aroma is fantastic. Highly recommend || This is for the best coffee in Eilat. Great service. Atmospheres fantastic and not too crowded || Professional coffee shop, good service, good prices Also you can order their different kinds of coffee , very good coffee prepared by expert || We arrived in the middle of Gal Sharav to an amazing cafe with a kind and professional seller. A variety of infusions and drinks, cold and hot, some familiar and some fresh and unique, highly recommended. The place sells coffee machines and grinders. The location is in the city center, far from the entertainment area and the beach, we will definitely return in the future. There is a seating area at the front of the cafe, without air conditioning. || I called in advance to reserve a coffee machine. They specifically told me that it wasn't necessary. And when I arrived in Eilat, all the machines were already reserved... very disappointing. || Hello Chen, This is Alon, the branch manager. I apologize for the misunderstanding. You were told that there was no need to reserve the machine because we had an order for 10 Profitech Go units. Unfortunately, the order arrived without the machines and only when we inquired why it had not arrived were we told that it was out of stock and would only arrive in two weeks. The employee who treated you did not know this was the case, so he did not fully explain the situation. I would be happy to speak with you on the phone and compensate you for the inconvenience. You can reach me at 077-2062605 or alternatively leave your number here and we will get back to you. || I bought a coffee machine and I received a good service. Explain the machine with great patience. The price is reasonable compared to the center || We arrived at a cafe in the small neighborhood on a recommendation We ordered coffee and pistachio croissants It was excellent We sat outside and it was very hot || Great place, with a large selection of coffee beans and many other good things. And a high level cafe! || Thank you very much for the support. || We bought coffee on the spot, received explanations, asked for tastings, received them, and in the end we also paid for them, haha || Suitable for an early December afternoon For a meeting of friends for excellent coffee 🤎",29.5536335,34.9454424
Bardak Eilat,"https://www.google.com/maps/place/Bardak+Eilat/@29.5581,34.9482,14z/data=!4m11!1m3!2m2!1sCocktail+bar+in+Marina,+Eilat,+Israel!6e5!3m6!1s0x150071fdc7477c83:0xcac55d30ea400994!8m2!3d29.550518!4d34.9523735!15sCiVDb2NrdGFpbCBiYXIgaW4gTWFyaW5hLCBFaWxhdCwgSXNyYWVsWiUiI2NvY2t0YWlsIGJhciBpbiBtYXJpbmEgZWlsYXQgaXNyYWVskgEDYmFymgEkQ2hkRFNVaE5NRzluUzBWSlEwRm5TVU15ZVdaRVIydG5SUkFC4AEA-gEECDgQMg!16s%2Fg%2F1wb447wl?hl=en&entry=ttu&g_ep=EgoyMDI2MDExMy4wIKXMDSoKLDEwMDc5MjA3M0gBUAM%3D",Nightlife-Bars-Cocktail,Nightlife-Bars,Cocktail,Cocktail bar,4.5,0,,29.550518,34.9523735
Messi BAR,"https://www.google.com/maps/place/Messi+BAR/@29.5581,34.9482,14z/data=!4m11!1m3!2m2!1sCocktail+bar+in+Marina,+Eilat,+Israel!6e5!3m6!1s0x150071f7cd0a9b31:0xe77516f31aba2383!8m2!3d29.5511837!4d34.951641!15sCiVDb2NrdGFpbCBiYXIgaW4gTWFyaW5hLCBFaWxhdCwgSXNyYWVsWiUiI2NvY2t0YWlsIGJhciBpbiBtYXJpbmEgZWlsYXQgaXNyYWVskgEDYmFymgEkQ2hkRFNVaE5NRzluUzBWSlEwRm5TVU15TjNCcGIzSkJSUkFC4AEA-gEECB4QJw!16s%2Fg%2F11c1s1bgp8?hl=en&entry=ttu&g_ep=EgoyMDI2MDExMy4wIKXMDSoKLDEwMDc5MjA3M0gBUAM%3D",Nightlife-Bars-Cocktail,Nightlife-Bars,Cocktail,Cocktail bar,4.7,10,"If you are into relatively small,  neighborhood atmosphere,  good music and wide range of drinks,  you would enjoy this one.  I did. Warm welcoming service.  Basic pub food like pizzas and Edamame. No menus I was told,  the waitress is the menu.  She was lovely and took care of us like we were old friends. Many local friends comes here.  Sound is very good, strong but not heartening your ears.  If you are sensitive to smoke it could be challenging but we set in area not so much affected. Decoration gives you the right place atmosphere. I really liked the place. || this is the coolest bar in eilat. and I checked many || Best bar in Eilat to chill!!! Great atmosphere with old school music. Fare prices and great food! You should order the pizza you will not be disappointed! A nice touch is when you order a drink you get unlimited supply of olives and some pretzels! You definitely should try out this bar!!! || I love this bar! It's one of the coolest and we'll hid bars in the city. It's considered a local watering hole for all ages to enjoy. I recommend the pizza if you have the munchies, it's thin crust and absolutely delicious! || The best bar in Eilat! Cool atmosphere, friendly bartenders, great music and drinks...and the pizza is one of the best I have ever had! || You would not find a better place in this side of the galaxy. Great live music (rock !!!) as well as great drinks and people || One of the beast local Bar in Eilat , Mainly local people. Good music , cool atmosphere || great music, nice staff, awesome beer and nothing else needed ;) || Nice place, not too loud. Great music || Awesome place! Probably the best pub in eilat!",29.5511837,34.951641
Three Monkeys,"https://www.google.com/maps/place/Three+Monkeys/@29.5581,34.9482,14z/data=!4m11!1m3!2m2!1sCocktail+bar+in+Marina,+Eilat,+Israel!6e5!3m6!1s0x150071efa43b278b:0xa0520a0727531369!8m2!3d29.5487308!4d34.9636459!15sCiVDb2NrdGFpbCBiYXIgaW4gTWFyaW5hLCBFaWxhdCwgSXNyYWVsWiUiI2NvY2t0YWlsIGJhciBpbiBtYXJpbmEgZWlsYXQgaXNyYWVskgEDcHVimgEjQ2haRFNVaE5NRzluUzBWSlEwRm5TVVF6TURaMmJVMVJFQUXgAQD6AQUImwIQPQ!16s%2Fg%2F1w44hfrv?hl=en&entry=ttu&g_ep=EgoyMDI2MDExMy4wIKXMDSoKLDEwMDc5MjA3M0gBUAM%3D",Nightlife-Bars-Cocktail,Nightlife-Bars,Cocktail,Cocktail bar,4.3,10,"We visited the Three Monkeys Bar in Eilat as a group of eight on a weekday. There weren’t many free seats, but we did manage to get a table. There was a nice live performance, and people were dancing on the floor, creating a fun and lively atmosphere. The place is very loud, so it’s less suitable if you’re just looking to have a conversation. Overall, a good experience — we’ll definitely come back. || We were the first customers to arrive at 8 pm, so the place was empty, but it already had a nice atmosphere. We were told that there would be a live music band on at 10 p.m., and the show started right on time. The band was great, and many people started dancing on the dance floor next to the stage. The audio was not well balanced, so the drums were masking the singing, which was very good. There was a nice selection of beers, but only one option for wine, which was a little disappointing. || A very friendly and professional service.  The barman was very good at preparing the cocktails. The music is nice and the atmosphere is very friendly. They have live music at 10pm each night and it's certainly a great choice for having a cocktail or a beer. || The food and service, by the way, are not amazing. But if you like the 80s, it's worth a visit. There's a band that plays music that makes you happy. Better to come on Friday. || Cool live music but not so amazing Coketails. Prices are at the higher end and yet this is still a landmark in Eilat and always welcomes people to have a good time, party and dance every night. || A really cool pub/dance bar, with live music and nice vibe. It's a good place to have drinks with cool music. Enjoy :) || I love this bar so much! Whenever I'm in Eilat I always try to make it here. There is live music and great drinks. Cheers! || Very nice pub with a good vibes, live music🎸 and songs🕺, fine 🍺 and tasty cocktails🍹. No parking 🤷🏻‍♂️ || One of the famous places of Eilat. Great location. offer a good selection of beers. The main attribute is live music, played mainly by British musicians. You can choose place rather inside or outside, wherever you like. || Sat and ordered 4 beers. After 25 minutes 2 managers came to say it will take a few more minutes.  Left after 35 minutes without getting anything to drink, They totally ruined our night out. Will never go back there and nither should you.",29.5487308,34.9636459
Tuki bar,"https://www.google.com/maps/place/Tuki+bar/@29.5581,34.9482,14z/data=!4m11!1m3!2m2!1sCocktail+bar+in+Marina,+Eilat,+Israel!6e5!3m6!1s0x150071f9a4f75a1b:0x94465e8579fc55ab!8m2!3d29.5551719!4d34.9541625!15sCiVDb2NrdGFpbCBiYXIgaW4gTWFyaW5hLCBFaWxhdCwgSXNyYWVsWiUiI2NvY2t0YWlsIGJhciBpbiBtYXJpbmEgZWlsYXQgaXNyYWVskgEDYmFymgEkQ2hkRFNVaE5NRzluUzBWSlEwRm5UVU52TTNOaWNDMTNSUkFC4AEA-gEECAAQGg!16s%2Fg%2F11bbrh41xb?hl=en&entry=ttu&g_ep=EgoyMDI2MDExMy4wIKXMDSoKLDEwMDc5MjA3M0gBUAM%3D",Nightlife-Bars-Cocktail,Nightlife-Bars,Cocktail,Cocktail bar,4.7,8,"My favourite bar in Eilat. If you want to feel home and experience the true local company- that is the place || We are a couple from Australia, we arrived in Eilat for the first time, we were looking for a nice pub to drink and experience an Israeli atmosphere. We arrived there without any intention, and good that it happened, the pub is magical, the atmosphere is amazing and warm, the owners are lovely, We have never encountered such a family pub that does not stop indulging. It is highly recommended that there is no doubt that in our next visit we are there!! || Quiet cozy place, excellent for having a few drinks with a date.  Not expensive. || A quiet and clean place with a good atmosphere, the owner Gekko, who generously pampers at prices that are affordable for everyone. || Simply magical! The bar has character, atmosphere and a simply amazing welcome from the owners, Jacko and Shoshi, who are a lovely and special couple. The place is a hidden gem that hosts mainly long-time Eilat residents, but not only. A fun place to sit and indulge in quality alcohol and snacks from the heart, have a conversation with the ""regulars"" and leave feeling the best there is! We really really enjoyed ourselves and we will definitely be back again and again! || An amazing place in a local and quiet and calm atmosphere. The perfect place to go out and start the week. Special design, authentic dishes and nibbled generously. We will come back again, my favorite in Eilat! || An old pub.. ""Like the old days"" is located in the Shalom Center in Eilat.. which is also from ""the old days""... regular customers.. the owner is called Jaco.. like the parrot.. a mythical man with his amazing wife who is a cook.. Mazets flow non-stop on the tables.. in addition to the house flavors that are truly delicious.. drinks without nonsense.. the most original.. no cocktails from the north.. hello.. this is Eilat. There are no northerners in Eilat..only gnarled southern Eilatians..tanned..and young people of all ages..there is..""Bring me a whiskey..coke on the side"" which is the best cocktail there is..what is called..mix me a vodka and Red Bull..two types of draft beer without getting involved..and a great atmosphere of the time tunnel..great place..everyone is welcome, even northerners who want a trip through the time tunnel..great people..prices are ridiculous..come on..tell Daniel he sent you..whoever comes..deserves it..and whoever doesn't come..deserves it too..the tradition must be maintained..love you guys..❤❤❤ || An Eilat bar experience with all the heart and soul. Drinks at reasonable prices, food served as an appetizer on the house, delicious, high-quality, inviting and enjoyable. A great corner to sip a glass of wine, beer or coffee.",29.5551719,34.9541625
"שמה שמה, Shama Shama","https://www.google.com/maps/place/%D7%A9%D7%9E%D7%94+%D7%A9%D7%9E%D7%94,+Shama+Shama%E2%80%AD/@29.5581,34.9482,14z/data=!4m11!1m3!2m2!1sCocktail+bar+in+Marina,+Eilat,+Israel!6e5!3m6!1s0x150071f7ce63c19d:0x39fe9372127b77b5!8m2!3d29.5511943!4d34.9518764!15sCiVDb2NrdGFpbCBiYXIgaW4gTWFyaW5hLCBFaWxhdCwgSXNyYWVsWiUiI2NvY2t0YWlsIGJhciBpbiBtYXJpbmEgZWlsYXQgaXNyYWVskgEDYmFymgEjQ2haRFNVaE5NRzluUzBWSlEwRm5TVVJQZVhCRVRFOTNFQUXgAQD6AQQIABAl!16s%2Fg%2F11f40qwfrm?hl=en&entry=ttu&g_ep=EgoyMDI2MDExMy4wIKXMDSoKLDEwMDc5MjA3M0gBUAM%3D",Nightlife-Bars-Cocktail,Nightlife-Bars,Cocktail,Cocktail bar,4.1,12,"We where greeted with the words: ""I'm Sory but you came in the worst night ever. Our taps don't work, the band canceld on the last mint"".we decided to stay. It was a great gin and tonic. Nice atmosphere with good music that allowed us to hear each other. As tour guides the bartender answered our questions about life in Eilat. I will definitely come back next time. || customer service was okay, but there were no menus, music was way too loud, the lighting was terrible (way too dark) and drinks were very overpriced || Sorry for you and this experience. Yes there’s no menus Only special ones for wine bottles etc.. Regular orders as water beer and cocktails are known prices so for Israel Eilat were cheap. our bartenders and waitres are well known with all prices, shame you didn’t ask the price before ordering. And we’re not a club, we’re a bar a real local bar that weekends are crazy mad and middle of the week it’s dark with a band or stage lights sorry that you couldn’t see clear at the dark. || No COVID-19 certificate (green pass) checks, at least for none of my friends and I. || Just wow!! The best pub in eilat! Thanks for a crazy night! || Normal pub Nice vibe A bit over crowded || Good service and nice place to have a beer at night in Eilat || This place has awful treatment. The staff isn't very nice. Not recommended! || Shame for one friend that mixed your shot and she drank yours and you drank hers, your turning our place to a bad one. P.s tell thanks to all of your friends for understanding the situation. ❤️ Hope to see you guys again. :) || A bit expensive but lovely atmosphere || Nice place! Very cool vibes || Exellent homecafe with nightstyle 😉 …",29.5511943,34.9518764
Royal beach lounge,"https://www.google.com/maps/place/Royal+beach+lounge/@29.5581,34.9482,14z/data=!4m11!1m3!2m2!1sCocktail+bar+in+Marina,+Eilat,+Israel!6e5!3m6!1s0x150071b996981e1b:0x64ed814c1bda89b5!8m2!3d29.5489477!4d34.9635961!15sCiVDb2NrdGFpbCBiYXIgaW4gTWFyaW5hLCBFaWxhdCwgSXNyYWVsWiUiI2NvY2t0YWlsIGJhciBpbiBtYXJpbmEgZWlsYXQgaXNyYWVskgEGbG91bmdl4AEA!16s%2Fg%2F11nxc4g74b?hl=en&entry=ttu&g_ep=EgoyMDI2MDExMy4wIKXMDSoKLDEwMDc5MjA3M0gBUAM%3D",Nightlife-Bars-Cocktail,Nightlife-Bars,Cocktail,Cocktail bar,5.0,3,"Barama Lounge Buffet with delicious rotating food Always clean and with a good atmosphere || A 5-star hotel in every sense, rooms with spacious clean showers, towel service immediately as needed. Delicious meals with a huge selection, accompanied by a chef and waiter who immediately clears the table until your plate is bursting with content as you can. Going to the sea and the promenade, which is open until the night, even on weekends. Some of the shops are open. You can order tickets at the reception for all cultural activities in each hotel. It is recommended to take into account the rates for a jacuzzi of 90 NIS or a sauna of 380 NIS per person with advance booking. Option to choose the type of sauna. I recommend checking the ticket type when buying on the website, some of them VIP, including a lounge, a type of restaurant open from 9 am all day for a meal and alcoholic drinks, so entry is only for those over 16. A games room on site with a fee for each game. || Good quality lounge, the food is very tasty and varied. Large variety of cold alcoholic and non-alcoholic drinks Very polite and helpful staff Highly recommended for those staying at the Royal Beach Hotel Eilat",29.5489477,34.9635961
פאב הדובים,"https://www.google.com/maps/place/%D7%A4%D7%90%D7%91+%D7%94%D7%93%D7%95%D7%91%D7%99%D7%9D%E2%80%AD/@29.5581,34.9482,14z/data=!4m11!1m3!2m2!1sCocktail+bar+in+Marina,+Eilat,+Israel!6e5!3m6!1s0x150071f7b6423815:0x391dc42b37d4eae9!8m2!3d29.5511192!4d34.9523816!15sCiVDb2NrdGFpbCBiYXIgaW4gTWFyaW5hLCBFaWxhdCwgSXNyYWVsWiUiI2NvY2t0YWlsIGJhciBpbiBtYXJpbmEgZWlsYXQgaXNyYWVskgEDcHVimgEkQ2hkRFNVaE5NRzluUzBWSlEwRm5TVVJhY0dRdE1YaFJSUkFC4AEA-gEECAAQFA!16s%2Fg%2F11btwr5kq4?hl=en&entry=ttu&g_ep=EgoyMDI2MDExMy4wIKXMDSoKLDEwMDc5MjA3M0gBUAM%3D",Nightlife-Bars-Cocktail,Nightlife-Bars,Cocktail,Cocktail bar,4.2,11,"Good atmosphere, beer for 31ils, hookah for 60ils. Free entry. No Wi-Fi, so you couldn’t even scan the qr code on the tables for the menu. There were only local people in our time. Everyone was leaving after 12:00pm 😂. … || I'm liking Israel way better now || It's the first time being in a pub, and while overall it's been nice, there are a few nitpicks I would like to share. The service is slow, we had to call the servers ourselves, while they were not exactly the busiest. The atmosphere was exciting, though the music was slightly too loud for my taste, it was alright being there. There is no food service there, only a service for ordering food from the restaurant nearby, right to the table... If it's open... If I had the option, I would have given a 3.6, it's nice there, it has the atmosphere, it's just the details that turned the experience from a great one to an ""alright"" one. || The atmosphere is great, good music, especially good for people who like to dance. The stuff is nice, we sat on the bar and they promised us to move us near the dance floor, we asked them several times but they ignored us, at the end we moved alone and left our table and drinks. Prices of the drinks are acceptable, 30 nis for 0.5 draft beer but the shisha is expensive (60 nis) and they don’t change the coals. || Not the greatest bar of all time but most probably the best bar in Eilat Slow service, but good vibes and fair prices (except for the hard liquor bottles of course). Lacking a bit in the variety of draft beers and cocktails. || Thank you very much for the review, we would love to have you again, Have a home chaser on us at your next meeting with us || Nice place to spend one night in Eilat, the beer is not very expensive and the atmosphere is nice. They placed a big speaker right in front of me and refused to move it a bit, so the second half the night was annoying and I had to sit somewhere else... || Crazy place with people dancing on tables etc. But a lot lot of fun! Absolutely great atmosphere - even for foreigners (yes it took some while before you'll find anyone eager to talk to you in EN but be persistent like always) || Probably the best bar in the city for people in their 20's. The dj's are amazing, the service is fast and very good. Its also located in amazing spot incase you want to go grab a bite and come back. Im there every night im spending in Eilat || Good Pub + shisha bar, easy to get in touch with locals. Drinks are a little expensive and no english menue available, but the staffing is good in speaking english. Good Location for drinking and getting ready to Party. Music is good, but a little too loud If you want to have a conversation with a larger group (4+). Would go there again. || Very loud music!!! Can't hear anything, let alone get on to somthing with the ladie's...(quite hard to start a conversation when your head is explouding) Beers are o.k, nothing too special. Was much better a few years ago, so don't quite know what happend there, but ouvieslly somthing wrong went on... the atmosphire has changed dramatically and not for the good, drank one beer and went away quickly",29.5511192,34.9523816
COFFEE BAR SCORPION,"https://www.google.com/maps/place/COFFEE+BAR+SCORPION/@29.5581,34.9482,14z/data=!4m11!1m3!2m2!1sCocktail+bar+in+Marina,+Eilat,+Israel!6e5!3m6!1s0x150071bf09cd1011:0x3ca85ccebbc7ab0!8m2!3d29.5553563!4d34.9523642!15sCiVDb2NrdGFpbCBiYXIgaW4gTWFyaW5hLCBFaWxhdCwgSXNyYWVsWiUiI2NvY2t0YWlsIGJhciBpbiBtYXJpbmEgZWlsYXQgaXNyYWVskgELY29mZmVlX3Nob3CaASRDaGREU1VoTk1HOW5TMFZKUTBGblNVUjJOMHBVVkhsblJSQULgAQD6AQQIABBC!16s%2Fg%2F11wtkmc3wx?hl=en&entry=ttu&g_ep=EgoyMDI2MDExMy4wIKXMDSoKLDEwMDc5MjA3M0gBUAM%3D",Nightlife-Bars-Cocktail,Nightlife-Bars,Cocktail,Cocktail bar,5.0,10,"We came in the morning to have a morning coffee and came out with a smile on our faces, the service is amazing, the barista explained to us what options we have, gave us suggestions, gave a back story on the coffee beans and  different flavors. I can say this was the best cup of coffee I've had in a long time. || Tasteful breakfast, excellent coffee, super service 👍🏻 || Woow! The best coffee in Eilat! || Tasty coffee , great service ! || Best service ..  my friends.. tasty coffee and tea and everything yiu must try !! || The only place in the city with European level drinks and service! Would come again definitely! || Excellent place! New, modern, fancy! Great choice for coffee lovers. || Great place nothing like that in Eilat. I will definitely come back || Amazing spot! Highly recommend! || Thank you very much...",29.5553563,34.9523642
Drinkin bar,"https://www.google.com/maps/place/Drinkin+bar/@29.5581,34.9482,14z/data=!4m11!1m3!2m2!1sCocktail+bar+in+Marina,+Eilat,+Israel!6e5!3m6!1s0x150071f7b79a708b:0x95ab159a771af03c!8m2!3d29.5511898!4d34.9522902!15sCiVDb2NrdGFpbCBiYXIgaW4gTWFyaW5hLCBFaWxhdCwgSXNyYWVsWiUiI2NvY2t0YWlsIGJhciBpbiBtYXJpbmEgZWlsYXQgaXNyYWVskgEDYmFy4AEA!16s%2Fg%2F11cs6fn5cs?hl=en&entry=ttu&g_ep=EgoyMDI2MDExMy4wIKXMDSoKLDEwMDc5MjA3M0gBUAM%3D",Nightlife-Bars-Cocktail,Nightlife-Bars,Cocktail,Cocktail bar,4.0,8,"Good prices. BUT PAY ATTENTION!!! They added to our bill 2 extra drinks and made us belive we did drink them, but we didn't. So check your bill carefully. || It a nice place to sit an dance the praci are chip || Not a bar to my liking, also it is much more expensive then the other bars near by. || Everyone was great, very good waiters, good service, only in the middle of the evening one of the hostesses told the security guards that my partner ""raised his hand on her"" and they threw him out of the place. (In fact, he didn't raise his hand on anyone). They didn't agree to show on the security cameras where he ""raised his hand on her"" || The bartender and one hostess gave terrible service Besides, all the service providers don't know what it means to give reasonable service || It was a really good experience, good DJ, good drinks and excellent service. || A shell place with a good atmosphere, it's just a shame there's no beer on tap I don't understand pubs that don't have beer on tap Great place, recommended not for beer lovers || My husband and I went, we wanted to order a bottle and pay cash, and the salesman said to give him an ID for a deposit, we said why? We'll pay you the entire amount in cash.. Then he said: If it's not right for you, leave.""",29.5511898,34.9522902
רכטר,"https://www.google.com/maps/place/%D7%A8%D7%9B%D7%98%D7%A8%E2%80%AD/@29.5581,34.9482,14z/data=!4m11!1m3!2m2!1sCocktail+bar+in+Marina,+Eilat,+Israel!6e5!3m6!1s0x1500712fa3222887:0xb50cf8d5b627c24b!8m2!3d29.5550688!4d34.9520734!15sCiVDb2NrdGFpbCBiYXIgaW4gTWFyaW5hLCBFaWxhdCwgSXNyYWVsWiUiI2NvY2t0YWlsIGJhciBpbiBtYXJpbmEgZWlsYXQgaXNyYWVskgEId2luZV9iYXKaAURDaTlEUVVsUlFVTnZaRU5vZEhsalJqbHZUMnMwTlU5Vk9URlJiV3hHWVd4Rk1sVXhiRFJsVld0NFdXMXNiMk14UlJBQuABAPoBBAgAEC0!16s%2Fg%2F11xglg8mjv?hl=en&entry=ttu&g_ep=EgoyMDI2MDExMy4wIKXMDSoKLDEwMDc5MjA3M0gBUAM%3D",Nightlife-Bars-Cocktail,Nightlife-Bars,Cocktail,Cocktail bar,5.0,20,"Best place to have tasty wine, get to know locals and the spirit of great Israeli hospitality. Many thanks again for this wonderful evening! || Thank you very much Jasmine🙏🌸❤️ … || Most stylish place in Eilat, amazing service, only came for a drink after dinner but the food was prepared in front of me and was irresistible!!!!!!Yuval the owner is the nicest person was so warm and welcoming, they let me try different wines and vermouths and I just had the best experience, would recommend everyone to come here for a romantic/ friendly night. Guaranteed. || Thank you very much Shai🙏🌸 … || Quiet, charming wine bar with delicious food. || Thank you very much Rachel 🙏🌸 … || Amazing wine bar with excellent wine options ! A hidden gem 💎 || Thank you very much 🤍 … || A wine bar of a truly exceptional level, not only compared to places in Eilat or the south but throughout the country!! Crazy wines, the food that accompanies them is perfect, the playlist is dreamy, and the atmosphere - I wish we had more places like this in the country! A different level of wine, food, experience and service, don't miss it if you are in Eilat 🌟 and if you are not - come especially! || Thank you very much Avital🙏🌸 … || A really lovely wine bar, a variety of excellent wines The waitress knew how to direct us to the wine that would suit us The owner is really nice and welcoming, fun and cozy atmosphere. The food took a while and the bread arrived cold but they responded to our request with a smile and warmed it up when we asked Highly recommended :) || Thank you very much Einav🙏 … || A special place. Different bottles of wine, the owner explained the different types, and recommended 2 bottles that suited the character of the table. Because we were already after dinner, we tried a dish of bread, bread pudding and brownie. Everything was delicious. The bread is excellent (2 different and excellent types - like the ones from Roitman Bakery - same owner). The brownies are also excellent. The service was a bit easy, but appropriate for a small, neighborhood place. It was enjoyable. || Thank you very much Hanan.. || A cozy, charming place, excellent service and excellent wine. A pleasant evening with friends or as a couple and the host has immense knowledge ❤️ || Thank you very much Tal🙏 … || The magic of a place in the middle of nowhere. A small, unique neighborhood bar with the atmosphere of a bar in a small alley in Europe. Delicious wines and the most cordial service imaginable. From Yuval the hostess, to Nicole the bartender, Roman in the kitchen and Yuval the owner who somehow created this gem of a place that is perfect for a quiet evening away from the noise and hustle and bustle of the city. || Thank you very much Asaf 🙏🙏 … || A magical and cozy place. Cute, gentle staff with excellent service. Delicious food, not burdensome with reasonable prices. The atmosphere of an intimate place like home..highly recommended || Thank you very much Merav🙏 …",29.5550688,34.9520734
מוזיאון הסלפי אילת,"https://www.google.com/maps/place/%D7%9E%D7%95%D7%96%D7%99%D7%90%D7%95%D7%9F+%D7%94%D7%A1%D7%9C%D7%A4%D7%99+%D7%90%D7%99%D7%9C%D7%AA%E2%80%AD/@29.5538344,34.8915016,14z/data=!4m10!1m2!2m1!1sKids+museum+in+Coral+Beach,+Eilat,+Israel!3m6!1s0x150071a626431fa9:0x25b36030912069c1!8m2!3d29.5540873!4d34.9655466!15sCilLaWRzIG11c2V1bSBpbiBDb3JhbCBCZWFjaCwgRWlsYXQsIElzcmFlbJIBBm11c2V1beABAA!16s%2Fg%2F11t0wl7dlr?hl=en&entry=ttu&g_ep=EgoyMDI2MDExMy4wIKXMDSoASAFQAw%3D%3D",Family-Kids-Entertainment,Family-Kids,Entertainment,Kids museum,4.8,0,,29.5540873,34.9655466
Coral World,"https://www.google.com/maps/place/Coral+World/@29.5538344,34.8915016,14z/data=!4m10!1m2!2m1!1sKids+museum+in+Coral+Beach,+Eilat,+Israel!3m6!1s0x150073900a498163:0x41d0c20bf17974d7!8m2!3d29.5037824!4d34.9177305!15sCilLaWRzIG11c2V1bSBpbiBDb3JhbCBCZWFjaCwgRWlsYXQsIElzcmFlbFopIidraWRzIG11c2V1bSBpbiBjb3JhbCBiZWFjaCBlaWxhdCBpc3JhZWySAQ5hcXVhdGljX2NlbnRlcpoBI0NoWkRTVWhOTUc5blMwVkpRMEZuU1VOd016VlhRVWhSRUFF4AEA-gEECAAQQQ!16s%2Fg%2F11d_2nf7tq?hl=en&entry=ttu&g_ep=EgoyMDI2MDExMy4wIKXMDSoASAFQAw%3D%3D",Family-Kids-Entertainment,Family-Kids,Entertainment,Kids museum,4.8,0,,29.5037824,34.9177305
Red Sea view Lookout,"https://www.google.com/maps/place/Red+Sea+view+Lookout/@29.5538344,34.8915016,14z/data=!4m10!1m2!2m1!1sKids+museum+in+Coral+Beach,+Eilat,+Israel!3m6!1s0x150073aec4c226e3:0x432a16a378d9ee60!8m2!3d29.5411944!4d34.9308611!15sCilLaWRzIG11c2V1bSBpbiBDb3JhbCBCZWFjaCwgRWlsYXQsIElzcmFlbFopIidraWRzIG11c2V1bSBpbiBjb3JhbCBiZWFjaCBlaWxhdCBpc3JhZWySAQZtdXNldW2aAURDaTlEUVVsUlFVTnZaRU5vZEhsalJqbHZUMjVvV1ZKcVpFNVlNRmswV1cxa1VtUXdhM1JWUmtZeFVtNW9XRmRGUlJBQuABAPoBBAgAED8!16s%2Fg%2F11h8jg1bhr?hl=en&entry=ttu&g_ep=EgoyMDI2MDExMy4wIKXMDSoASAFQAw%3D%3D",Family-Kids-Entertainment,Family-Kids,Entertainment,Kids museum,4.6,0,,29.5411944,34.9308611
Abu Alrub,"https://www.google.com/maps/place/Abu+Alrub/@29.5538344,34.8915016,14z/data=!4m10!1m2!2m1!1sKids+museum+in+Coral+Beach,+Eilat,+Israel!3m6!1s0x15007153a5ac21f9:0x745e3e6e41570508!8m2!3d29.5276373!4d35.0034693!15sCilLaWRzIG11c2V1bSBpbiBDb3JhbCBCZWFjaCwgRWlsYXQsIElzcmFlbJIBBm11c2V1beABAA!16s%2Fg%2F11h0b6hpm3?hl=en&entry=ttu&g_ep=EgoyMDI2MDExMy4wIKXMDSoASAFQAw%3D%3D",Family-Kids-Entertainment,Family-Kids,Entertainment,Kids museum,4.3,0,,29.5276373,35.0034693
גלריית אמני אילת,"https://www.google.com/maps/place/%D7%92%D7%9C%D7%A8%D7%99%D7%99%D7%AA+%D7%90%D7%9E%D7%A0%D7%99+%D7%90%D7%99%D7%9C%D7%AA%E2%80%AD/@29.5538344,34.8915016,14z/data=!4m10!1m2!2m1!1sKids+museum+in+Coral+Beach,+Eilat,+Israel!3m6!1s0x150071bfa9b6ffc7:0x85c9d93222de83d7!8m2!3d29.5510577!4d34.9525489!15sCilLaWRzIG11c2V1bSBpbiBDb3JhbCBCZWFjaCwgRWlsYXQsIElzcmFlbJIBBm11c2V1beABAA!16s%2Fg%2F11q25s26n1?hl=en&entry=ttu&g_ep=EgoyMDI2MDExMy4wIKXMDSoASAFQAw%3D%3D",Family-Kids-Entertainment,Family-Kids,Entertainment,Kids museum,0.0,0,,29.5510577,34.9525489
מרכז אבן אילת - Eilat Stone Center,"https://www.google.com/maps/place/%D7%9E%D7%A8%D7%9B%D7%96+%D7%90%D7%91%D7%9F+%D7%90%D7%99%D7%9C%D7%AA+-+Eilat+Stone+Center%E2%80%AD/@29.5538344,34.8915016,14z/data=!4m10!1m2!2m1!1sKids+museum+in+Coral+Beach,+Eilat,+Israel!3m6!1s0x15006f3781400741:0x86582e26bcca5815!8m2!3d29.5628967!4d34.9590415!15sCilLaWRzIG11c2V1bSBpbiBDb3JhbCBCZWFjaCwgRWlsYXQsIElzcmFlbFopIidraWRzIG11c2V1bSBpbiBjb3JhbCBiZWFjaCBlaWxhdCBpc3JhZWySAQZtdXNldW2aASRDaGREU1VoTk1HOW5TMFZKUTBGblNVTlhOeTB5Y25WblJSQULgAQD6AQQIABAj!16s%2Fg%2F11j20fdg34?hl=en&entry=ttu&g_ep=EgoyMDI2MDExMy4wIKXMDSoASAFQAw%3D%3D",Family-Kids-Entertainment,Family-Kids,Entertainment,Kids museum,4.4,10,"Many varieties of precious and semi precious stones jewely. Highlight on eilat stone. If you go to the center, you can get a discount on glassbottom boat. They will pick you up from your hotel and take uou to the boat || Commerce aside, the quick tour is nice due to the passionate guide (we went with Nurit). || We were sold a trip to this place by a hotel representative. As the transport and entry to the facility was free of charge, I was fully prepared for the hard sell which we got full force. However, it might have been nice to look around the exhibits and see the jewellery being made as we had been promised and then have the the sales pitch rather than being rushed through the exhibits with no sign of any workshop and then hurried down to the showroom with no time to draw breath. || Julia was simply splendid, and made the selection process quick. The jewelry selection here is excellent, matched only by the warmth and professionalism of the staff. Highly recommended. || I was pleasantly surprised by this store. It's actually very large (easily three times the size of the ice mall Pandora) and carries all kinds of jewelry, not just eilat stone. The pieces are made in house and look quite nice.  The staff was very friendly and helpful despite my coming in right before closing. The prices were fair they did not try to upsell me when I decided what I wanted. || Lovely exhibition of gems and diamonds || Wonderful experience with the kids. Efi was very kind and gave us a great tour. || The place is very big and beutiful. We had a good time here. || The service was the best from Oren and Julia!                 Thank you very much!!! || Over priced bus it's a very big store with a lot oh things",29.5628967,34.9590415
Abraham Eilat אברהם אילת,"https://www.google.com/maps/place/Abraham+Eilat+%D7%90%D7%91%D7%A8%D7%94%D7%9D+%D7%90%D7%99%D7%9C%D7%AA%E2%80%AD/@29.5538344,34.8915016,14z/data=!4m13!1m2!2m1!1sKids+museum+in+Coral+Beach,+Eilat,+Israel!3m9!1s0x150071b242893de5:0x32f0871398b48b68!5m2!4m1!1i2!8m2!3d29.557036!4d34.9548109!15sCilLaWRzIG11c2V1bSBpbiBDb3JhbCBCZWFjaCwgRWlsYXQsIElzcmFlbFopIidraWRzIG11c2V1bSBpbiBjb3JhbCBiZWFjaCBlaWxhdCBpc3JhZWySAQZob3N0ZWyaASRDaGREU1VoTk1HOW5TMFZKUTBGblNVUjRNRmx1U0Y5M1JSQULgAQD6AQQIKhAz!16s%2Fg%2F11p5172dxy?hl=en&entry=ttu&g_ep=EgoyMDI2MDExMy4wIKXMDSoASAFQAw%3D%3D",Family-Kids-Entertainment,Family-Kids,Entertainment,Kids museum,4.6,11,"Overall the hotel provides great value per price. Basic room, with comfortable beds. The water pressure in the shower is good though the shower itself spread the water all around. The service was very good. The staff is kind and customer oriented. They gave us a welcome drink. The breakfast was quite good. Plenty of vegetables, cereals, coffee, eggs, different types of cheese, bread, juice, and more.  The breakfast area is big, noisy but bearable. || Evening arrival. Friendly and patient staff who communicated in writing as I’m deaf. Noticed that designed colorful which look interesting. Breakfast looked good. Great location near stores, fast food, and the bus station, and about a 15-minute walk to the mall and the beach. || Great value for money. Great experience especially from the staff. Lots of little things that made our stay very special - like playing a Disney movie at night for kids and parents in the garden... Giving out blankets and sweeeet tea!  A huge Mantaray hanging statue that ""comes to life at night""  Like i said, attention to little things and an overall feeling of value for money!  Thank you You'll be seeing us again. || The rooms are clean and is a great location but I would suggest not use  room deodorizer with such strong scent or why use at all? Cleaning should be sufficient I wasn't able to sleep got dizzy/headache. If you are scent sensitive you will have an issue. But that would not be a problem for other people || This was a very nice place to spend time in Eilat. I shared a room with some guys I enjoyed meeting. One of them convinced me to try snorkeling, and I’m glad I did. The breakfasts were very good with a lot of variety. 10 minutes to the beach and 3 minutes to the central bus station. The staff was always helpful, especially Donna and Ohrtal. I would enjoy returning. || Excellent location, okay facilities, and an absolutely wonderful team. The staff were incredibly kind, attentive, and made us feel truly welcome. We had a great time- thank you! || Thank you so much for your kind words! We’re delighted to hear that you enjoyed our location and felt welcome by our team. It was a pleasure hosting you, and we hope to see you again soon at Abraham Hostels Eilat! || Good price but they should update the pictures, guys at the reception were very nice, breakfast was cool, it’s close to the central bus station, walking/bus distance from the hotels area and the malls/beaches. Taxis should be cheap and you have massages places around, pharmacies(super pharm), and a really close by new mall (״שבעת הכוכבים״) and also the “Terminal Park” that is to be open real soon and looks amazing. || Just. Wow.  The price  value for money here is insane, ordered directly from their website, got help in no time.  The rooms  ARE super clean, VERY good looking and well designed, using the same vibe of the entire hotel. Lots of towels. Everywhere. Hot water?  110% of the time. Superb. Room cleaners? 24/7, all day long you will find 2-3 cleaners somewhere around the hallway.  The team AMAZING. Very professional, super friendly, young and motivated, very cool. At the reception you will always find a smiling face who would be very happy to help out with anything needed.  The food  Breakfast is way above expectation. Very clean, well seasoned, varieties of salads, cheese, bread, eggs in many forms and on and on. Very, very good.  The vibe  The overall vibe is really young and peaceful and colorful and very chill while maintain a very fun attitude, with snooker table, tennis table, a very nice pool, etc. Fir for kids, families, 24~ guys and up.  We had a karaoke night, a dancing party and happy hours.  Their bar contain many different drinks, food etc.  The location is amazing, in the center of everything.  I will be back!!! || We stayed almost a week, the room was very clean and room service tidied up every day. They had a nice breakfast (sour dough, eggs,pastries, salads and cereal along with coffee and soft drinks) location was great 5 minutes from central bus station and five minutes to some other bus stations (walking) highly recommend the place, staff was very nice || One of our favourite places to stay in when in Eilat. The rooms are nice, and basically have all you'd expect from a well kept hostel. The breakfast is really good. The location is quite comfortable and in a close proximity to public transport.",29.557036,34.9548109
Fradkin Garden,"https://www.google.com/maps/place/Fradkin+Garden/@29.5538344,34.8915016,14z/data=!4m10!1m2!2m1!1sKids+museum+in+Coral+Beach,+Eilat,+Israel!3m6!1s0x15007202f2cc54ad:0x2650e507a92dd5e9!8m2!3d29.5561825!4d34.9492723!15sCilLaWRzIG11c2V1bSBpbiBDb3JhbCBCZWFjaCwgRWlsYXQsIElzcmFlbJIBBHBhcmvgAQA!16s%2Fg%2F11cp7j4r2_?hl=en&entry=ttu&g_ep=EgoyMDI2MDExMy4wIKXMDSoASAFQAw%3D%3D",Family-Kids-Entertainment,Family-Kids,Entertainment,Kids museum,4.3,8,"Nice park, green grass, children activity. In the middle there's a memorial. Visit recommended if looking for a chilled afternoon activity with the kids. || Not too busy, casual park. Fun to spend some time here or walk the dog through the area || nice place. i'm going there with the dog all the time. the dogpark very dirty. :-( || This is my home park and I love it, catch me out there with my dog everyday homie || A dog playground, kids playground, grass and shadow for a picnic, nice place for a family. || Exellent park with a lot of green and attraction for kids 🤗 … || A small park with a playground. You can run around on the grass and play on the playground. There are paths for pedestrians and strollers. The downside is that there are a lot of people with dogs. Children are afraid to run because the dog follows them, and the owner doesn't react. || Summer party and foam in Eilat. At Franklin Park",29.5561825,34.9492723
Royal Beach Eilat,"https://www.google.com/maps/place/Royal+Beach+Eilat/@29.5538344,34.8915016,14z/data=!4m13!1m2!2m1!1sKids+museum+in+Coral+Beach,+Eilat,+Israel!3m9!1s0x15007231949112b9:0x900528f96d8d1e4b!5m2!4m1!1i2!8m2!3d29.549386!4d34.9631416!15sCilLaWRzIG11c2V1bSBpbiBDb3JhbCBCZWFjaCwgRWlsYXQsIElzcmFlbFopIidraWRzIG11c2V1bSBpbiBjb3JhbCBiZWFjaCBlaWxhdCBpc3JhZWySAQVob3RlbJoBI0NoWkRTVWhOTUc5blMwVkpRMEZuU1VNeWJ6WXlaRXhSRUFF4AEA-gEFCO8GECA!16s%2Fg%2F1tkgtjnt?hl=en&entry=ttu&g_ep=EgoyMDI2MDExMy4wIKXMDSoASAFQAw%3D%3D",Family-Kids-Entertainment,Family-Kids,Entertainment,Kids museum,4.5,17,"The Royal Beach Hotel is nice and luxurious. Hotel and rooms design beautifully. Before we arrived we had a phone call from the hotel and they asked me about our preferences and fulfilled all of them. |The room was spotless, with high-end … || Beautiful hotel, but the service is extremely disappointing and not worthy of a five-star rating. The reception staff were unpleasant and unhelpful, and the concierge did nothing beyond giving phone numbers for tour companies instead of assisting with bookings. He also refused to speak to taxi drivers, even though most taxis only accept cash, which made getting around very difficult.  There is no money exchange nearby, and the hotel would only exchange up to £150, which is completely insufficient. The spa experience was also poor — staff were unfriendly, rarely smiled, and did not make us feel welcome or relaxed.  The rooms are very dark(floor 9)especially the bathroom, making it hard to apply makeup. Most disappointing of all was management’s lack of interest in our complaints about the reception rude behaviour, even though we stayed in two VIP rooms. It’s hard to believe this hotel is considered five-star in terms of service.  We will return to Dan Eilat, where we have stayed in the past — a true five-star hotel. || Dear Michal,  Thank you for your detailed feedback. I'm sorry about the unpleasant experience with our reception and concierge staff. I will convey your comments to the hotel management to improve our service. Regarding currency exchange, we'll consider increasing the maximum exchange amount. I apologize for the spa experience and the room lighting, and we will look into improvements. Isrotel strives to provide a high-standard hospitality experience, and I hope you'll consider giving us another chance in the future.  Regards, Dorin || Inconsistent service at best.  10am on Shabbat there's a leaf-blower resonating from the pool deck.  Defective motion sensor(s) in the room result in the power shutting every 15+/- minutes.  Seemingly new, but torn mattress that's split open along its entire length.  There's quite a list that needs address if the Royal Beach Eilat wants to consider itself 5 stars. || Dear Marc,  Thank you for your feedback and for taking the time to write to us. I apologize for the unpleasant experience with the service and facilities. We regret the noise from the leaf blower on Shabbat and will work on improving the timing. Regarding the sensor and bedding, I've forwarded your comments to our maintenance and housekeeping teams to address these issues promptly. Isrotel strives to provide a high-standard hospitality experience, and we appreciate your feedback for improvement. We hope to welcome you again for a better experience.  Regards, Dorin || I had very high expectations for coming to Eilat, especially to this hotel, but unfortunately, my expectations turned into the worst experience of my life, and I honestly don't want to visit Eilat again. Although the view is beautiful, they should pay attention to the small details as well , because they greatly changed my opinion. It's worth noting that I used to come to Eilat regularly and have stayed in most of the hotels there.This hotel has a lot of racism in it especially against arabs, from the beauty side it's a very beautiful hotel, it's location is the best, it has an amazing view-we were on the 8th floor and it was very aesthetic-, and the rooms are very clean and convenient/ but Many of the receptionists at the door, upon seeing that we were Arabs, spoke rudely, almost shouting, and didn't even look at us while speaking, showing a lack of respect even though our faces were familiar because we were constantly going in and out of the hotel. When we moved a little further away, they allowed non-Arabs to pass through without any problem, and even laughed with them ، This bothered me a lot. Regarding the food, it's the same every day, with only a few different dishes, and there's a lack of attention to the dinner menu. The staff in the dining hall are very good and respectful. On my last day at the hotel, specifically after dinner, I felt nauseous and couldn't sleep all night. I returned home in the morning completely dissatisfied , Honestly, after my experience with all the hotels in Eilat and seeing how this hotel's reception staff treated some people—their racism and discrimination—I will never return to Eilat again. I noted this to the receptionist inside the hotel . || Dear Leen Abu Sbitan,  Thank you for taking the time to share your experience with us. I am truly sorry that your stay did not meet your expectations. We take your feedback very seriously, especially regarding the reception staff. We will investigate this matter thoroughly to prevent similar situations in the future. I’m glad you appreciated the beautiful view and cleanliness, and I will convey your compliments to the dining staff. I hope you will consider giving us another chance in the future.  Regards, Dorin || Worst expérience versus Price !!! Anything but luxury experience . So disapppointed. I visit Eilat for 15 years and this Time I really wanted to leave because of that hotel. Staff are hatefull never smiling always saying no, no speak english or hébrew.  We booked the supposed best suit in the hôtel, it was very noisy with a lot of works . At breakfast there are not welcoming at all or helping at all  . I asked for help with my luggages they said no. Spa is terrible, no quality and not nice. The pool guy told me to take my towels and to put in myself in the dirty area to wash( 1000 per night ) . Everything was a joke . Not even mentioning the ranch restaurant which is the most crazy bad experience I had . That hotel is not what it used to be and I am not sure it will ever come back with that management. || Dear B Gab,  Thank you for your feedback. I apologize that your experience did not meet your expectations. Isrotel is known for its high standards, and I'm sorry you did not receive the expected service. I understand that the service, room, and spa did not meet your expectations. We will work on improving our service and pass your comments to the hotel and restaurant staff. It is important to us that every guest receives the best service, and we will strive to enhance the guest experience. I hope you will give us another chance in the future to show you the improvement.  Regards, Dorin || As the saying goes, you get what you pay for — and the Royal Beach Hotel, a flagship in the Isrotel fleet, is no exception. From the moment you walk in, you feel the luxury. The warm welcome and efficient check-in quickly had us on our … || Royal Beach is one of the exclusive hotels of Isrotel.  It does not disappoint.  Rooms are wonderful, from the robes to the empty minibar, and little things like the shower door opening into the shower so the floor doesn't get wet when you … || Ac troubles and no lock on bathroom? This hotel was full of surprises. from arriving with barely no AC in the lobby to no AC in our rooms my family member found that his AC was left at 30 degrees Celsius in his room and when I came into the room I saw there was no lock on bathroom and on top of that a sliding door that is outside the bathroom that can see what’s going on in the bathroom🤯. Who designed these rooms? || Dear bob,  Thank you for taking the time to share your experiences following your recent stay with us. All of your comments have been taken to our attention and brought to the attention of the parties concerned. We hope that despite this we will be given the opportunity to return to host you in the future while we do our utmost to make your vacation enjoyable. Best Regards	 Dorin || One Star. Waste of Money This place is a scam. The photos online are completely misleading. My room was dirty and smelled terrible. The staff were rude and acted like they could not care less about guests. The breakfast was a joke, the pool was closed, and the air conditioning did not work. I paid way too much for what felt like a rundown motel. Do not waste your money here. || Dear Zyad Khan,  Thank you for your feedback. I'm sorry to learn about your disappointing experience. We strive to provide a high standard of hospitality, and I apologize that we fell short. I will relay your comments to management to improve service and cleanliness. Regarding the photos, we will ensure they accurately represent our offerings. We hope you'll give us another chance in the future to show you our improvements.  Regards, Dorin || One of the best hotels in Eilat! Clean, modern with a beautiful pool. We were welcomed with juice and cookies in the lobby. Truly a high class stay! || Dear Alice,   Thank you so much for your wonderful feedback! I'm delighted to know you enjoyed your stay at our hotel in Eilat. It's great to hear you appreciated the cleanliness, modern design, and our beautiful pool. Our team loves welcoming guests with refreshments in the lobby, and I'm glad it added to your experience. We look forward to hosting you again soon.   Regards, Dorin",29.549386,34.9631416
טיולי ג'יפים באילת סול טורס,"https://www.google.com/maps/place/%D7%98%D7%99%D7%95%D7%9C%D7%99+%D7%92'%D7%99%D7%A4%D7%99%D7%9D+%D7%91%D7%90%D7%99%D7%9C%D7%AA+%D7%A1%D7%95%D7%9C+%D7%98%D7%95%D7%A8%D7%A1%E2%80%AD/@29.5538344,34.8915016,14z/data=!4m10!1m2!2m1!1sKids+museum+in+Coral+Beach,+Eilat,+Israel!3m6!1s0x150071f0b04f2193:0x15853899acb8a1af!8m2!3d29.5512131!4d34.9533393!15sCilLaWRzIG11c2V1bSBpbiBDb3JhbCBCZWFjaCwgRWlsYXQsIElzcmFlbFopIidraWRzIG11c2V1bSBpbiBjb3JhbCBiZWFjaCBlaWxhdCBpc3JhZWySAQt0b3VyX2FnZW5jeZoBI0NoWkRTVWhOTUc5blMwVkpRMEZuU1VNdE5FeFlWRVZSRUFF4AEA-gEFCNUBEDg!16s%2Fg%2F1hc37t_45?hl=en&entry=ttu&g_ep=EgoyMDI2MDExMy4wIKXMDSoASAFQAw%3D%3D",Family-Kids-Entertainment,Family-Kids,Entertainment,Kids museum,4.8,17,"I joined a jeep tour in Eilat yesterday and it was one of the highlights of my trip! We drove up into the mountains to watch the sunset with an incredible panoramic view over Egypt, Jordan and Saudi Arabia — absolutely breathtaking.  Our guide Alex was fantastic: very funny, knowledgeable and made the whole experience enjoyable from start to finish. The off-road ride was exciting, we had delicious tea and local bread along the way, and the atmosphere during sunset was unforgettable.  If you’re in Eilat and want to experience something truly special, I can 100% recommend this tour — ask for Alex! 👌 I would definitely do it again! || Very enjoyable morning touring the ancient Timna copper mining park. Our capable guide, Alex, was knowledgeable and informative (and entertaining), leading us through the park in his rugged Land Rover and on foot. Highly recommend this unique experience. || Thank you very much for your kind words. I'm glad you enjoyed the tour and the experience at Timna Park. It was a pleasure guiding you. || Great tour to the red canyon ! Alex is fun knowledgable and makes the trip enjoyable ! He is patient and encouraging to everyone when they were climbing - he allowed me to go ahead a little as he knew I was faster - just really attuned to everyone || We had an amazing tour of the Red Canyon from Eilat with Alex as our guide. He was incredibly knowledgeable, sharing interesting facts and stories about Israel’s history, culture, and nature throughout the trip. His excellent English and clear explanations made everything easy to follow. Alex’s cheerful and friendly personality made the experience even more enjoyable, he kept us engaged and created a fun, welcoming atmosphere. We truly appreciated his insights and enthusiasm. Highly recommended! || Thank you and good luck in your study || It was a very dreamy and exciting tour! We were sitting in the back of the truck and that is super fun ;) Alex is great really funny and speaks all languages. We even got some tea and yummy pita with labane cheese. Very much recommend the tour! Really nice || Thank you so much for your lovely review! We're so happy to hear you enjoyed the tour and had fun riding in the back of the truck — it's definitely part of the adventure! We'll pass your kind words on to Alex — he’ll be thrilled to hear it. And we're glad you liked the tea and pita with labane! You're always welcome back for another journey with us. || Alex was a great guide, and was full of historical and geographical knowledge. The sage tea was wonderful. || Thank you very much for your kind words. I'm glad you enjoyed the tour and the sage tea. It was a pleasure sharing the history and landscapes with you. || We booked a three hours tour and it was great, Alex was very good and the tour was very interesting. Thanks for an amazing adventure. || Thank you for your review. || We had a fantastic tour of the Red Canyon with Alex. He was prompt with pick up, was very charismatic, and his knowledge of the area was incredibly evident. He also knew all the good spots to take pictures, which was very helpful :)  I cannot recommend this tour enough - you won’t be disappointed! || Noa. Thank you very much and good luck. || We were lucky enough to have Alex as our tour guide. His knowledge and insight of the city were easy to follow as we walked our way through The Red Canyon.Alex answered all our questions and even gave a few suggestions on what to do after the tour was over.We would highly recommend this tour and ask for Alex! || Thank you so much! We can’t wait to see you again on your next vacation! || Amazing experience. A jeep ride into the desert on a starry night! Bonus would be if u see wolfs/gazelles! ^_^ Adding some pictures to show you a glimpse of the amazing site.",29.5512131,34.9533393
שמורת טבע חוף האלמוגים,"https://www.google.com/maps/place/%D7%A9%D7%9E%D7%95%D7%A8%D7%AA+%D7%98%D7%91%D7%A2+%D7%97%D7%95%D7%A3+%D7%94%D7%90%D7%9C%D7%9E%D7%95%D7%92%D7%99%D7%9D%E2%80%AD/@29.5581,34.9482,14z/data=!4m11!1m3!2m2!1sPark+in+Coral+Beach,+Eilat,+Israel!6e1!3m6!1s0x150073968d2e34a7:0x6cb026553ae5617f!8m2!3d29.5079458!4d34.9210677!15sCiJQYXJrIGluIENvcmFsIEJlYWNoLCBFaWxhdCwgSXNyYWVsWiIiIHBhcmsgaW4gY29yYWwgYmVhY2ggZWlsYXQgaXNyYWVskgEPYmVhY2hfcGF2aWxsaW9umgEjQ2haRFNVaE5NRzluUzBWSlEwRm5TVVJQT1RjM2RGaG5FQUXgAQD6AQQIABAl!16s%2Fm%2F0130ml3_?hl=en&entry=ttu&g_ep=EgoyMDI2MDExMy4wIKXMDSoKLDEwMDc5MjA2OUgBUAM%3D",Parks-Recreation-Nature,Parks-Recreation,Nature,Park,4.6,10,"Very solid beach with beautiful coral reefs. Was super quiet when I went practically empty so was added bonus. Perfect for snorkelling and just general sunbathing. No water sports though. || The world northernmost coral reef, really! Right at your foot steps in eilat, Jordan has none. This beach has the advantage of not being overcrowded and all facilities are here, showers, toilets, bar, and a small nature reserve shop and rental services if you forgot your snorkeling equipment. Note, there are no lifeguard, only park rangers, but there is a space by the beach, in shallow water for poor swimmers Plant to bring some water shoes for the beach side. The reef is accessible via a long pier, and a large staircase leading easily to the water. Then it is the wonders of the red sea! || Although its one of the best places to see corals and fish in Eilat. The site could be a bit more developed. There are not many showers and only one dock to enter the water and relatively small place for swimming. With limited hours of operation and mediocre services this beautiful natural reserve should get an upgrade and the site could invest some of the entrance fee in improvments. || The reserve is well-maintained, clean, and organized, with food shops and equipment rental available. While the price is a bit high compared to free nearby spots, the underwater experience is spectacular- vibrant corals, colorful marine life, and plenty to see.  The area is very accessible, and safety is taken seriously with lifeguards on duty. Showers and restrooms are available and well-kept. Most seating areas are shaded with white canopies, which helps, though it can still get extremely hot in July and August.  Some downsides include ongoing renovations, which limit access to newer sections and make planning a snorkeling route a bit challenging. The designated swimming areas are small and enclosed, but beyond the bridge, there are vast open spaces where you can really explore and see a lot of beautiful marine life.  Overall, it’s more comfortable and enjoyable to snorkel in a well-supervised, maintained area than in unofficial sites, and the beautiful coral and abundant sea creatures make it well worth a visit.  * Pros: Clean and organized, lifeguards on duty, beautiful corals and marine life, showers and restrooms, accessible. * Cons: Entry fee is high compared to free alternatives, renovations limit some areas, enclosed swimming zones can feel small, it can get very hot in summer. || Snorkelling is ok. Nice fish and a bit of coral. If you've been in good reef places, you won't be impressed. But if in Eilat, it's worth a visit but a bit expensive for what it offers. || One of the good beaches in Eilat Clean,  had toilet,  shop,  walk route,  bridge directly to Red see with excitement view of corals, different fish types It's needed some payment,  check possible options before coming there It's better come with your own equipment Pay attention - NO SAFE GUARDS || Our preferred place in Eilat! Every time we are in Eilat we go to this place, the best still and ever.  Actually we were there every day, not a problem as we slept at the Yam Suf Hotel, only a 5 minute walk to there. 1. the beach is incredibly looked after 2. The Reserve guards are watching all the time for trespassers so very little chance something bad could happen to you while swimming 3. and of course the corals and the fish. Yes the coral are less beautiful than in the previous years, the mini tsunami a few years ago did damage the reef, but still they are interesting and the fish are till there and still super beautiful. Don't ""FOMO"" it, would you? || We had a lovely day out here. It was February, so out of season and not too busy. Lots of beautiful sea life up close in enormous tanks. Also, a very nice undersea viewing room and a sub trip if you want. Loads of facilities and other interesting things to see.....  Lovely and we'll worth a visit 😀 … || Amazing place! Make sure you take snorkels!  For 35 shekel, the place offers quite an experience! A long stretch of white sand, beautiful reefs to snorkel and pretty secure! || The most beautiful marine reserve in the world – colorful gardens beneath the sea The reefs of the Gulf of Eilat are the only coral reefs in our country, and among them a wonderful and colorful world of corals, fish and a huge variety of unique creatures can be seen. The Coral Beach Nature Reserve in Eilat allows visitors easy access to the reef, as well as essential beach services, including a shop, showers, toilets, sunshades, deck chairs and sun loungers",29.5079458,34.9210677
Ofira Park,"https://www.google.com/maps/place/Ofira+Park/@29.552012,34.9190732,14z/data=!4m11!1m3!2m2!1sPark+in+Coral+Beach,+Eilat,+Israel!6e1!3m6!1s0x150071fa72d2c129:0xe68469177982c81!8m2!3d29.552012!4d34.957182!15sCiJQYXJrIGluIENvcmFsIEJlYWNoLCBFaWxhdCwgSXNyYWVsWiIiIHBhcmsgaW4gY29yYWwgYmVhY2ggZWlsYXQgaXNyYWVskgEEcGFya5oBJENoZERTVWhOTUc5blMwVkpRMEZuVFVSSk1rdFVOalpSUlJBQuABAPoBBAgAED0!16s%2Fg%2F11c539sf2y?hl=en&entry=ttu&g_ep=EgoyMDI2MDExMy4wIKXMDSoKLDEwMDc5MjA2OUgBUAM%3D",Parks-Recreation-Nature,Parks-Recreation,Nature,Park,4.2,10,"Nice place for a family walk. The promenade is wide, uniform, partly shaded by date palms. Well lighted at night, monitored by several security cameras. Sided by fashion, sports, cafes, restaurants and convenience stores. There's even a public grand piano, so just sit an play. On the sandside, showers, paths for those not willing to walk on the sand and a dancefloor. || Beautiful place for a family walk or a minute of peace alone. || Full of atmosphere and people walking around || Although a small park, it is very nice and quiet. Also, if you want to get a drink there is a small restaurant & pub establishment located in the center of it. || KSP recently moved here from across the street. Good to know! || Barbis burger dinner the best place in Eilat for fast and excellent food and price || Best place to hide from all the tourist and relax in quiet || Easily missable. Quiet and lovely place. || this park is mostly used as a path to Barbi's restaurant || Good time to have in the nature with the family.",29.552012,34.957182
Underwater Observatory Park,"https://www.google.com/maps/place/Underwater+Observatory+Park/@29.552012,34.9190732,14z/data=!4m11!1m3!2m2!1sPark+in+Coral+Beach,+Eilat,+Israel!6e1!3m6!1s0x150071f58d9bcb7d:0x1e108dfe2565a60c!8m2!3d29.5037774!4d34.9177235!15sCiJQYXJrIGluIENvcmFsIEJlYWNoLCBFaWxhdCwgSXNyYWVsWiIiIHBhcmsgaW4gY29yYWwgYmVhY2ggZWlsYXQgaXNyYWVskgEIYXF1YXJpdW2aASRDaGREU1VoTk1HOW5TMFZKUTBGblNVTlNlVXRoVDNWM1JSQULgAQD6AQUItQEQMw!16s%2Fm%2F0130h1vm?hl=en&entry=ttu&g_ep=EgoyMDI2MDExMy4wIKXMDSoKLDEwMDc5MjA2OUgBUAM%3D",Parks-Recreation-Nature,Parks-Recreation,Nature,Park,4.5,10,"A real fun place for kids, but also for the sea animal lovers. We had a guided tour and it was perfect and well explained. I enjoyed every bit of it. I would have enjoyed more if the glasses were a bit cleaner. Nevertheless, it was fun. PS: The 3D movie was cherry on the top || Would spend there all day. An established place, but it keeps renovating all the time. The shark aquarium is so relaxing and exiting at the same time! The underwater observatory facility is a must. Note- a single ticket is good for a couple of days, so if you want to visit more than once (and you should) plan accordingly. || It is very expensive. The tanks are too small for the large number of fish and turtles. In addition, the glass on the tanks is dirty everywhere, making it difficult to see properly. This needs to be cleaned urgently. The grounds are small overall and half of the attractions consist of films. It is not a must-see. || Good for little kids, probably less for older ones.  The place is trying hard to remain relevant. The underwater observetory is a little old and not really that impressive anymore. However you also get an impressive shark pool and some stingray and sea turtles exhibits. The 3d movie was impressive (but short. 18 min total).  I've certainly been to better aquariums, but this is decent and good for kids. || Wonderful. From walking through the lively coral reef to the 3D cinema which is unlike any other I have witnessed. The screen goes above the head so that it can be protected from any point in the room and looks like the whole is above you. This place is a must see for young and old. It is a beautifully maintained park, with a big variety of coral. The underwater observatory is absolutely amazing. The water of the red see is also accommodating the coral beautifully. The aqua dome is also an experience like none other. The whole is turned into a 3D video and it literally feels like you are under the ocean and touching the sea life yourself. Great place to visit, both educational and fun. its really impressive to see all the unique creatures that live in the ocean. dedicate at least several hours to the visit. || This place gets it!  It's all about the service and people.  Incredibly helpful and friendly staff.  Very clean place.  Food was good and fair priced.  The exhibits were all well maintained.  Especially with children, this is a very nice all day activity. || We’ve been to aquariums all over the world and this isn’t the glossiest or the most high tech. But my kids love it and beg to come back every time we are in Eilat. There’s lots of different things to do that keep everyone entertained and you cannot beat seeing fish in their actual habitat. We love this charming little place. The 3-D movie was a huge hit! || What a great chance to sit and watch fish for hours! Between the underwater observatory and the aquarium we were really pleased with the experience.  Go early for quieter viewing without crowds. There was plenty of parking when they first opened. || We spent the whole day, ~7 hours, so there's lots to do there. I won't give it a 5 star since some things definitely need more love. We saw all the exhibits, there's really a good wide variety and selection of sea creatures, most endemic to Eilat. The highlight must be the shark tank, it has multiple viewing windows, plenty of room, probably the nicest tank I've seen. They feed them twice daily - go to the second feeding! (3pm) it far less crowded. There's a tube to walk under the fish and rays, beautiful. There are also turtles and ""rare creatures"" (which we didn't find very ""rare""). The ""deep sea creatures"" exhibit is only videos. The lowest point must be the ""IMAX"", the movie is short, although the 3D effect is cool (kids loved it), but the narration (Heb only) is unintelligible, the content is boring, and they play a ""generic"" 3D flick. The underwater structure is very nice, but many windows are way too high for a 3-4 y/o to see anything without carrying them 💪, still it's very worth the while (climb up to see the overlook). It's a good place to spend a few hours, it doesn't break the bank, and kids will like it. || Great place to visit. Easy to get to by bus from Eilat. You can buy tickets online or at the gate. The exhibits are lovely.. sharks, stingrays, corals, turtles, octopi, fish. Climb the observatory to the top to see great views of the Red Sea.. then go below sea level to view coral and fish. Try and avoid Jewish / school holidays is it gets very busy. The 3D movie was an extra .. it was not so good.",29.5037774,34.9177235
חוף הכרית אום רשרש,"https://www.google.com/maps/place/%D7%97%D7%95%D7%A3+%D7%94%D7%9B%D7%A8%D7%99%D7%AA+%D7%90%D7%95%D7%9D+%D7%A8%D7%A9%D7%A8%D7%A9%E2%80%AD/@29.5473765,34.9151374,14z/data=!4m11!1m3!2m2!1sPark+in+Coral+Beach,+Eilat,+Israel!6e1!3m6!1s0x150071f5d258a79d:0x4d81413b091c5627!8m2!3d29.5473765!4d34.9532462!15sCiJQYXJrIGluIENvcmFsIEJlYWNoLCBFaWxhdCwgSXNyYWVsWiIiIHBhcmsgaW4gY29yYWwgYmVhY2ggZWlsYXQgaXNyYWVskgEPbmF0dXJlX3ByZXNlcnZlmgFEQ2k5RFFVbFJRVU52WkVOb2RIbGpSamx2VDIxYVJrMUZkRFpYYW1ScllUSjRXVkV3TUhSVlZrWlJZVlZGZW1WWVl4QULgAQD6AQQIABAb!16s%2Fg%2F11dz0q8qbg?hl=en&entry=ttu&g_ep=EgoyMDI2MDExMy4wIKXMDSoKLDEwMDc5MjA2OUgBUAM%3D",Parks-Recreation-Nature,Parks-Recreation,Nature,Park,4.5,9,"My favorite place in Eilat. || Very interesting place, with very interesting creatures. Please just look and don't touch or take creatures out of the water, it might kill them. Ohhh and watch where you are stepping. :) || Good place to see hand made coral reef. Be aware of stone fish! || I think this place is out of service..at least it looked like it. || We were there in the evening for work. The place is nice but they played music at a deafening volume and it was really unpleasant. Other than that, it was a very nice place. You can splash around in the water while sitting on the rocks. || A lovely place to see the variety of animals in the Karit. This is a unique area where the tides dictate special adaptations to the creatures. Mollusks, crabs, fish, chitons and what not. It's all there. Highly recommended for nature lovers who understand the subject. || An amazing stretch of coast - allows for urban nature, an innovative concept that exists in several places in the country that maintains a nature reserve within the urban life of the city of Eilat. Definitely a gem worth a visit, I was there as a guide for the Society for the Protection of Nature and she presented a broad picture and explanations of the marine animals || Beautiful and interesting especially when the sea is low. You can see various marine animals. Recommended! || Nice place.... Quiet and comfortable atmosphere. Anyone who wants to clear their head and relax this is the right place!!!!",29.5473765,34.9532462
Eilat Ornithological Park,"https://www.google.com/maps/place/Eilat+Ornithological+Park/@29.5473765,34.9151374,14z/data=!4m11!1m3!2m2!1sPark+in+Coral+Beach,+Eilat,+Israel!6e1!3m6!1s0x15006e1601f24797:0xc436d649f9235a50!8m2!3d29.572824!4d34.9724385!15sCiJQYXJrIGluIENvcmFsIEJlYWNoLCBFaWxhdCwgSXNyYWVsWiIiIHBhcmsgaW4gY29yYWwgYmVhY2ggZWlsYXQgaXNyYWVskgESYmlyZF93YXRjaGluZ19hcmVhmgEkQ2hkRFNVaE5NRzluUzBWSlEwRm5UVVIzZDBzM1R6QkJSUkFC4AEA-gEECAAQRg!16s%2Fg%2F1tf2pl60?hl=en&entry=ttu&g_ep=EgoyMDI2MDExMy4wIKXMDSoKLDEwMDc5MjA2OUgBUAM%3D",Parks-Recreation-Nature,Parks-Recreation,Nature,Park,4.5,10,"This is a really amazing place to learn about the bird migration through Israel and why it happens. The staff is incredibly knowledgeable and it is certainly worth taking their guided tour. They will only allow guided tours with the Ornithologists who work there so it will always be great. There are many different things to see and hear about so make sure to leave yourself a bit of time. || ONLY INTERESTING WITH A TOUR GUIDE UR EXPERT!! There's simply nothing nothing to see by yourself || Very nice place for wildlife and also very nice park to walk and to enjoy nature. I was in december 2018 which is probably not the best month for wild birds, but I still found a lot of interesting species. I attached some pictures with the birds I found there. || The best place for birding Ng and making new experiences. Professional staff around and many interesting people are coming from around the world. The place is real heaven of birds and attracts birders and just nature lovers from around the world. The place is highly recommended to see. || I recommend driving a car there. We were there 20.02 and we didn't see any interesting birds. I think it's only for people who are interested im birds, nature. Or you have to be when it's season for egzotic birds. The biggest advantage is free entry. || Really nice, clean and welcoming, a bunch of birds,plants and insects. Also have a few mini lakes and rivers. There is a nice short trail with information about the place, plants and birds. Good for kids.  Dogs are welcome on a leash, there are public restrooms and a small souvenir store. || Enjoyed the place soo much and stayed there for along time if you are visiting eilat and you would like to see something unusual and not just going to swim this is the place normally it's free of charge to enter there but if you would like to have a guide you need to pay around 35nis which is fair for a very good guide in English or Hebrew and the money for sure is for researching and I really enjoy it || Interesting and peaceful place. I had no binoculars but still was able to see some nice birds. Worth visiting - entrance is free. || a very nice ""nature"" walk with benches to  sit relax and watch some birds. not many birds (January). but still worth it. free and open all day. || Were there in spring to watch migrating birds. Unfortunatly we had bad wether for photography. But the birds were there",29.572824,34.9724385
Coral Beach,"https://www.google.com/maps/place/Coral+Beach/@29.5473765,34.9151374,14z/data=!4m11!1m3!2m2!1sPark+in+Coral+Beach,+Eilat,+Israel!6e1!3m6!1s0x150073967b537fa3:0xaa0fbd687604bb66!8m2!3d29.5079458!4d34.9210677!15sCiJQYXJrIGluIENvcmFsIEJlYWNoLCBFaWxhdCwgSXNyYWVsWiIiIHBhcmsgaW4gY29yYWwgYmVhY2ggZWlsYXQgaXNyYWVskgEFYmVhY2iaASRDaGREU1VoTk1HOW5TMFZKUTBGblNVTlBNalZmV1hwblJSQULgAQD6AQQIMRAe!16s%2Fg%2F11c53ctzcs?hl=en&entry=ttu&g_ep=EgoyMDI2MDExMy4wIKXMDSoKLDEwMDc5MjA2OUgBUAM%3D",Parks-Recreation-Nature,Parks-Recreation,Nature,Park,4.6,10,"Best suited for snorkeling.  Even if you don't know swimming you can  rent the snorkeling face  equipment and just use it next to the beach to view the amazing corals and beautiful fishes. || You might be able to peek here and there at the reef. Not the entire area is accessible to public. They have a 750m long lane accessible with bridges for swimming, snorkeling and scuba diving (bring your own gear- though they might rent if needed - at least snorkeling). Not really food option but it’s a nice bring your own food stay by the beach kind of place. There is a supermarket across from the road where parking is free and where you can get goodies.  Amenities are sparse but that is fine. || Amazing beach. So fun jumping off the deck! Really gorgeous views and access to marine life. Free beach and they offer lounge chairs and snacks! || Very cool beach, only with rocks and perfect for snorkeling and diving. Location well equipped with bar, umbrellas and deckchairs. || Great beach for snorkeling. Gear rental on site. Picnic tables, shade and food. || Heaven for snorkelling, especially for nervous snorkellers: they have designed a snorkelling 'route' around the reef with a rope you can use for guidance and feeling a bit more secure. The marine life is amazing with huge colourful fish. They rope of the main reef to protect it from damage from selfish tourists, but you can still see it from the edge. Beach has plenty of shade and chairs. All equipment and lockers available. Take your own food  as all you can get here are french fries or frozen pizza they heat up. You can get here by a 5 minute bus from the main area of Eilat. || Very well organized for snorkeling but maybe too much... in the water you can’t really get close to the corals and there are many people at the same place so not so wild as you could expect. || Great experience. Lots of space to sit. The snorkelling was great fun and there were lots and lots of fish. || Good facilities with snorkel hire, locker hire, shower, toilets etc. However, you have to view the coral in a guided lane, which is very restrictive. The coral is better in other places along the coast, but there was a decent variety of fish to see. || It's a place with shower, toilets, diving equipment to rent, shops and more. There public bus lines getting you from any point of Eilat to this Nature Reserve Beach. In Hebrew: חוף האלמוג Hof Halmog. The beach is huge and very clean. Wonderful for sea nature lovers because there you can see all the sea life just getting in the sea. The Red Sea waters are an spectacle for the clear swimming, good temperature and the lack of waves that allow you to see all the amazing under water life. The entrance is not free. You may need to call to know opening hours and entry ticket prices.",29.5079458,34.9210677
Accessibility Park Eilat,"https://www.google.com/maps/place/Accessibility+Park+Eilat/@29.5473765,34.9151374,14z/data=!4m11!1m3!2m2!1sPark+in+Coral+Beach,+Eilat,+Israel!6e1!3m6!1s0x1500736d932b5833:0xd4c30eb29719324b!8m2!3d29.5436777!4d34.9277134!15sCiJQYXJrIGluIENvcmFsIEJlYWNoLCBFaWxhdCwgSXNyYWVsWiIiIHBhcmsgaW4gY29yYWwgYmVhY2ggZWlsYXQgaXNyYWVskgEEcGFya5oBJENoZERTVWhOTUc5blMwVlFabkJ3T1ZCemEySmhVVFYzUlJBQuABAPoBBAgAEBE!16s%2Fg%2F11fmzskvwm?hl=en&entry=ttu&g_ep=EgoyMDI2MDExMy4wIKXMDSoKLDEwMDc5MjA2OUgBUAM%3D",Parks-Recreation-Nature,Parks-Recreation,Nature,Park,4.7,7,"A really nice place suitable for young children. What I liked least was that the park is not fenced. || An interesting park for children, a science park, although not a large area, but nice to spend time in. || Amazing place, great facilities, the only problem is that this is the only park in Eilat that is invested like this, I wish there were more parks and fitness facilities in Eilat || A wonderful park for everyone, especially those with special needs in wheelchairs and more. The park has accessible swings, an accessible ladder, a spinning top, lawns and more. The park is shaded, with benches and water fountains. Free accessible parking, no restrooms on site. || Lovely place, great facilities. Looks clean and well maintained. || Also called ""Science Garden"". Two adjacent gardens, separated by a small field. The first (eastern) garden has quite a few facilities, but mainly for younger children, 4 and under. The Science Garden has unusual facilities such as a helicopter and a moon jump. We were with children aged 4, 7 and 9 on the day of the Omer - for some reason they woke up at 7 am and we had to wait until things opened. Very nice. The shading in the Science Garden itself is less successful, it is better to arrive early in the morning or late in the afternoon. Overall nice and free, not hysterically exciting but the little customers were satisfied || The accessible park, a special place, a park with facilities that allow everyone to experience, innovative facilities adapted and accessible. Most of the day, families, groups of children come, spending hours in pure enjoyment. An amazing park",29.5436777,34.9277134
Park Guy Li,"https://www.google.com/maps/place/Park+Guy+Li/@29.5473765,34.9151374,14z/data=!4m11!1m3!2m2!1sPark+in+Coral+Beach,+Eilat,+Israel!6e1!3m6!1s0x150073fbc89582a9:0x29cb9b9b3503007!8m2!3d29.5449517!4d34.9340176!15sCiJQYXJrIGluIENvcmFsIEJlYWNoLCBFaWxhdCwgSXNyYWVskgEPZWNvbG9naWNhbF9wYXJr4AEA!16s%2Fg%2F11f9wl9vvj?hl=en&entry=ttu&g_ep=EgoyMDI2MDExMy4wIKXMDSoKLDEwMDc5MjA2OUgBUAM%3D",Parks-Recreation-Nature,Parks-Recreation,Nature,Park,4.9,3,A very large and beautiful park. The entire park is grass. There is a playground in the evening. Dog owners can interact with the dogs. There is an adjacent dog park. Beautiful lighting. A basketball court. A clean place with statues and lots of seating. || Beautiful and well-kept park || Excellent meeting place,29.5449517,34.9340176
Dolphin Reef,"https://www.google.com/maps/place/Dolphin+Reef/@29.5473765,34.9151374,14z/data=!4m11!1m3!2m2!1sPark+in+Coral+Beach,+Eilat,+Israel!6e1!3m6!1s0x150071f8b8591205:0x627118a57f78ebde!8m2!3d29.5266871!4d34.93626!15sCiJQYXJrIGluIENvcmFsIEJlYWNoLCBFaWxhdCwgSXNyYWVsWiIiIHBhcmsgaW4gY29yYWwgYmVhY2ggZWlsYXQgaXNyYWVskgESdG91cmlzdF9hdHRyYWN0aW9umgEjQ2haRFNVaE5NRzluUzBWSlEwRm5TVU5vZW1GaVYwRlJFQUXgAQD6AQQIABA9!16s%2Fg%2F1pxy2_x36?hl=en&entry=ttu&g_ep=EgoyMDI2MDExMy4wIKXMDSoKLDEwMDc5MjA2OUgBUAM%3D",Parks-Recreation-Nature,Parks-Recreation,Nature,Park,4.6,10,"We came 5 mins after 12pm (and tickets are valid also tomorrow from the morning only! - as explained on the cash desk); spent some half day here late March; sea temperature fresh but still acceptable; not so crowded today; beach service collect beach chairs regularly; easy to find place and take chairs, we enjoy hot and cold sweets with coffee and fresh Mint lemonade. Really tasty; recommended; next time I repeat. || Amazing ! Such an incredible experience ! Staff are also amazing ! Estelle was great called me told me best times to come ! Mayaan was so welcoming and beautiful and IRa was amazing guide ! She was brilliant and supported me on my first dive ! Dolphins are everywhere ❤️❤️ || For the standard entrance fee you can swim at the beach and spend some time on the pier to film and shoot the dolphins (pier closes at 5 pm). Then you have a bar restaurant upstairs in a wonderful place (forbidden under 18 years old). From this place you still can see the dolphins, enjoy the sun and even stay until 11 pm! || Great place. We did snorkeling with the dolphins, it was great to see them in their natural habitat. Our instructor was a very nice and professional lady that took care of everyone’s comfort and made sure everyone is safe and have an amazing time. I was really scared of the depth but thanks to her I could overcome my fear and enjoy the moment. I can’t thank her enough. It’s a place one of a kind and people there are very welcoming. I highly recommend, worth every penny. || I had a great expirience to dive with dolphins..its something amazing..also the place its like heaven..its diferent than other places that i saw in Israel. The relaxing pools inside its something special too. I recommand everyone to visit. || Wonderful location, really worth the detour even though it's located on the other side of Eilat. There's also a bar inside where you can order drinks and bites. Service was great and the food was delicious. A big 5! || Very clean beach and not too crowded. Dolphins seem happy and free. Very good diving guides, and great service. They even offered us a refund for  for one who couldn't make it on time, because they had another person who was interested to dive instead. || Very beautiful dolphin reef. Tourist attraction. We saw 3 dolphins. The food here was delicious, totally recommend! There are also student fares for entry. || Dolphin Reef in Eilat is a natural habitat of Dolphins. We can observe the dolphins 🐬 from the floating bridge provided. The dolphins are very playful and you are allowed to touch them if you wish to.  The security staff watches over the dolphins as well as feeds them.Some snorkeling facility is also there. We visited long back. The Dolphin Reef is open from Monday to Saturday.  Timings: 9 am to 5 pm. We spent some time observing the dolphins.  There is an entry fee. || The most wonderful beach in Eilat. It’s like a completely different world everything beautiful and clean and pleasant. The food at the beach restaurant is great. And to watch the dolphins is certainly a bonus 🐬 …",29.5266871,34.93626
Gan Nahal HaTsome'ach Park,"https://www.google.com/maps/place/Gan+Nahal+HaTsome'ach+Park/@29.5473765,34.9151374,14z/data=!4m11!1m3!2m2!1sPark+in+Coral+Beach,+Eilat,+Israel!6e1!3m6!1s0x150072075faaaaab:0x58e72249a40455a3!8m2!3d29.5657543!4d34.9439438!15sCiJQYXJrIGluIENvcmFsIEJlYWNoLCBFaWxhdCwgSXNyYWVskgEEcGFya-ABAA!16s%2Fg%2F11x31gyxjg?hl=en&entry=ttu&g_ep=EgoyMDI2MDExMy4wIKXMDSoKLDEwMDc5MjA2OUgBUAM%3D",Parks-Recreation-Nature,Parks-Recreation,Nature,Park,0.0,0,,29.5657543,34.9439438
אילת היוגה,"https://www.google.com/maps/place/%D7%90%D7%99%D7%9C%D7%AA+%D7%94%D7%99%D7%95%D7%92%D7%94%E2%80%AD/@29.5581,34.9482,14z/data=!4m10!1m2!2m1!1sYoga+studio+in+Marina,+Eilat,+Israel!3m6!1s0x1500721a022dcba3:0x4bc2a335346f9f31!8m2!3d29.547039!4d34.951291!15sCiRZb2dhIHN0dWRpbyBpbiBNYXJpbmEsIEVpbGF0LCBJc3JhZWxaJCIieW9nYSBzdHVkaW8gaW4gbWFyaW5hIGVpbGF0IGlzcmFlbJIBC3lvZ2Ffc3R1ZGlvmgEkQ2hkRFNVaE5NRzluUzBWSlEwRm5TVVF0YTNGRE0ydDNSUkFC4AEA-gEECAAQHA!16s%2Fg%2F11hzv4vsnl?hl=en&entry=ttu&g_ep=EgoyMDI2MDExMy4wIKXMDSoKLDEwMDc5MjA3M0gBUAM%3D",Wellness-Fitness-Yoga,Wellness-Fitness,Yoga,Yoga studio,4.7,13,"Super Friendly and professional team, beautiful sunset by the Red Sea, peaceful Mush beach and challenging yoga session. DON’T MISS OUT !! Thank you Yoga Eilat || Thank you very muchhhhhhhhhh Namaste || Non Yogic approach, defiantly would have saved myself the unpleasant communication if I would have known. I send this alert with kindness. || Wonderful teacher and class! I came from out of town and luckily stumbled upon this gem. I experienced a glorious class on the beach... it was such a relaxing, healing experience on all levels, mind body and soul. Thank you! || We brought Eilat Yoga to conduct a yoga workshop for our staff during employee training. The employees enjoyed it very much!! It was very meaningful and they all returned full of energy for the continuation of the training!! || Lider is a professional, sensitive and attentive instructor. Each lesson is a new connection to the soul. || Eilat Yoga Leader is a teacher and a fairy among the best in the country who practices yoga in the most equal and precise places in Eilat, the Red Sea, every lesson with her is an unforgettable experience that includes and teaches, lessons of empowerment and connection to the soul, strengthening the body!! Tough with a smile! But a tough one .. a teacher who is beyond all imagination and your success &&& A big thank you to get to know || Amazing leader! Instills calmness, and knows how to give everyone a great feeling, even if you are a beginner and inexperienced. After many years of yoga in different settings, and after many years of taking a break from yoga, I enjoy every second of the class, and I warmly recommend one of the best yoga teachers I have met. An amazing teacher with an understanding of the body and a true love for yoga and students. And in addition to all this - choosing amazing locations for training. || Beloved Leader❤️ Thank you for the amazing lessons that taught me the asanas, that opened up a world for me to more wonderful yoga streams. Thank you for making my vacation an amazing vacation. You managed to reinforce what I already knew that there is nothing like yoga and how important perseverance is to strengthen the body and mind🧘‍♀️ So thank you so much I enjoyed every moment until the next vacation I wish you lots of joy and satisfaction from what you do because it is amazing❤️ || Thank you Sivan, see you next vacation You are charming yourself  Www.yogaeilat.com || I was at the Shark Pool Yoga morning with Eilat Yoga, although there are no pictures but you can assume it was perfect!  Many thanks to Idan and Shahar, the instructors, for the excellent session, the guidance and the personal attention to each of the participants ❤️ || Reserve 20/10 We are waiting for you || A yoga class with Leader is more than just a workout, it's a treatment for the body and mind. Leader knows how to connect with each practitioner in a private and personal way. Always and at whatever level you are, you will feel like you belong and are present in your workout....",29.547039,34.951291
יוגה שמוגה | סטודיו ליוגה באילת,"https://www.google.com/maps/place/%D7%99%D7%95%D7%92%D7%94+%D7%A9%D7%9E%D7%95%D7%92%D7%94+%7C+%D7%A1%D7%98%D7%95%D7%93%D7%99%D7%95+%D7%9C%D7%99%D7%95%D7%92%D7%94+%D7%91%D7%90%D7%99%D7%9C%D7%AA%E2%80%AD/@29.5581,34.9482,14z/data=!4m10!1m2!2m1!1sYoga+studio+in+Marina,+Eilat,+Israel!3m6!1s0x1500720dd66f06cd:0x6c4d62c454dea87d!8m2!3d29.5593964!4d34.949283!15sCiRZb2dhIHN0dWRpbyBpbiBNYXJpbmEsIEVpbGF0LCBJc3JhZWxaJCIieW9nYSBzdHVkaW8gaW4gbWFyaW5hIGVpbGF0IGlzcmFlbJIBC3lvZ2Ffc3R1ZGlvmgEjQ2haRFNVaE5NRzluUzBWSlEwRm5TVVJvZURsNVVsWjNFQUXgAQD6AQQIABAc!16s%2Fg%2F11hzsvx2lg?hl=en&entry=ttu&g_ep=EgoyMDI2MDExMy4wIKXMDSoKLDEwMDc5MjA3M0gBUAM%3D",Wellness-Fitness-Yoga,Wellness-Fitness,Yoga,Yoga studio,5.0,11,"Great place, great teachers. Highly recommended for vinayasa and aerial yoga. || I came with my partner for a Shadow Yoga class during our vacation in Eilat. Lovely and beautiful studio, well equipped, and the yoga class was excellent and professional. Thank you very much! We will definitely be back on our next vacation. || I arrived on vacation in Eilat, missing my regular yoga practice. I heard about the studio and immediately contacted Yael. The kindness, in the stunning studio, the atmosphere, the diversity of the classes and above all the professionalism of the guidance made the practice a unique experience. I left feeling euphoric 😀 There is no doubt that every time I come to Eilat I will come to practice at the studio. Namaste Yifat 🙏 || Thank you Yifat, it was fun having you come! See you...:-)) || I came to Eilat for a short vacation. I chose to try a class with Yaeli at the Fly with the Body studio. The experience was very good. I felt that the instructions were clear and that Yael was always aware of my postures and corrected me professionally when needed. After the class, I felt that my body was really open, and my back pain disappeared for a few days. I highly recommend it to anyone who comes to Eilat to try it and take part 🙏🏻 || The perfect place for yoga in Eilat🙏🏽🌷 Calm, peaceful and a pleasant atmosphere. I've been practicing with Yaeli for six months now and there's nothing more relaxing than her🙏🏽All the instructors are professional and the attitude is very personal ❤️ || Yaeli is amazing, explains and demonstrates every pose And all the teachers in the studio are professional! Yoga becomes a super experience Really fly with the body and mind || International level professionalism. Such a pleasant practice and perfect atmosphere || An addictive place, a place of sanity in a world of chaos, professional teachers, immense diversity, aesthetic and pleasant, in short, perfect ♥️ || High-level professional studio Yael is an amazing instructor🙏 || Stunning and professional yoga studio, amazing atmosphere, highly recommended",29.5593964,34.949283
ניצן ביבס- YOGA NOW | Nitzan Bivas | יוגה באילת,"https://www.google.com/maps/place/%D7%A0%D7%99%D7%A6%D7%9F+%D7%91%D7%99%D7%91%D7%A1-+YOGA+NOW+%7C+Nitzan+Bivas+%7C+%D7%99%D7%95%D7%92%D7%94+%D7%91%D7%90%D7%99%D7%9C%D7%AA%E2%80%AD/@29.5581,34.9482,14z/data=!4m10!1m2!2m1!1sYoga+studio+in+Marina,+Eilat,+Israel!3m6!1s0x150073af10cd1db5:0xd6a33dfae9a24184!8m2!3d29.5519801!4d34.947575!15sCiRZb2dhIHN0dWRpbyBpbiBNYXJpbmEsIEVpbGF0LCBJc3JhZWySAQt5b2dhX3N0dWRpb-ABAA!16s%2Fg%2F11sv7dgnst?hl=en&entry=ttu&g_ep=EgoyMDI2MDExMy4wIKXMDSoKLDEwMDc5MjA3M0gBUAM%3D",Wellness-Fitness-Yoga,Wellness-Fitness,Yoga,Yoga studio,5.0,10,"I practiced yoga with Nitzan for a long time, Nitzan is an attentive and connected teacher. The practice with her is flowing, pleasant, caring and conscious. I felt that she emphasized the physical and mental aspects of the class, precise in the movement and paying attention to small details. As well as on the mental aspect, she gave space and attention to the way in which each person comes to the practice and added elements that helped connect with nature and yourself. || Nitzan is a magical girl who teaches yoga in a professional, clear and pleasant way. I really enjoyed participating in the 21-day Yoga and Gratitude program. The program gave me a connection to myself, calmness, peace and acceptance. I highly recommend the practices with the stunning Nitzan🩷 … || Nitzan is one of the most beautiful gifts I have given myself. I came to her with terrible lower back pain, apparently caused by prolonged sitting. After just a few months, the back pain is gone. Furthermore, Nitzan incorporates a lot of mindfulness into her treatment, the sweet fruits of which are calmness, a significant reduction in the anxieties I was subject to, and an end to the insomnia I had. The correct posture and toned body I received are just the bonus. Highly recommended! ( || Practicing with Nitz is simply relaxing and opens the heart. Her approach to accepting what is, loving what is, and a lot of patience for the process are essential for the feeling of progress. I recommend it from the heart and soul 💛 … || Nitzan is stunning and extremely professional. We will definitely be back when we are in Eilat again 💙 … || Amazing teacher! For a long time I was looking for a pleasant and inclusive teacher in Eilat who is helpful and suitable for all levels, now I found it! Highly recommend👍👍 Thank you Nitzan! … || There's nothing like Nitzan! For anyone looking for a yoga class that is much more than just a yoga class! On this note, thank you Nitzan, for a long and amazing process with close guidance and attention to body and mind🤍🤍🤍🤍 … || Professional, pleasant and simply an amazing girl. Your right choice.. Highly recommended! || Nitzan is a stunning girl, highly recommended to anyone who comes and wants a personal and professional experience! || Excellent teacher, teaches the lesson professionally and in a good and pleasant atmosphere Recommended",29.5519801,34.947575
שיבננדה,"https://www.google.com/maps/place/%D7%A9%D7%99%D7%91%D7%A0%D7%A0%D7%93%D7%94%E2%80%AD/@29.5581,34.9482,14z/data=!4m10!1m2!2m1!1sYoga+studio+in+Marina,+Eilat,+Israel!3m6!1s0x150071ffb3632e65:0xb0fe1e280b7fe32e!8m2!3d29.5616067!4d34.9541472!15sCiRZb2dhIHN0dWRpbyBpbiBNYXJpbmEsIEVpbGF0LCBJc3JhZWxaJCIieW9nYSBzdHVkaW8gaW4gbWFyaW5hIGVpbGF0IGlzcmFlbJIBC3lvZ2Ffc3R1ZGlvmgEkQ2hkRFNVaE5NRzluUzBWSlEwRm5TVVIxTjB3MmEyNW5SUkFC4AEA-gEECDIQHg!16s%2Fg%2F11hzsvypzs?hl=en&entry=ttu&g_ep=EgoyMDI2MDExMy4wIKXMDSoKLDEwMDc5MjA3M0gBUAM%3D",Wellness-Fitness-Yoga,Wellness-Fitness,Yoga,Yoga studio,4.7,8,"Enjoyed the practice and the energy of the place! Really kind staff of teachers! Recommend to stop by if you are in Eilat || amazing place. great teachers !! || Beyond that, yoga is really a great thing and I recommend everyone to try yoga.... I will note that I personally felt uncomfortable with the instructor's ""small"" and ""accidental"" touches - and not only during the class, but also at the end - so if you are a young and pleasant-looking girl - be careful and keep your distance (well, now in the days of Corona it will be easier with that) - but the yoga itself was actually really fine. Go understand ""masters"" and spiritual teachers of all kinds.... || A really nice and cozy place, I personally really enjoyed the atmosphere and the practice. || We enjoyed a very thoughtful class, thank you very much. It is worth coming to anyone who loves yoga and comes to Eilat. || Very beautiful place, amazing and warm people, and it's just amazing to be there, highly recommended. || A magical, relaxing, pleasant and very high-quality place, highly recommended to anyone who wants an improvement in the quality of life, with peace and tranquility that are so essential to us always and especially these days. || Excellent place. Very quiet and natural.",29.5616067,34.9541472
יוגה עם מאי באילת,"https://www.google.com/maps/place/%D7%99%D7%95%D7%92%D7%94+%D7%A2%D7%9D+%D7%9E%D7%90%D7%99+%D7%91%D7%90%D7%99%D7%9C%D7%AA%E2%80%AD/@29.5581,34.9482,14z/data=!4m10!1m2!2m1!1sYoga+studio+in+Marina,+Eilat,+Israel!3m6!1s0x15007337dc1f8661:0xd9269af5002323e9!8m2!3d29.5590423!4d34.9338585!15sCiRZb2dhIHN0dWRpbyBpbiBNYXJpbmEsIEVpbGF0LCBJc3JhZWxaJCIieW9nYSBzdHVkaW8gaW4gbWFyaW5hIGVpbGF0IGlzcmFlbJIBC3lvZ2Ffc3R1ZGlvmgFEQ2k5RFFVbFJRVU52WkVOb2RIbGpSamx2VDJreGFGSlVRbTlrVjNSTVlVWm9URkl6Vm5oWGJWcExZMnhTVms5V1JSQULgAQD6AQQIIxAt!16s%2Fg%2F11wv4x_75y?hl=en&entry=ttu&g_ep=EgoyMDI2MDExMy4wIKXMDSoKLDEwMDc5MjA3M0gBUAM%3D",Wellness-Fitness-Yoga,Wellness-Fitness,Yoga,Yoga studio,5.0,10,"The perfect way to finish the day. May is the best yoga instructor I’ve ever had || We arrived in Eilat for 7 days of vacation and after many recommendations on Facebook, we came to the amazing Mai for yoga practices. The experience was amazing, fun and the most relaxing. Mai is pleasant, charming and most importantly, her level of briefing is high quality. There is no doubt that every time we come to Eilat for vacation, we will only come to practice with her. || Mai is a magical fairy, suitable for everyone, pleasant, caring and professional. She captured my heart and made me fall in love with yoga for the first time in my life. Highly recommend ♥️ || Such an amazing experience, letting everything go for a blissful hour of inner peace is an absolute gift! With Mai's guidance all the day's craziness melts away and leaves you peaceful and happy. Thank you 🙏 🙏  An hour of calm and attention to body and mind in the midst of a crazy day - simply a gift!! Thank you so much for agreeing to allow me to participate and take part in this amazing experience. || A place that is truly my home for yoga. I really fell in love and Mai is simply stunning♡ I recommend everyone to try it more than once! I promise it's worth persevering (: || Highly recommend 😉 May charges the mind and body with light and energy, with uncompromising professionalism with a smile, softness and love. Everyone needs their own May 🩷 … || An hour of yoga with Mai, 🫶❣️ It's like entering a magical place that fills you with energy for the whole week, I enter the class at 66 and leave feeling like a 30-year-old, much better and healthier than Botox😜🫶❤️ … || Yoga classes in an intimate, inclusive, pleasant atmosphere. Simply give yourself a gift.. Highly recommended! || Mai is stunning, pleasant, and breathes yoga with professionalism. We really enjoyed it and of course I highly recommend her. || I feel like whatever I share won't convey the experience to the senses that go through Mai. You just have to come and experience it. Do yourself a favor 🤍✨ …",29.5590423,34.9338585
אילת היוגה,"https://www.google.com/maps/place/%D7%90%D7%99%D7%9C%D7%AA+%D7%94%D7%99%D7%95%D7%92%D7%94%E2%80%AD/@29.5590423,34.8957497,14z/data=!4m10!1m2!2m1!1sYoga+studio+in+Marina,+Eilat,+Israel!3m6!1s0x15007310761dc37d:0x61b90277fc1478f1!8m2!3d29.5524441!4d34.9458529!15sCiRZb2dhIHN0dWRpbyBpbiBNYXJpbmEsIEVpbGF0LCBJc3JhZWySAQt5b2dhX3N0dWRpb-ABAA!16s%2Fg%2F11p5h_nmcw?hl=en&entry=ttu&g_ep=EgoyMDI2MDExMy4wIKXMDSoKLDEwMDc5MjA3M0gBUAM%3D",Wellness-Fitness-Yoga,Wellness-Fitness,Yoga,Yoga studio,3.7,4,"Non Yogic approach, defiantly would have saved myself the unpleasant communication if I would have known. I send this alert with kindness. || Great time out in the middle of a family vacation but not only! Yoga class, professional and friendly. Thank you very much Lider you are perfect! || Thank you very much, my love. || A professional, attentive leader who adapts any yogic activity to active souls (endowed with high emotional intelligence). The feeling at the end of the workout is sublime and immensely satisfying. Aspire 💪 …",29.5524441,34.9458529
Or Yoga House,"https://www.google.com/maps/place/Or+Yoga+House/@29.5590423,34.8957497,14z/data=!4m10!1m2!2m1!1sYoga+studio+in+Marina,+Eilat,+Israel!3m6!1s0x1500732ff26e808d:0x7608f11de225d20d!8m2!3d29.5449227!4d34.9399855!15sCiRZb2dhIHN0dWRpbyBpbiBNYXJpbmEsIEVpbGF0LCBJc3JhZWySAQt5b2dhX3N0dWRpb-ABAA!16s%2Fg%2F11xgfk5yvp?hl=en&entry=ttu&g_ep=EgoyMDI2MDExMy4wIKXMDSoKLDEwMDc5MjA3M0gBUAM%3D",Wellness-Fitness-Yoga,Wellness-Fitness,Yoga,Yoga studio,5.0,1,"Shoval is simply stunning! We did a couple practice, and Shoval lifted the practice amazingly. Highly recommended✨",29.5449227,34.9399855
יוגה שמוגה,"https://www.google.com/maps/place/%D7%99%D7%95%D7%92%D7%94+%D7%A9%D7%9E%D7%95%D7%92%D7%94%E2%80%AD/@29.5590423,34.8957497,14z/data=!4m10!1m2!2m1!1sYoga+studio+in+Marina,+Eilat,+Israel!3m6!1s0x150073a77c4b9965:0x4838d41907d79828!8m2!3d29.5593964!4d34.949283!15sCiRZb2dhIHN0dWRpbyBpbiBNYXJpbmEsIEVpbGF0LCBJc3JhZWySAQt5b2dhX3N0dWRpb-ABAA!16s%2Fg%2F11v5gmm65j?hl=en&entry=ttu&g_ep=EgoyMDI2MDExMy4wIKXMDSoKLDEwMDc5MjA3M0gBUAM%3D",Wellness-Fitness-Yoga,Wellness-Fitness,Yoga,Yoga studio,5.0,3,Creative and professional Yoga masters and more ... Recommended when you visit Eilat || Anyone coming to Eilat really recommends it. Very professional. Great studio. || The most amazing ever!!,29.5593964,34.949283
איינגאר יוגה אילת - טלי אלדור,"https://www.google.com/maps/place/%D7%90%D7%99%D7%99%D7%A0%D7%92%D7%90%D7%A8+%D7%99%D7%95%D7%92%D7%94+%D7%90%D7%99%D7%9C%D7%AA+-+%D7%98%D7%9C%D7%99+%D7%90%D7%9C%D7%93%D7%95%D7%A8%E2%80%AD/@29.5590423,34.8957497,14z/data=!4m10!1m2!2m1!1sYoga+studio+in+Marina,+Eilat,+Israel!3m6!1s0x15006f4e50972b99:0xf16d83b469f54b2e!8m2!3d29.5711423!4d34.9565631!15sCiRZb2dhIHN0dWRpbyBpbiBNYXJpbmEsIEVpbGF0LCBJc3JhZWySAQt5b2dhX3N0dWRpb-ABAA!16s%2Fg%2F11v61f3wh0?hl=en&entry=ttu&g_ep=EgoyMDI2MDExMy4wIKXMDSoKLDEwMDc5MjA3M0gBUAM%3D",Wellness-Fitness-Yoga,Wellness-Fitness,Yoga,Yoga studio,5.0,11,"Spacious and well-equipped studio, varied, precise and inspiring lessons. Tali is professional and in every lesson you can see the deep knowledge, professionalism and attention to each student. Recommended! || A pleasant, high-quality studio with a super professional teacher, a personal and kind attitude. Tali has an insane amount of knowledge in the world of yoga, and more importantly with about 20 plus years of experience. The classes are long and allow for practice time without pressure, time to get into position properly and practice each pose several times to maximize the learning and practice process. The classes are intimate, informative and very diverse! The studio is equipped with all the necessary accessories, just come with comfortable clothes and practice! A very high level || Iyengar Yoga in Eilat There is nothing like it in the world A gift for the body, mind and soul Thank you very much for yoga, for B.K.S. Iyengar and for the dear Tali who we were blessed to have as the messenger of the method in Eilat 🧘‍♀️🧎‍♀️🧍‍♀️🤸‍♀️🫶 || Thank you very much, dear Miriam. For the kind words. There is no one like you❤ || I was exposed to yoga for the first time at the Iyengar Center in Eilat and became addicted... I see the changes in my body and mind... in my posture, in my walking, in my sitting, in my breathing, in my awareness that accompanies me throughout the day. All thanks to the amazing Tali. She is precise, explains, and cares. A professional teacher on a different level. Highly recommend. || I have been doing yoga with Tali for 4 years, highly recommend it, for me it has only done me good: flexibility, calm breathing and peace. || Thank you very much Ronen🙏 … || Tali is a very professional teacher, rich in knowledge and conveys it with love, personal attention tailored to every level, pleasant atmosphere, spacious and well-equipped studio || Thank you very much Tali, always happy to share. || Tali is very professional and this is an experience even for a beginner like me. || Thank you very much, fan.",29.5711423,34.9565631
Design boutique fitness studio and Pilates,"https://www.google.com/maps/place/Design+boutique+fitness+studio+and+Pilates/@29.5590423,34.8957497,14z/data=!4m10!1m2!2m1!1sYoga+studio+in+Marina,+Eilat,+Israel!3m6!1s0x15007219f62f82ab:0x969a3d88d98cf496!8m2!3d29.5516886!4d34.9405386!15sCiRZb2dhIHN0dWRpbyBpbiBNYXJpbmEsIEVpbGF0LCBJc3JhZWySAQ5waWxhdGVzX3N0dWRpb-ABAA!16s%2Fg%2F11fy54w9kq?hl=en&entry=ttu&g_ep=EgoyMDI2MDExMy4wIKXMDSoKLDEwMDc5MjA3M0gBUAM%3D",Wellness-Fitness-Yoga,Wellness-Fitness,Yoga,Yoga studio,5.0,0,,29.5516886,34.9405386
Eilat wines | יינות אילת,"https://www.google.com/maps/place/Eilat+wines+%7C+%D7%99%D7%99%D7%A0%D7%95%D7%AA+%D7%90%D7%99%D7%9C%D7%AA%E2%80%AD/@29.5581,34.9482,14z/data=!4m11!1m3!2m2!1sWine+bar+in+Marina,+Eilat,+Israel!6e5!3m6!1s0x15006e0502445549:0x58f4036c79d9f093!8m2!3d29.5692542!4d34.959166!15sCiFXaW5lIGJhciBpbiBNYXJpbmEsIEVpbGF0LCBJc3JhZWxaISIfd2luZSBiYXIgaW4gbWFyaW5hIGVpbGF0IGlzcmFlbJIBCndpbmVfc3RvcmWaASRDaGREU1VoTk1HOW5TMFZKUTBGblNVTXlkalJUVmpoblJSQULgAQD6AQQITBBJ!16s%2Fg%2F11cnbxl84d?hl=en&entry=ttu&g_ep=EgoyMDI2MDExMy4wIKXMDSoASAFQAw%3D%3D",Nightlife-Bars-Wine,Nightlife-Bars,Wine,Wine bar,4.8,12,"Very nice and welcoming place. Variety of wines in a wide prices range. Nice food tapas style. Good service. We were visiting in the mid of the day nice calming water fountain outside very welcoming staff. Cheers 🥂 … || One of the best spots in Eilat. Great vibe, good wine and good food. || One of Eilat secret eateries and winery. Menu very small but we'll worth it. Well worth the stop. Excellent service. Friday lunch full house. Not much seating so well booking before. || Excellent place in Southern Israeli Desert on the Red Sea in city of Eilat! Excellent wine, espresso coffe, great garden-terasa with very nice staff! || Fantastic food and drinks Super friendly staff Great prices || Found by chance. Very difficult to find but well worth the effort and money. It's a wine and coffee shop with a very simple menu, the roast beef sandwich is a killer. Decor is artsy and homely. Well worth a lunch time visit thumbs up 👏👏👏 || Dear Da Robertz, it is a pleasure to read your comment. hope to see you again. || We love to buy wine here. They hold a good variety including special bottles from smaller imports. It's also a calming deli to enjoy a good sandwich || Beautiful concept, a nice collection of wine and everything that goes with it. If you are looking for a chilled afternoon, with good wine, some cheese/ cold cuts, this is the place. Fresh and tasty. || Probably the best wine Depot in an auction for expert wine bubbly wine fine spirits and great cheese. ample parking around prices are competitive and fair Services Beyond professional the place is highly recommended. || Dear Yonon we're glad that you've enjoy. looking forwards to host you again || Sensational variety of unique and elite imported culinary products, wines from all around the world, accompanied by the so friendly and professional staff. A delight, every time you enter!",29.5692542,34.959166
רכטר,"https://www.google.com/maps/place/%D7%A8%D7%9B%D7%98%D7%A8%E2%80%AD/@29.5581,34.9482,14z/data=!4m11!1m3!2m2!1sWine+bar+in+Marina,+Eilat,+Israel!6e5!3m6!1s0x1500712fa3222887:0xb50cf8d5b627c24b!8m2!3d29.5550688!4d34.9520734!15sCiFXaW5lIGJhciBpbiBNYXJpbmEsIEVpbGF0LCBJc3JhZWxaISIfd2luZSBiYXIgaW4gbWFyaW5hIGVpbGF0IGlzcmFlbJIBCHdpbmVfYmFymgFEQ2k5RFFVbFJRVU52WkVOb2RIbGpSamx2VDJzME5VOVZPVEZSYld4R1lXeEZNbFV4YkRSbFZXdDRXVzFzYjJNeFJSQULgAQD6AQQIABAt!16s%2Fg%2F11xglg8mjv?hl=en&entry=ttu&g_ep=EgoyMDI2MDExMy4wIKXMDSoASAFQAw%3D%3D",Nightlife-Bars-Wine,Nightlife-Bars,Wine,Wine bar,5.0,20,"Best place to have tasty wine, get to know locals and the spirit of great Israeli hospitality. Many thanks again for this wonderful evening! || Thank you very much Jasmine🙏🌸❤️ … || Most stylish place in Eilat, amazing service, only came for a drink after dinner but the food was prepared in front of me and was irresistible!!!!!!Yuval the owner is the nicest person was so warm and welcoming, they let me try different wines and vermouths and I just had the best experience, would recommend everyone to come here for a romantic/ friendly night. Guaranteed. || Thank you very much Shai🙏🌸 … || Quiet, charming wine bar with delicious food. || Thank you very much Rachel 🙏🌸 … || Amazing wine bar with excellent wine options ! A hidden gem 💎 || Thank you very much 🤍 … || A wine bar of a truly exceptional level, not only compared to places in Eilat or the south but throughout the country!! Crazy wines, the food that accompanies them is perfect, the playlist is dreamy, and the atmosphere - I wish we had more places like this in the country! A different level of wine, food, experience and service, don't miss it if you are in Eilat 🌟 and if you are not - come especially! || Thank you very much Avital🙏🌸 … || A really lovely wine bar, a variety of excellent wines The waitress knew how to direct us to the wine that would suit us The owner is really nice and welcoming, fun and cozy atmosphere. The food took a while and the bread arrived cold but they responded to our request with a smile and warmed it up when we asked Highly recommended :) || Thank you very much Einav🙏 … || A special place. Different bottles of wine, the owner explained the different types, and recommended 2 bottles that suited the character of the table. Because we were already after dinner, we tried a dish of bread, bread pudding and brownie. Everything was delicious. The bread is excellent (2 different and excellent types - like the ones from Roitman Bakery - same owner). The brownies are also excellent. The service was a bit easy, but appropriate for a small, neighborhood place. It was enjoyable. || Thank you very much Hanan.. || A cozy, charming place, excellent service and excellent wine. A pleasant evening with friends or as a couple and the host has immense knowledge ❤️ || Thank you very much Tal🙏 … || The magic of a place in the middle of nowhere. A small, unique neighborhood bar with the atmosphere of a bar in a small alley in Europe. Delicious wines and the most cordial service imaginable. From Yuval the hostess, to Nicole the bartender, Roman in the kitchen and Yuval the owner who somehow created this gem of a place that is perfect for a quiet evening away from the noise and hustle and bustle of the city. || Thank you very much Asaf 🙏🙏 … || A magical and cozy place. Cute, gentle staff with excellent service. Delicious food, not burdensome with reasonable prices. The atmosphere of an intimate place like home..highly recommended || Thank you very much Merav🙏 …",29.5550688,34.9520734
Shato Eilat,"https://www.google.com/maps/place/Shato+Eilat/@29.5581,34.9482,14z/data=!4m11!1m3!2m2!1sWine+bar+in+Marina,+Eilat,+Israel!6e5!3m6!1s0x1502b35b05b9435d:0x69c9cbb213466738!8m2!3d29.5495874!4d34.9658581!15sCiFXaW5lIGJhciBpbiBNYXJpbmEsIEVpbGF0LCBJc3JhZWxaISIfd2luZSBiYXIgaW4gbWFyaW5hIGVpbGF0IGlzcmFlbJIBCnJlc3RhdXJhbnTgAQA!16s%2Fg%2F1hc452kww?hl=en&entry=ttu&g_ep=EgoyMDI2MDExMy4wIKXMDSoASAFQAw%3D%3D",Nightlife-Bars-Wine,Nightlife-Bars,Wine,Wine bar,4.0,6,"Awful service, cheap place, cheap vibes ! If you look for a fancy place with good taste that’s definitely not the place ! But I guess some people like this cheap atmosphere as it was full! We booked a table for 10, food was surprisingly not so bad but such amateur service. We left after one hour begging for our bootle of wine and decent service. Run if you can ! || Cool place for events, was there and it was a warm attitude from the staff || Amazing!!! Thanks👍 Good place Good Food A great place to enjoy a good night fever🤩 || Really enjoyed everything and everyone || It's a shame the place closed Wow, fun, quality, good atmosphere, flowing and pleasant music, the place turns from a restaurant where the food is delicious for meat eaters only then into a small and flowing party, reasonable prices for every pocket, located near the center of Eilat, the services are a bit of a mess for such an invested place || We booked a table for 9:00 PM. When we arrived, there was a guy who screamed at us that there were still no bartenders and no hostess and that we would have to wait outside until they arrived. We tried to explain to him that we booked a table for a certain time and accordingly we made plans for the rest of the evening, but there was no one to talk to. He screamed at us at that moment. We canceled the table and went to another restaurant with a high level of service! I should mention that we came from the far north to take a break from the hard routine. It's simply disappointing that this is the attitude they give.",29.5495874,34.9658581
Messi BAR,"https://www.google.com/maps/place/Messi+BAR/@29.5581,34.9482,14z/data=!4m11!1m3!2m2!1sWine+bar+in+Marina,+Eilat,+Israel!6e5!3m6!1s0x150071f7cd0a9b31:0xe77516f31aba2383!8m2!3d29.5511837!4d34.951641!15sCiFXaW5lIGJhciBpbiBNYXJpbmEsIEVpbGF0LCBJc3JhZWxaISIfd2luZSBiYXIgaW4gbWFyaW5hIGVpbGF0IGlzcmFlbJIBA2JhcpoBRENpOURRVWxSUVVOdlpFTm9kSGxqUmpsdlQyeENaazR4YjNwVlZtZDRVVEpPVWxacldqWlpiVEZhWW10YWQxTllZeEFC4AEA-gEECAAQIQ!16s%2Fg%2F11c1s1bgp8?hl=en&entry=ttu&g_ep=EgoyMDI2MDExMy4wIKXMDSoASAFQAw%3D%3D",Nightlife-Bars-Wine,Nightlife-Bars,Wine,Wine bar,4.7,10,"If you are into relatively small,  neighborhood atmosphere,  good music and wide range of drinks,  you would enjoy this one.  I did. Warm welcoming service.  Basic pub food like pizzas and Edamame. No menus I was told,  the waitress is the menu.  She was lovely and took care of us like we were old friends. Many local friends comes here.  Sound is very good, strong but not heartening your ears.  If you are sensitive to smoke it could be challenging but we set in area not so much affected. Decoration gives you the right place atmosphere. I really liked the place. || this is the coolest bar in eilat. and I checked many || Best bar in Eilat to chill!!! Great atmosphere with old school music. Fare prices and great food! You should order the pizza you will not be disappointed! A nice touch is when you order a drink you get unlimited supply of olives and some pretzels! You definitely should try out this bar!!! || I love this bar! It's one of the coolest and we'll hid bars in the city. It's considered a local watering hole for all ages to enjoy. I recommend the pizza if you have the munchies, it's thin crust and absolutely delicious! || The best bar in Eilat! Cool atmosphere, friendly bartenders, great music and drinks...and the pizza is one of the best I have ever had! || You would not find a better place in this side of the galaxy. Great live music (rock !!!) as well as great drinks and people || One of the beast local Bar in Eilat , Mainly local people. Good music , cool atmosphere || great music, nice staff, awesome beer and nothing else needed ;) || Nice place, not too loud. Great music || Awesome place! Probably the best pub in eilat!",29.5511837,34.951641
The Brewery,"https://www.google.com/maps/place/The+Brewery/@29.5581,34.9482,14z/data=!4m11!1m3!2m2!1sWine+bar+in+Marina,+Eilat,+Israel!6e5!3m6!1s0x15006e05b6eaae83:0x12e6a519fb77247b!8m2!3d29.5705013!4d34.957877!15sCiFXaW5lIGJhciBpbiBNYXJpbmEsIEVpbGF0LCBJc3JhZWxaISIfd2luZSBiYXIgaW4gbWFyaW5hIGVpbGF0IGlzcmFlbJIBCnJlc3RhdXJhbnSaASRDaGREU1VoTk1HOW5TMFZKUTBGblNVTlFNbkp4WTJoUlJSQULgAQD6AQQIMBA2!16s%2Fg%2F11cmzp9f11?hl=en&entry=ttu&g_ep=EgoyMDI2MDExMy4wIKXMDSoASAFQAw%3D%3D",Nightlife-Bars-Wine,Nightlife-Bars,Wine,Wine bar,4.4,14,"A high end quality food restaurant, and a great brewery. I recommend the ceviche and carpaccio. Make sure to ask about the beer of the month, it was a great surprise! || Michael, thank you so much for the amazing review! We’re thrilled you enjoyed the ceviche, carpaccio and of course our Soof beer. Glad the Beer of the Month surprised you, we put a lot of love into it 😊 Hope to see you again soon! … || The food is meh. There's a vast selection in the menu which was immediately a red flag. The fried cauliflower was a bit burned. The bangers & mash was simply merguez/chorizo (nothing like bangers) on potato puree with demi-glace/BBQ sauce (instead of the traditional onion gravy). I ordered the beer tasting flight, and the beers are alright. As an IPA lover I didn't really like their IPA at all, but I did like the wheat beer and the Thaistory limited edition beer. Our friends mentioned a weird smell when walking into the restaurant. The music that was playing in the restaurant was nice. || Hello Amit, thanks for the review.  Regarding the IPA, it's a style that has a very personal taste; many IPA fans like ours, you probably didn't connect as much, and that's natural. We'll check the smell at the entrance immediately to make sure there's nothing unusual.  Thank you for your honesty, and we'll be happy to host you again for a better experience. || Went with the kids on a Saturday night. We ordered several starters (chicken wings, fried cauliflower, onion rings) and several entrees (Cesar salad, three types of pasta for the kids and a hamburger) as well as an assortment of beers. The beers were quite good and the starters went down well. The salad and pastas were mediocre, but that's to be expected of a place that specializes in beer and meat.  After all the entrees arrived and everyone was finished eating I asked our waiter if the hamburger would be making an appearance. They forgot about it. Well, that happens. I was told that it would be free and they'll immediately prepare it. I can live with that.  Twenty minutes later, it had still failed to make an appearance, although at least seven other burgers successfully made it out. They forgot it a second time! I asked for the bill... || Hi Gilad, Thank you very much for your review and for sharing with us what happened tonight.  We sincerely apologize that the burger did not arrive – tonight was unusually busy, especially since it was the eve of Tisha B’Av, and we are among the only restaurants in the city that were open. Unfortunately, the order was missed – and this is not something we take lightly.  We would be very happy to compensate you with two burgers and two appetizers at home – either sitting in with us or by delivery, whichever is convenient for you.  You are welcome to contact me personally at 054-6333903 or directly to the restaurant at 050-5595576 – and we will make sure that you receive the compensation you deserve.  Best regards, Natan – Owner Eilat Brewery 🍻 || You have to come here!!! Food is incredible, drinks also, and service efficient and so friendly.  We arrived at 8pm on Friday night (Shabbat), they initially said they didn’t have any tables until late but we’d been driving for hours through the desert and I asked once more and they tried their absolute best to fit us in to our relief. Everyone was so accommodating, food was incredible (my partner said the best steak he’s ever had) and the beef stew is unreal, cannot recommend this place enough. I didn’t have their beer this time but I’ve also had it before and it’s amazing. Don’t miss eating out here if you come to Eilat! || Thank you so much for your kind words and for sharing your experience 🙏 We’re really happy we could make you feel comfortable after such a long drive, and that you enjoyed the food and atmosphere. Your compliments to the team and the dishes truly warm our hearts ❤️  We look forward to welcoming you again on your next visit to Eilat 🍻  The Brewery Team || Lovely restaurant, great for family lunch and at night for a bar. Dishes are unique and different interesting vibe. We visit here when we leave Eilat, it’s on the way out of the city. Fresh dishes and beer brewery. The carpaccio is delicious, bolognese, hamburgers, actually everything was yummy. The lychee mojito was great.  We also had the best Crème brulee desert! || Highly recommend this place! The dishes are very tasty, large and not to expensive. We had the sausages and the filet. The place also server fresh tap beer made by them.  We didn't like the ice burger dish. But the cream brulee is great.  It is quite far take a cab. || Great design, great concept. The stuff is young local and very nice. The beers are good in average, some better than the others. Would recommend the IPA and the Porter. Unfortunately haven't had a chance to try the food but other's dishes looked very inviting. || Excellent food, excellent service, great atmosphere. Lidia the owner was so kind and it shows that they do everything with love. Highly recommend this place for anyone seeking a great meal. Portions are very generous and looks amazing. There are excellent beers on tap, all worth trying! || Set in a more industrial part of Eilat, the Brewery has great fois gras and fried cauliflower.  Unfortunately the beer isn't anything to write home about.  Great wait staff and if you choose to sit outside, enjoy the plants and intermittent spritz of water mist to cool you off. || Very good restaurant, testy food and big portions, I found several special dishes I didn’t see before. The place itself has interesting interior, the stuff was very friendly. The prices are pretty regular for Eilat, but here the price really corresponds to what you get. Strongly recommend 👍",29.5705013,34.957877
Bardak Eilat,"https://www.google.com/maps/place/Bardak+Eilat/@29.5581,34.9482,14z/data=!4m11!1m3!2m2!1sWine+bar+in+Marina,+Eilat,+Israel!6e5!3m6!1s0x150071fdc7477c83:0xcac55d30ea400994!8m2!3d29.550518!4d34.9523735!15sCiFXaW5lIGJhciBpbiBNYXJpbmEsIEVpbGF0LCBJc3JhZWxaISIfd2luZSBiYXIgaW4gbWFyaW5hIGVpbGF0IGlzcmFlbJIBA2JhcpoBI0NoWkRTVWhOTUc5blMwVkpRMEZuU1VSd2NEYzJXV1ozRUFF4AEA-gEECE0QNw!16s%2Fg%2F1wb447wl?hl=en&entry=ttu&g_ep=EgoyMDI2MDExMy4wIKXMDSoASAFQAw%3D%3D",Nightlife-Bars-Wine,Nightlife-Bars,Wine,Wine bar,4.5,11,"Tough, rowdy bar with excellent sound system and a comprehensive selection of bottles to drink, as well as awesome balcony. || Went here twice and the first time it seemed okay. But I'm the second time they wouldn't let me in cause I was wearing tzitzis out..... Messed up go to Gaby's way better bar and more low-key, better people better atmosphere in almost every way and it's right next to Bardak || It was not because of your Tzitzis.  It was because you were drunk and rude. We do not differ people for their looks or beliefs, but attitude.   We say it here out loud Bardak isn't for everyone.  If you are respectful you are most welcome , if you are not, expect to face a mirror.   Hope you liked Gaby's. Send them our regards. || Had a great night out, young and fresh. Great music, good prices and nice staff. Will definitely be coming there again in the future || Fare prices, friendly stuff and grate music. The peak of the night is around 2:00 am. Most of the people are between the age of 25-35 years old. || Best place in eilat...great food and people...non stop party..dj concert,,,and also other.... swimming pools..yakuzi...sauna...gym... beautiful place..main beach 50 m ... || Bardak Bar is a lively and popular bar located in the heart of Eilat, known for its vibrant atmosphere and extensive cocktail menu. While the bar offers a fun and exciting experience, the music selection played by the DJ can be a little old and could use some refreshing.  The interior of the bar is eclectic and colorful, with a mix of modern and traditional design elements. The bar is spacious, with ample seating and a large outdoor patio that provides the perfect setting to enjoy a drink under the warm Eilat sun. The bar's menu features an extensive selection of cocktails, including both classic and innovative concoctions that are sure to please any palate. They also serve a variety of light bites, making it an ideal spot for a quick snack or a full meal.  The bartenders are skilled and knowledgeable, and are able to recommend drinks that cater to individual preferences. They are also friendly and attentive, providing excellent customer service to everyone who walks through the door.  Overall, Bardak Bar is a great spot to visit for a fun night out, with a lively atmosphere, great drinks, and tasty food. While the music selection could use some updating, the bar's other qualities make up for it, providing a memorable experience for anyone who visits || One of my favorites bars to spend a night out in Eilat. Young atmosphere with good energy and great vibes. The staff are always amazing and friendly and the people are always fun. 😊 … || We came for a drink and ended up dancing!! Great!! || Probably the best Bar in Eilat, every night is better than the previous one, music styles change every day of the week, great vibes and loads of Fun. || Even though it is set in the tourist area of Eilat. This is a local hangout. The prices are reasonable and the service is excellent. I will definitely go back.",29.550518,34.9523735
ביאנקה (לשעבר צ'נה אילת),"https://www.google.com/maps/place/%D7%91%D7%99%D7%90%D7%A0%D7%A7%D7%94+(%D7%9C%D7%A9%D7%A2%D7%91%D7%A8+%D7%A6'%D7%A0%D7%94+%D7%90%D7%99%D7%9C%D7%AA)%E2%80%AD/@29.5581,34.9482,14z/data=!4m11!1m3!2m2!1sWine+bar+in+Marina,+Eilat,+Israel!6e5!3m6!1s0x15007166d6d85a8f:0x1ab5ae7ce7456168!8m2!3d29.5541629!4d34.9642273!15sCiFXaW5lIGJhciBpbiBNYXJpbmEsIEVpbGF0LCBJc3JhZWxaISIfd2luZSBiYXIgaW4gbWFyaW5hIGVpbGF0IGlzcmFlbJIBEml0YWxpYW5fcmVzdGF1cmFudJoBRENpOURRVWxSUVVOdlpFTm9kSGxqUmpsdlQycE9jMUpXWXpKaE1ERndZVlZTVWxOVmFHeGtWM04wVFcxc1JFMXRZeEFC4AEA-gEECAAQKg!16s%2Fg%2F11ssjvs7wz?hl=en&entry=ttu&g_ep=EgoyMDI2MDExMy4wIKXMDSoASAFQAw%3D%3D",Nightlife-Bars-Wine,Nightlife-Bars,Wine,Wine bar,4.6,10,"Great service, nice design and atmosphere. Food was mediocre... Beets salad was great! Papardela pasta had good flavores, but way too much oil&butter. The capresa pizza was verry soggy and messy, and the Tiramisu was the biggest disappointment... whipped cream with coca powder. Not good :( || I have travelled all over the world, and enjoyed many types of food, and from many cultures. My wife and I came to this restaurant spontaneously, and the staff were very polite and seated us even though they had just begun closing.  I ordered the fish and risotto, and my wife ordered chestnut ravioli with fish. I can say with confidence that it was the best fish I ever had in my life, no exaggeration. The fish was cooked with the skin seared to a crisp, salted just right, and placed over a bed of perfectly cooked risotto in a perfectly balanced lemon butter. It was so tasty that I couldn't leave one drop of lemon butter on the dish. I also tried my wife's chestnut ravioli with fish, and the fish was identical to the first, and I was surprised by the quality of the ravioli, which was clearly hand-made at the restaurant, and with fresh roasted chestnuts. I am usually bored by ravioli, but this was another story entirely, and I was not surprised to find out it is a chef restaurant.  It was unbelievable how good it was, and we couldn't stop talking about it on the way back to our hotel.  I highly recommend Cena.  Enjoy! || We chose to try Cena for an anniversary meal and had a pleasant experience.  Nice location and atmosphere at the Brown Hotel Eilat.  The food was tasty, the pizza was nice, the pastas were pretty good, the fish was exceptionally excellent, the dessert was delicate, and the cocktails delicious.  The service was warm and professional, our lovely waitress - Shelly - took good care of us, gave us nice recommendations, checked on us several times and made sure we were happy :)  As with many high end restaurants the menu is not too wide, the portions are not very big, the food is delicatessen,  I recommend this restaurants for anyone who is ok with a high ticket meal, small-medium size portions, and a good quality culinary experience. || Ate here last night (pesach) and the food was amazing, especially since they managed to craft pasta and pizza dishes that were kosher for pesach and tasted as good as 'the real thing'. Unfortunately the food was let down by the service which was poor. An order was missed, no one checked up on us, pizza was served cold, inattentive etc. When we pointed all this out we were told that the restaurant was recently opened the servers were recently hired and they were profusely apologetic. We were compensated with free chasers and wine and assured that the service issues would be dealt with. If the food non-pesach is as good as the pesach menu and they sort out the service issues, we will definitely be coming back. || The food is really tasty , good cocktails and the best service || Excellent food. Beetroot salad and ravioli with fish - delicious. Friendly service. || The food was delicious, we took beet salad and ravioli with fish || A pleasant surprise all in all. The salad was fresh and crisp, the pizza was good, but the pasta was the highlight - it was exceptionally good. Loved it. || This restaurant has been closed lately but still accepted my reservation an credit card details as a deposit. I think it's a shame to mislead people that way. Someone might count on this place and go there for nothing. || Shonly the server was great, very professional and very friendly",29.5541629,34.9642273
פאב הדובים,"https://www.google.com/maps/place/%D7%A4%D7%90%D7%91+%D7%94%D7%93%D7%95%D7%91%D7%99%D7%9D%E2%80%AD/@29.5581,34.9482,14z/data=!4m11!1m3!2m2!1sWine+bar+in+Marina,+Eilat,+Israel!6e5!3m6!1s0x150071f7b6423815:0x391dc42b37d4eae9!8m2!3d29.5511192!4d34.9523816!15sCiFXaW5lIGJhciBpbiBNYXJpbmEsIEVpbGF0LCBJc3JhZWxaISIfd2luZSBiYXIgaW4gbWFyaW5hIGVpbGF0IGlzcmFlbJIBA3B1YpoBJENoZERTVWhOTUc5blMwVkpRMEZuU1VOb2IzWXpRVGhuUlJBQuABAPoBBQiLARAp!16s%2Fg%2F11btwr5kq4?hl=en&entry=ttu&g_ep=EgoyMDI2MDExMy4wIKXMDSoASAFQAw%3D%3D",Nightlife-Bars-Wine,Nightlife-Bars,Wine,Wine bar,4.2,11,"Good atmosphere, beer for 31ils, hookah for 60ils. Free entry. No Wi-Fi, so you couldn’t even scan the qr code on the tables for the menu. There were only local people in our time. Everyone was leaving after 12:00pm 😂. … || I'm liking Israel way better now || It's the first time being in a pub, and while overall it's been nice, there are a few nitpicks I would like to share. The service is slow, we had to call the servers ourselves, while they were not exactly the busiest. The atmosphere was exciting, though the music was slightly too loud for my taste, it was alright being there. There is no food service there, only a service for ordering food from the restaurant nearby, right to the table... If it's open... If I had the option, I would have given a 3.6, it's nice there, it has the atmosphere, it's just the details that turned the experience from a great one to an ""alright"" one. || The atmosphere is great, good music, especially good for people who like to dance. The stuff is nice, we sat on the bar and they promised us to move us near the dance floor, we asked them several times but they ignored us, at the end we moved alone and left our table and drinks. Prices of the drinks are acceptable, 30 nis for 0.5 draft beer but the shisha is expensive (60 nis) and they don’t change the coals. || Not the greatest bar of all time but most probably the best bar in Eilat Slow service, but good vibes and fair prices (except for the hard liquor bottles of course). Lacking a bit in the variety of draft beers and cocktails. || Thank you very much for the review, we would love to have you again, Have a home chaser on us at your next meeting with us || Nice place to spend one night in Eilat, the beer is not very expensive and the atmosphere is nice. They placed a big speaker right in front of me and refused to move it a bit, so the second half the night was annoying and I had to sit somewhere else... || Crazy place with people dancing on tables etc. But a lot lot of fun! Absolutely great atmosphere - even for foreigners (yes it took some while before you'll find anyone eager to talk to you in EN but be persistent like always) || Probably the best bar in the city for people in their 20's. The dj's are amazing, the service is fast and very good. Its also located in amazing spot incase you want to go grab a bite and come back. Im there every night im spending in Eilat || Good Pub + shisha bar, easy to get in touch with locals. Drinks are a little expensive and no english menue available, but the staffing is good in speaking english. Good Location for drinking and getting ready to Party. Music is good, but a little too loud If you want to have a conversation with a larger group (4+). Would go there again. || Very loud music!!! Can't hear anything, let alone get on to somthing with the ladie's...(quite hard to start a conversation when your head is explouding) Beers are o.k, nothing too special. Was much better a few years ago, so don't quite know what happend there, but ouvieslly somthing wrong went on... the atmosphire has changed dramatically and not for the good, drank one beer and went away quickly",29.5511192,34.9523816
Drinkin bar,"https://www.google.com/maps/place/Drinkin+bar/@29.5581,34.9482,14z/data=!4m11!1m3!2m2!1sWine+bar+in+Marina,+Eilat,+Israel!6e5!3m6!1s0x150071f7b79a708b:0x95ab159a771af03c!8m2!3d29.5511898!4d34.9522902!15sCiFXaW5lIGJhciBpbiBNYXJpbmEsIEVpbGF0LCBJc3JhZWxaISIfd2luZSBiYXIgaW4gbWFyaW5hIGVpbGF0IGlzcmFlbJIBA2JhcuABAA!16s%2Fg%2F11cs6fn5cs?hl=en&entry=ttu&g_ep=EgoyMDI2MDExMy4wIKXMDSoASAFQAw%3D%3D",Nightlife-Bars-Wine,Nightlife-Bars,Wine,Wine bar,4.0,8,"Good prices. BUT PAY ATTENTION!!! They added to our bill 2 extra drinks and made us belive we did drink them, but we didn't. So check your bill carefully. || It a nice place to sit an dance the praci are chip || Not a bar to my liking, also it is much more expensive then the other bars near by. || Everyone was great, very good waiters, good service, only in the middle of the evening one of the hostesses told the security guards that my partner ""raised his hand on her"" and they threw him out of the place. (In fact, he didn't raise his hand on anyone). They didn't agree to show on the security cameras where he ""raised his hand on her"" || The bartender and one hostess gave terrible service Besides, all the service providers don't know what it means to give reasonable service || It was a really good experience, good DJ, good drinks and excellent service. || A shell place with a good atmosphere, it's just a shame there's no beer on tap I don't understand pubs that don't have beer on tap Great place, recommended not for beer lovers || My husband and I went, we wanted to order a bottle and pay cash, and the salesman said to give him an ID for a deposit, we said why? We'll pay you the entire amount in cash.. Then he said: If it's not right for you, leave.""",29.5511898,34.9522902
Café LOBBY at Shoshana קפה לובי שושנה,"https://www.google.com/maps/place/Caf%C3%A9+LOBBY+at+Shoshana+%D7%A7%D7%A4%D7%94+%D7%9C%D7%95%D7%91%D7%99+%D7%A9%D7%95%D7%A9%D7%A0%D7%94%E2%80%AD/@29.5581,34.9482,14z/data=!4m11!1m3!2m2!1sWine+bar+in+Marina,+Eilat,+Israel!6e5!3m6!1s0x150071deb4ca4877:0x77dde7ec0d078423!8m2!3d29.5590664!4d34.9527774!15sCiFXaW5lIGJhciBpbiBNYXJpbmEsIEVpbGF0LCBJc3JhZWxaISIfd2luZSBiYXIgaW4gbWFyaW5hIGVpbGF0IGlzcmFlbJIBBGNhZmWaASRDaGREU1VoTk1HOW5TMFZKUTBGblNVTjJjVFZ0UW01UlJSQULgAQD6AQUIlAEQHg!16s%2Fg%2F11y2fkm86w?hl=en&entry=ttu&g_ep=EgoyMDI2MDExMy4wIKXMDSoASAFQAw%3D%3D",Nightlife-Bars-Wine,Nightlife-Bars,Wine,Wine bar,4.7,10,"Really great vibe, decent service, food is made with lots of fresh ingredients, super flavoursome & the helpings are hearty. The only tiny detail is that the menu is only in Hebrew, but google translate takes care of that plus most the wait staff speak very good English. Well worth a visit! || Fantastic spot! The service was warm and attentive, making us feel welcome right from the start. The food and drinks were exceptional—thoughtfully prepared, with incredible attention to detail and flavors that really stood out. The design and atmosphere were just perfect—chic yet inviting, with music that added to the relaxed vibe without overpowering the conversation. Overall, great value for money and an experience I’d definitely recommend! || Probably the best place in Eilat for coffee / breakfast / brunch experience. Fresh morning dishes, great salads and surprisingly good fresh hummus. Cool vibes, attentive service. This is perhaps the only place in Eilat I really look forward returning to... || Came as a couple and had the shared breakfast – it was absolutely delicious. Everything was fresh, well-made, and full of flavor. Perfect way to start the day together. || Best Cappuccino and breakfast in Eilat. We went there twice within 4 hours, it was that good! Keep up the great service and quality!! || Great fresh food for a fair price, amazing ingredients and generous dishes. || The best breakfast we ever had in Eilat, don’t look any further! || Amazing food, very nice personnel, cozy and warm atmosphere. Best wishes to the owners and staff, made us feel lifted up! || We came to have breakfast and the food was excellent with a very good atmosphere. We sat outside in April it was excellent weather || nice option to have breakfast good menu European/middle east(even hummus and jahnun) Good coffee, plesent atmosphere",29.5590664,34.9527774
Rina's Studio Pilates apparatus and TRX Eilat.,"https://www.google.com/maps/place/Rina's+Studio+Pilates+apparatus+and+TRX+Eilat./@29.5590423,34.8957497,14z/data=!4m10!1m2!2m1!1sYoga+studio+in+Marina,+Eilat,+Israel!3m6!1s0x1500721395d72e9b:0xd2073bbaf787b5e1!8m2!3d29.554896!4d34.932387!15sCiRZb2dhIHN0dWRpbyBpbiBNYXJpbmEsIEVpbGF0LCBJc3JhZWySAQ5waWxhdGVzX3N0dWRpb-ABAA!16s%2Fg%2F11c75vclny?hl=en&entry=ttu&g_ep=EgoyMDI2MDExMy4wIKXMDSoKLDEwMDc5MjA3M0gBUAM%3D",Wellness-Fitness-Yoga,Wellness-Fitness,Yoga,Yoga studio,5.0,1,Rina is a champion. She simply changed my quality of life. Highly recommend.,29.554896,34.932387
"צלילה חופשית ישראל, אילת ~ freedive Israel","https://www.google.com/maps/place/%D7%A6%D7%9C%D7%99%D7%9C%D7%94+%D7%97%D7%95%D7%A4%D7%A9%D7%99%D7%AA+%D7%99%D7%A9%D7%A8%D7%90%D7%9C,+%D7%90%D7%99%D7%9C%D7%AA+~+freedive+Israel%E2%80%AD/@29.5590423,34.8957497,14z/data=!4m10!1m2!2m1!1sYoga+studio+in+Marina,+Eilat,+Israel!3m6!1s0x15007398e416a909:0x169e511423a69232!8m2!3d29.5431918!4d34.9389101!15sCiRZb2dhIHN0dWRpbyBpbiBNYXJpbmEsIEVpbGF0LCBJc3JhZWxaJCIieW9nYSBzdHVkaW8gaW4gbWFyaW5hIGVpbGF0IGlzcmFlbJIBCWRpdmVfY2x1YpoBI0NoWkRTVWhOTUc5blMwVkpRMEZuU1VSNE4wNTVRbFpCRUFF4AEA-gEECFMQRg!16s%2Fg%2F11gvr76tr4?hl=en&entry=ttu&g_ep=EgoyMDI2MDExMy4wIKXMDSoKLDEwMDc5MjA3M0gBUAM%3D",Wellness-Fitness-Yoga,Wellness-Fitness,Yoga,Yoga studio,5.0,14,"An amazing experience for both body and mind. I'm a long-time scuba diver but this experience was very new, and exciting for me. Our instructor, Itamar, was able to bring his inner quiet to all of us, allowing us to achieve depth and mind state we never thought we could. The club's villa is amazing, fully equipped, clean and completes ""Freedive Israel"" experience with it's free spirit and good vibes. will definitely return soon! || Incredible experience and highly recommend for anyone, especially the ones not as comfortable in the water- best gift you can give yourself. Roy was such an amazing instructor! Highly recommend || It was amazing two days! With a Very professional team. We came as a couple and joined a group. Its a very powerful Experience in all kinds of different levels. Highly recommend on Itamar our Guide that was Sensitive sweet and explained things very clearly. Thank you 🙏🏽 || I had an amazing experience doing the freedive basic course. The school was really good, with professional instructors(Roy is the best!), and great atmosphere I will definitely be back again, freedive is super fun🤗🤿 || I took a few coaching sessions in Freedive Israel and stayed in their house. Its a great and welcoming place where you feel at home and everyone belongs to the family (even if I was the only one not speaking Hebrew, most of the time they were making the effort to speak in English for me! 😍)  I had the opportunity to have Goni and Adam as coaches, they were both great teachers!  Its impossible not to feel comfortable with Goni! He took me to a new PB in each session without even noticing! 🤩 And well, Adam does his magic ✨ and suddenly everything feels fine! I love the way they both have of giving you a little massage while diving, which helped me get to a suuuper relaxed place!  Also, I got a lot of great pictures and videos of the dives! I am super happy I got to spend a few days in there ☺️☺️ || Hi Ines. It was awesome to have you staying with us. Great vibe and energy and you are e always welcome. We hope to see you here sooner then later. 🐬🌊🧜‍♀️ … || My wife and I took the freediving course at Free Dive Israel in Eilat with Arava as our instructor. She connected with us right away, gave us the confidence to go deeper, and taught us the proper technique. Thanks to her, we did our first dives! Highly recommended. || Best free diving club in Eilat! Chill, friendly and professional. Good facilities for an over night stay or a course 👍🏻 … || Thanks so much! 🙌 Happy you enjoyed the vibe, the professionalism, and the stay with us. You’re always welcome back for more good energy and great dives! 🌊✨ … || Freedive Israel, A professional group, full of knowledge of everything known for free diving and proper nutrition and beyond. Just an amazing experience to come and be around. I recommend everyone to come and do a course with them, they teach the technique in a very clear, accurate and fun way. The instructors are simply good, patient and experienced people. || How great to hear Guy! We had amazing and exciting days in Ramot. Looking forward to meeting you again || I'm about 3 weeks late writing this, but seriously if you're reading this, do yourself a favor and just take the course. I had such an amazing time and definitely learned a lot! Both Yarden and Adam gave top notch instruction, and the fact that they both speak English meant none of the instruction got lost in translation (major plus considering I don't know Hebrew). In the water, Adam really helped me out with my equalizing, and seriously saved the day by helping me keep calm when I got frustrated. Safety has to always come first with sports like freediving, and I felt like Adam went above and beyond to make sure we were safe at all times. The only downside is that I have to travel all the way down to Eilat to go freediving with these guys, but it was so worth it, and I can't wait to go back! || Thank you very much for your lovely comment. It was an absolut pleasure to get to know you! We hope to see you very soon💦🙃 … || Thank you Arava & Tamir! It was a great experience, and your guidance and tips were the best part of it",29.5431918,34.9389101
דאנס סטודיו אילת,"https://www.google.com/maps/place/%D7%93%D7%90%D7%A0%D7%A1+%D7%A1%D7%98%D7%95%D7%93%D7%99%D7%95+%D7%90%D7%99%D7%9C%D7%AA%E2%80%AD/@29.5590423,34.8957497,14z/data=!4m10!1m2!2m1!1sYoga+studio+in+Marina,+Eilat,+Israel!3m6!1s0x1500731be4d187d7:0x1e2d65043de8cb77!8m2!3d29.555055!4d34.9489803!15sCiRZb2dhIHN0dWRpbyBpbiBNYXJpbmEsIEVpbGF0LCBJc3JhZWySAQt5b2dhX3N0dWRpb-ABAA!16s%2Fg%2F11vssd8_yz?hl=en&entry=ttu&g_ep=EgoyMDI2MDExMy4wIKXMDSoKLDEwMDc5MjA3M0gBUAM%3D",Wellness-Fitness-Yoga,Wellness-Fitness,Yoga,Yoga studio,0.0,0,,29.555055,34.9489803
DoubleTree by Hilton Aqaba,"https://www.google.com/maps/place/DoubleTree+by+Hilton+Aqaba/@29.5581,34.9482,14z/data=!4m12!1m2!2m1!1sOpera+house+in+Hotel+District,+Eilat,+Israel!3m8!1s0x1500703a445d0359:0xb02ef3ac176c764c!5m2!4m1!1i2!8m2!3d29.530115!4d35.003686!16s%2Fg%2F1tdxy7t7?hl=en&entry=ttu&g_ep=EgoyMDI2MDExMy4wIKXMDSoASAFQAw%3D%3D",Entertainment-Activities-Performance,Entertainment-Activities,Performance,Opera house,4.3,17,"Amazing hotel, centrally located in Aqaba. |Staff was extremely friendly. As my room was not ready yet I got a drink voucher to kill a few minutes until I could go to my junior seaview suite. The room was amazing, great view and a very … || I had a great experience at double tree. The hotel is clean, comfortable, and the staff are very friendly and helpful. Everyone was welcoming and made my stay smooth and enjoyable.  But the highlight of my visit was definitely MIST Spa.  Raghad, the manager, was truly exceptional. She’s the kind of person who makes a real difference — extremely professional, warm, and genuinely caring. She explained everything clearly, helped with recommendations, and even guided us about things to do around the city. Her hospitality and attention to detail made the whole experience unforgettable.  Tasneem was very kind and polite, and Deema, who did my massage, was excellent — skilled, gentle, and very relaxing.  Overall, double tree is great, but MIST Spa — especially with Raghad leading it — takes the experience to another level. Highly recommended. || Dear Ibraheem,  Thank you for choosing us and for taking the time to offer your feedback. We are delighted to know that you enjoyed your visit, and we hope to see you again in the near future.    Kind Regards, Alaa Shishani Front Office Manager/Revenue || We had a wonderful stay at the hotel! The service was outstanding – the staff were kind, welcoming, and always ready to help with anything, big or small. The location is simply perfect – close to all the main attractions, with easy access to transportation, restaurants, and cafés within walking distance. The rooms were very clean, well-maintained, and smelled great – truly a high standard of cleanliness. In short, a hotel that feels like home, with excellent service and a perfect location. We’ll definitely be back! 🌟 || Dear Ali,  Thank you for choosing us and for taking the time to offer your feedback. We are delighted to know that you enjoyed your visit, definitely your review will be shared with our team members.  DoubleTree by Hilton Aqaba team looks forward to welcoming you again in the near future.  Kind Regards,  Mariam Sirbel  DoubleTree by Hilton Aqaba || Our stay at the hotel was absolutely perfect. Everything was well arranged, clean, and comfortable, making our experience truly enjoyable. A special thank-you goes to Ms. Anne, whose friendly and kind attitude added a warm touch to our … || We had a truly wonderful time during our stay at the hotel. From the moment we arrived, the *reception staff* made us feel incredibly welcome—friendly, professional, and always ready to help with a smile.  A special shout-out to the pool guard who ensured everything was safe and relaxing, and to the bartender, whose drinks and energy added the perfect touch to our day at the pool. Their service was nothing short of extraordinary —attentive, kind, and genuinely caring.  Thank you all for making our stay so memorable. We’ll definitely be back! || Dear David,  Thank you for choosing us and for taking the time to offer your feedback. We are delighted to know that you enjoyed your visit, and we hope to see you again in the near future.    Kind Regards, Alaa Shishani Front Office Manager/Revenue || Very nice Hotel. Rooms are very beautiful. Staff is very nice and care about guests. Especially the breakfast staff are very friendly and ensure a good meal, even for vegetarians.  Room service is great and very fast. I recommend for people that want a beautiful hotel in the center of the city with a nice view || Dear C,  Thank you for choosing us and for taking the time to offer your feedback. We are delighted to know that you enjoyed your visit, and we hope to see you again in the near future.    Kind Regards, Alaa Shishani Front Office Manager/Revenue || The Hilton DoubleTree in Aqaba is our go-to hotel for frequent weekend trips as a group of friends, as it has everything we need for a comfortable and enjoyable stay. Carmen and the reception team are always friendly and welcoming, making … || I had a wonderful stay at this hotel. The location is very convenient, the service is excellent, and the staff are polite and extremely helpful. The breakfast was very good as well. A special thank you to Charina, who made our mornings brighter with her smile and positive energy — she truly made our day! || Dear Amin,  Thank you for choosing us and for taking the time to offer your feedback. We are delighted to know that you enjoyed your visit, and we hope to see you again in the near future.    Kind Regards, Alaa Shishani Front Office Manager/Revenue || Best hotel with best customer service in central of Aqaba. You can literally walk couple mins to every single biz in town. Decent price with top notch quality from room service to breakfast... Their cookies are the best too! They upgraded their room so you can easily charge your devices with high tech outlet, love it. || Dear Nghyen,  Thank you for choosing us and for taking the time to offer your feedback. We are delighted to know that you enjoyed your visit, and we hope to see you again in the near future.    Kind Regards, Alaa Shishani Front Office Manager/Revenue || It was truly one of the best experiences I’ve had during my stay at this hotel. I would like to thank the wonderful staff for their hospitality, and a special thanks to Chef Moayad for his elegant manners and exceptional skills. He made the most delicious pancakes and omelette during breakfast. Highly recommended! || Dear Soha,  Thank you for choosing us and for taking the time to offer your feedback. We are delighted to know that you enjoyed your visit, and we hope to see you again in the near future.    Kind Regards, Alaa Shishani Front Office Manager/Revenue",29.530115,35.003686
Captain's Hotel,"https://www.google.com/maps/place/Captain's+Hotel/@29.5581,34.9482,14z/data=!4m12!1m2!2m1!1sOpera+house+in+Hotel+District,+Eilat,+Israel!3m8!1s0x15007036e4b4615f:0x67e6745d87e9010!5m2!4m1!1i2!8m2!3d29.5313304!4d35.002674!16s%2Fg%2F1vwgy99p?hl=en&entry=ttu&g_ep=EgoyMDI2MDExMy4wIKXMDSoASAFQAw%3D%3D",Entertainment-Activities-Performance,Entertainment-Activities,Performance,Opera house,4.0,10,"""My experience at the hotel was truly memorable. The hotel stands out for its impeccable cleanliness and welcoming reception. I would like to specifically mention the employee Doaa, as her friendly and professional demeanor made my experience even more comfortable and special. I give her five stars. || This is a 3-star hotel, and considering its category, the rooms, bathrooms, and facilities are excellent. The service is outstanding, and the staff are extremely helpful and friendly. The reception team is exceptional — very welcoming and professional.  A small note: the rooms close to the street can be a bit noisy due to sounds from nearby restaurants and cafés. I shared this feedback with the reception staff, and they responded promptly and helpfully.  Thank you for the wonderful hospitality! || Lovely hotel and very nice staff especially Mr abdallah dweik ! he’s very friendly, polite and extremely helpful. Simply the best !!! He helped make the stay at the hotel easy and enjoyable ! We appreciated his help very much ! || Not Worth the Price, Not a good time. On first site, the room was dirty, the fridge was grimy, the floor had broken chips, (under the bed). The Air Conditioner wouldn't even work, and it was boiling inside the room. I called reception four times they only came twice. The first guy smacked it and said it'd work, the second guy walked in and told us to wait for it to work. Both did absolutely nothing. The reception was extremely lazy even not answering most of the time. The bathroom was honestly a travesty, NO LOCK? the shower head was swinging. The pool was enjoyable, and decently big. Overall do not come here, it's 100% not worth the time or money and you should just go somewhere else. Nothing you need over here. || ""Great value for money"" Clean and new rooms, centrally located, attentive and friendly front desk staff. Highly recommend! || Poor room service, Poor hygiene, Loud music, and no respect for check out timing. I specifically mentioned that I needed a late check out (3:00pm) and that mentioned in my reservation, and had the front desk calling me continuously from 11:00 pm to check out. Then the room service started knocking on my door loudly to make me leave at 11:30.  This is the worst experience in Aqaba so far. || We stayed at this 3-star hotel in downtown Aqaba, very close to the public beach, on November 30. Since it wasn’t a busy time, the hotel allowed us an early check-in, which was a nice start.  We stayed for one night. The staff was very friendly, and the room was clean, tidy, and had a partial sea view. We were supposed to have a breakfast buffet, but since there were no other guests at the time, the hotel prepared breakfast just for us. There were plenty of options, and everything was good ,no complaints at all.  For the price we paid, it was a very good experience overall , clean, well-located, and welcoming. || Great views of the Red Sea. Easy to walk to sites around the area. Breakfast and suppers were excellent. Easy access the beach. Very clean. Staff was great and very accommodating. We didn’t use the nail or foot spa or the car rental but they are on site. || The hotel is well located, simple but clean and well equipped rooms.  The staff is very friendly and helpfull esp. Mr. Hamzah  and Ms. Doaa' at the reception. || ""I had a fantastic stay at The Captain’s Hotel in Aqaba. From the moment I arrived, the service was truly excellent—the staff are attentive, professional, and go out of their way to make you feel welcome. One of the highlights was how efficiently the hotel is run; both check-in and check-out were incredibly quick and hassle-free, which I really appreciated. Additionally, the on-site restaurant is a must-visit. The food was delicious, well-prepared, and served with the same high level of hospitality found throughout the hotel. Highly recommended for anyone visiting Aqaba!""",29.5313304,35.002674
Herbert Samuel The Reef Eilat,"https://www.google.com/maps/place/Herbert+Samuel+The+Reef+Eilat/@29.5143269,34.8876949,14z/data=!4m13!1m2!2m1!1sOpera+house+in+Hotel+District,+Eilat,+Israel!3m9!1s0x150073bee10ba773:0x6cf142d00902a764!5m2!4m1!1i2!8m2!3d29.5143269!4d34.9258037!15sCixPcGVyYSBob3VzZSBpbiBIb3RlbCBEaXN0cmljdCwgRWlsYXQsIElzcmFlbFosIipvcGVyYSBob3VzZSBpbiBob3RlbCBkaXN0cmljdCBlaWxhdCBpc3JhZWySAQVob3RlbOABAA!16s%2Fg%2F1tdbt306?hl=en&entry=ttu&g_ep=EgoyMDI2MDExMy4wIKXMDSoASAFQAw%3D%3D",Entertainment-Activities-Performance,Entertainment-Activities,Performance,Opera house,4.4,10,"Dreadful experience and huge disappointment. Inconsiderate service at best, fraudulent at worst. There was a disgustingly overwhelming chemical fragrance throughout the hotel, including the dining room. They actually take pride in their toxic indoor air pollution and they call it their ""signature scent"", from which we all suffered adverse health. Rooms with sea views were disappointing, as the sea view was limited and most of the view was to the noisy tennis courts. Mouldy doors and poor maintenance. Swimming pool was unheated and there was no sauna or hot tub available. It was slso very much overpriced for what was on offer. The only nice thing was the fact that it was on the beach and you don't have to cross the road to get to the beach. We left after one night to the nearby Isrotel Yam Suf, across the road, which was a much better (and less expensive) hotel, with stunning sea and mountain views, great service and elegant atmosphere. You can also breathe the lovely sea breeze without the sickening stink of synthetic fragrances around you. || A charming and luxurious hotel with a pool and a nearby beach. You have to take into account that it is not in the center, for us this was an advantage. Good breakfast, excellent service, the rooms are large and very luxurious, we loved it. … || Outstanding Service and Great Value Our experience at the hotel exceeded all expectations. The staff were incredibly kind and helpful, especially Alon and Slava at the front desk who went above and beyond to make our stay enjoyable.  The breakfast was generous and varied, with a wide selection of fresh and tasty options, including freshly squeezed juices and every kind of coffee you could want.  The hotel also offers direct access to a beach with complimentary kayaking and surfing equipment, which was a fantastic bonus.  While it’s not the most luxurious hotel, it’s clean, located in a fun and lively area, and above all – the service is truly exceptional.  Highly recommended! || This is our 4th stay, we enjoy it immensely. One of the only hotels in Eilat that is really on the beach|Great see view, Attentive staff|Amazing breakfast right near the beach || An Honest Review After 15 Years – This Will Definitely Be My Last Time! After 15 years of coming to this hotel every year, this time will be my very last visit. I booked a Shangri-La Villa, which is supposed to be the hotel’s VIP accommodation — but everything inside is broken and falling apart. There are ants in the room, the light switches don’t work, the electric curtains have been dead for years, and all the furniture is old and crumbling. The TV looks like it’s from before the state was founded, the shower pressure is extremely weak, and the dining room food is worse than an army base cafeteria. And all of this costs 2,500₪ per night — on a weekday, not even during a holiday! An absolute disgrace and shame. ‏ I have to say that the service from the stuff is very good, but it has nothing to do with the poor condition of the accommodations! || The hotel itself is remote, quite and feels new for the most part. The staff is nice and accommodating. Be advised, this hotel is far from the city, a 10 minute drive by car at least. This isnt a negative, just something to look out for. || I come for a 2 days holiday with my son . |I pay 1300€ for 2 nights. ||In our room, we find cockroach|They came to pick up the dirty towels, but they never left new one. ||The sun bed mattresses was so dirty that it was disgusting to lay … || For me it ithe best hotel in Eilat, on the beach direct access to snorkel and view beautiful fishes near the coralt reserve, sea surfing, excellent breakfast, good service and not crouded. Recommended! || Great location, excellent service. Very good breakfast. Room could use some renovation. || We’ve just completed a perfect family vacation at the reef hotel in eilat. This hotel is how hotels should be. Perfect location. Great breakfast. But the crown of this hotel is the staff ! Always ahead of what you need and want. Always with a smile and with a speedy service. It starts with the receptionists and all the way to the cleaning staff. Everything is pleasant and clean. Highly recommended!!!",29.5143269,34.9258037
U Coral Beach Club,"https://www.google.com/maps/place/U+Coral+Beach+Club/@29.5143269,34.8876949,14z/data=!4m13!1m2!2m1!1sOpera+house+in+Hotel+District,+Eilat,+Israel!3m9!1s0x150073be853ecf45:0x440978cb1638aa11!5m2!4m1!1i2!8m2!3d29.5142352!4d34.9237189!15sCixPcGVyYSBob3VzZSBpbiBIb3RlbCBEaXN0cmljdCwgRWlsYXQsIElzcmFlbFosIipvcGVyYSBob3VzZSBpbiBob3RlbCBkaXN0cmljdCBlaWxhdCBpc3JhZWySAQVob3RlbOABAA!16s%2Fg%2F11b8v9s7vk?hl=en&entry=ttu&g_ep=EgoyMDI2MDExMy4wIKXMDSoASAFQAw%3D%3D",Entertainment-Activities-Performance,Entertainment-Activities,Performance,Opera house,4.3,14,"The Best Hotel in Eilat for kids!!!!!! There is no other hotel that will take it from U koral beach. Just bring your kid in the morning to the entertainment crew and your kid will be busy all day - amazing! Yes, it pretty far from the main city, but you have everything in the hotel, even beach nearby. I will come back next year! || Thank you so much for your wonderful review! We’re delighted to hear you enjoyed your stay and we look forward to welcoming you back again soon. 🌞 … || I have visited this resort 4 times over the past 27 years (three times in the past five years) and am always happy to return there. The staff are friendly and attentive, the location is excellent - within walking distance of tennis courts, … || I have stayed at U Coral Beach Club multiple times in the past few years with my wife. Overall, it remains one of the most activity-rich hotels in Eilat, but the standards decline each year and might no longer fully justify the price.  Room cleanliness was disappointing. We were upgraded from a Superior U room (the most basic category) to a balcony room, but the upgrade was not worthwhile. Last time we stayed in the Superior U room, and to me it felt newer, cleaner, and had a much nicer bathroom than the balcony room. The balcony room’s bathroom was very small, with a combined tub/shower and only a half glass partition, so water splashed everywhere. The Superior U bathroom, while shower-only, is more spacious and modern. In the balcony room, the tub felt old and not properly cleaned, there was hair on the bed, the sofa bed was opened without request, and there was no water or welcome package in the room..  I would not recommend staying during a storm. Check the weather! The power went out for about half an hour, and roads into and out of Eilat were closed. Reception handled this well and graciously offered us an additional night at a slightly discounted rate (around 10%), which we declined. Instead, they offered a complimentary dinner pass, which was much appreciated.  The food remains a strong point. Dinner was excellent, with a wide and impressive variety: steaks, asado, pulled beef bao buns, schnitzel, chicken dishes, and more. The variety is consistently very good. Breakfast, however, was underwhelming. Limited selection, poor pastries, mediocre orange juice, and only black and green tea available.  The dairy restaurant is very good, but availability is limited to certain days and requires first-come, first-served sign-up. Arriving early is essential.  Unlimited cocktails are fun, but the bar offering is basic. Mostly straight liquors with fruit juices. The slushies are extremely sweet and artificial. Bartender skill varies significantly, though one bartender managed to make a decent piña colada. Drinks are always served in plastic cups, though glass cups can be requested at the indoor bar.  Snorkel rentals and beach equipment are excellent. However, windsurfing is advertised but never seems to happen. On multiple visits there has always been an excuse. This time we were told the instructor had passed away...  I would go again, mainly because no other hotel in Eilat offers this level of activities and programming. That said, for the price, cleanliness, room quality, and overall standards should be higher. || We had the best weekend ever! The bridge too the beach is amazing,food was more than expected so much verity options in every meal! The view from the room was breathtaking, it was fun n relaxing.. thank you || Thank you so much for your wonderful feedback! We’re delighted to hear that you had such an amazing weekend and enjoyed the easy beach access, the rich variety of food, and the beautiful room view. It’s great to know your stay was both fun and relaxing. We truly appreciate your kind words! || We have been guests of this hotel for the best part of 20 years already from when it was Club Med, sometimes just the 2 of us, at other times with our family of 8 to 10. In general it used to be very good but has progressively badly … || We have been guests of this hotel for at least 20 years, at times the 2 of us only, other times with a family of 8 to 10. In general it’s good, though standards get progressively lower and lower. The beach is no longer private. The quality … || I left something behind, I feel so bad because it was my favourite to play with. It smells a little, but I promise it’s friendly. Don’t forget to feed it. It’s called “Nigel” please shout his name because he’s hard of hearing. He’s shy so could only one person look for him. Thank you. You are all so lovely. I will come back in 2 days please find him 💔 || Thank you so much for your wonderful review! We’re delighted to hear you enjoyed your stay and we look forward to welcoming you back again soon. 🌞 … || Our stay at Club Inn Eilat was a nightmare from start to finish. The room was neglected and filthy, with peeling walls and a constant smell of mold and dampness. The bathroom was covered with mold – absolutely unacceptable for a hotel, more … || For those who want to save on shopping and dining out  -U coral beach is the perfect place.5 meals -breakfast,dinner,coffee and cake,supper,pizza stand at night,free bar from 9 till 00,entertaining programs for grown ups and kids-so no need … || Huge Thanks to U Coral Beach!  We stayed at U Coral Beach and left with the best impression possible—mostly thanks to the incredible and caring staff.  The welcome was warm and professional. The reception team—just amazing! Polite, patient, and genuinely respectful towards guests. Every request was met promptly and with a smile, every question received an immediate answer, as if they were just waiting to assist.  The rooms were clean, tidy, and equipped with everything you need. And if something was missing, we only had to ask,...It was there. The attention to detail was evident at every turn.  A special thank-you to Pnina, who takes care of guests with allergies. Her attitude was exceptional, straight from the heart. Even on our departure day, she made sure we had sweet surprises and everything we needed for the journey.  The hotel runs on an “all-inclusive” basis, and we’d say—“all-inclusive plus”! Delicious, diverse, clean, and always served with courtesy.  We can’t forget to mention the U Eataly restaurant—part of the package, but it felt like a true bonus! The waitstaff—simply outstanding: polite, quick, and making you feel like a VIP. Even if you’re not a huge fan of Italian cuisine, once you taste it here, you’ll fall in love. We had lunch there and couldn’t make it to dinner.  The hotel offers activities for the whole family—kids, adults, evening shows—it’s all just wonderful.  The lobby bar and the pool bar are always available—hot drinks, cold drinks, whatever you need. And the staff—oh, their patience! With kids, and… let’s just say, with some adults too.  We also want to highlight how the management treats the staff. We witnessed a situation with a guest complaint (let’s be honest—every hotel has them), and we were impressed by how professionally and compassionately it was handled. The manager showed respect both to the guest and to the junior staff member, supporting her while politely resolving the issue. It was very impressive.  U Coral Beach, everything was fantastic! Thank you for an amazing vacation. We will definitely come back! || dear guests Thanks for the support on the site, We are happy to know that you enjoyed your stay We were happy to host you and would love to see you again soon welcome Hotel staff",29.5142352,34.9237189
G Hotel Eilat,"https://www.google.com/maps/place/G+Hotel+Eilat/@29.5143269,34.8876949,14z/data=!4m13!1m2!2m1!1sOpera+house+in+Hotel+District,+Eilat,+Israel!3m9!1s0x150071485a3a90b9:0x2546b120fe97373c!5m2!4m1!1i2!8m2!3d29.555589!4d34.95963!15sCixPcGVyYSBob3VzZSBpbiBIb3RlbCBEaXN0cmljdCwgRWlsYXQsIElzcmFlbJIBBWhvdGVs4AEA!16s%2Fg%2F11s2lx4wn3?hl=en&entry=ttu&g_ep=EgoyMDI2MDExMy4wIKXMDSoASAFQAw%3D%3D",Entertainment-Activities-Performance,Entertainment-Activities,Performance,Opera house,2.4,10,"Definitely not the best hotel we’ve been to in Eilat. Staff: understaffed, unprofessional and rude at times. When you ask for something, nothing is done with a smile.  Pool: The “lifeguard” is a joke, as there’s not really a lifeguard present during the pool opening hours. If you see him more than 5 minutes every other hour, that’s already a big deal. Also there’s a sign showing pool opening hours 08:30-17:00, which is ridiculous as who shuts the pool at 17:00 during summer hours and one morning when we arrived at the pool, the pool was closed and we had to wait until 09:30 for the staff member to open it up. Also quite noisy during certain hours as they play music which is so not relevant. The pool was also quite filthy, haven’t seen them use a filter at night.  Rooms: rooms are filthy, not well maintained and quite small.  Restaurant: even though constantly flies 🪰present, the breakfast is somewhat alright but for dinner it’s really very monotonous as every night the same choice except for on Thursday when suddenly they do a little bit more effort just because it’s weekend and more guests arrive. Conclusion: we won’t be returning to this hotel. || We stayed at G-Hotel Eilat for four nights and had a great experience. The service was excellent, and both breakfast and dinner had a wide variety of delicious options. Highly recommended! || More of a hostel than a Hotel. Reception closes at 19:00. Room are a mess. T.V remote didn't work.  The pool is nice, though || During a weekend at the hotel. I must say that the service is below all criticism, very bad, very bad food, dirty rooms, no towels in the hotel, very bad security. This is the first and last time I will come near you. Shame and disgrace. || Hotel is a place where you rest and sleep. Well, I didn’t sleep. At all.  This is not an expensive hotel, and I chose it purely for its location: proximity to ice mall and the beach I like.  We booked a room for two with a view.  Here we go:  Arriving. I understand that Eilat is mostly a local vacation, but for the person at the reception to not speak any English is absurd. To the point, that he can’t ask our names in English. This left my boyfriend to not be able to independently move around the hotel and get breakfast… check in (aside of the language issue) was super easy.  The room. Tiny room. The first thing we did is  we killed three giant cockroaches (cause that’s what you miss on a vacation!). Interenet was extremely slow. The TV has 16 channels, half of which didn’t even work and the next evening I wasn’t even able to turn the tv on, due to cable shift that I didn’t even have the energy to try and fix it. The reception phone line is never answered. No tooth paste. The balcony is non existent. It is 6 inch wide, and no child could stand there let along a grown up person. View was to the parking lot.  Parking lot doesn’t have nearly enough spots for every visitor and the cars remain in the sun.  Wi-Fi. Barely reached our room.  Breakfast is cosher dairy. Looks large, but most foods are frozen pizzas and similar frozen pastry products. The only good thing was fresh omelettes. Although the guy that makes them didn’t speak any English  and even in Hebrew would just ignore instructions and requests. Like basic ones. I’m not that picky.  Swimming pool. Looks cool at first sight. But it’s barely 6 ft deep at the deepest, and as a diver I have explored the bottom and it is disturbing: hair, dead flys, and other things.  Room Service. No towel change option. Hopefully because we were there for only 2 nights, but still. Bed sheets were not changed or made up. The cleaning knocked on our door early and didn’t let us sleep to ask if we want cleaning. To what I said “not now” and they never came back.  Nearby supermarket. Good for midnight snack and they do speak English. Sunscreen is available. Located in the same building. Very convenient.  I keep the best for last, as always. NOISE. Our room is located next to the stairs. The first night, all night long everyone would slam the F door non stop. We stepped outside to open it permanently and of course the magnet didn’t work. People just continued slamming the door all night long.  Hold on. It gets better. The second night comes and did I mention that I have PTSD? Oh how is that relevant? Well, 2am second night in andddddddd some type of alert starts going off, freaking the S out of me and as a result my boyfriend. Sounded like a red alert in the south and then a women voice saying something. I never made sense of what she is saying, but until 4:30am it won’t shut up, keeping me not only up, but terrified not knowing what to think. || We stayed in this so called ""hotel"" they charged us double for two rooms they charged four rooms. Also they consisered my 2 month infant qs an addult qnd chqrged my credit card. They closed the gate to enter with a car then they guoded me onto the spikes which took out 2 tires. There was no compensatiom and they did not let me speak to a manager they are the worst staff, worst hoyel by far || STAY AWAY! horrible experience  Liked · Location- not far from the main attractions of eilat, though quite a distance from the beach lobby- the only part of the hotel which is looked after breakfast was okay- foodwise was not bad, but they ran out of plates so we found ourselves waiting 20 min for some plates room was fine Hotel is recommended only for travelers who need a cheap spot to stay the night, but still, probably an Airbnb would do the job better  Disliked · Almost everything about it. The hotel is old, and unmaintained, since the first step you are welcomed by the smell of trash, at the second step towards the room, you are already witnessing a 30-year-old carpet, that looks and smells like a 30-year-old carpet. trash everywhere!!! cigarette buds! stains of god knows what on the filthy carpets everywhere pool is big, very unwelcoming by the looks of its surroundings, loud electronic music, tremendous amount of noise. almost no parking. || Good location and friendly staff however the room was dirty, the TV didn't work and basic amenities were missing. The whole building needs a renovation. || Too much noise, really bad loud music is playing WAY AFTER the legal hours. The hotel guests are also loud and rude, would never visit again || If i could rate it 0 stars, I would. The rooms are a claustrophobic nightmare, with zero sound isolation, a ""balcony"" is about 6"" wide, I can go on and on with the descriptions...",29.555589,34.95963
Herbert Samuel Royal Shangri-La Eilat,"https://www.google.com/maps/place/Herbert+Samuel+Royal+Shangri-La+Eilat/@29.5067787,34.8790054,14z/data=!4m13!1m2!2m1!1sOpera+house+in+Hotel+District,+Eilat,+Israel!3m9!1s0x150073907f96208f:0x8a99239d76b403aa!5m2!4m1!1i2!8m2!3d29.5067787!4d34.9171142!15sCixPcGVyYSBob3VzZSBpbiBIb3RlbCBEaXN0cmljdCwgRWlsYXQsIElzcmFlbFosIipvcGVyYSBob3VzZSBpbiBob3RlbCBkaXN0cmljdCBlaWxhdCBpc3JhZWySAQVob3RlbOABAA!16s%2Fg%2F11fpfr8cxr?hl=en&entry=ttu&g_ep=EgoyMDI2MDExMy4wIKXMDSoASAFQAw%3D%3D",Entertainment-Activities-Performance,Entertainment-Activities,Performance,Opera house,4.2,14,"The rooms were dirty, and the price was ridiculous for such substandard accommodations. The children had to climb up a very steep ladder to the loft, it was dangerous. I would not recommend staying here. If they improved the quality of the room, the location and design is lovely. || A wonderful hotel with a wonderful and helpful staff who are always there to help you and make you feel at home. We would like to give special thanks to Patricia, the receptionist, as she was incredibly helpful, friendly, thoughtful, and generous towards us throughout our stay and made it a very memorable one. A generous breakfast was served. || well I think the amount of money I paid too much for basic room I request it Deluxe Room I got normal room.with no view only a tree front end up with no hot water first night I requested to be checked but no one checked also next day no … || We’ll definitely be back, amazing hotel with stunning views on a quiet location outside of the city. High level service and overall the hotel has a very pastoral feeling. Rooms are super clean and comfortable beds. The most beautiful beaches with the coral reef for snorkeling and diving are right next to the hotel which was just perfect for us. || Dear Miriam , Thank you for your lovely review.  Sincerely, || Well, overall experience is good, BUT…some rooms are good and looks like the pictures and some are really not! The hotel in general looks very luxurious, the standard rooms are not nicer than the orchid rooms which is sad. The lounge with free food all day is really good and the view is very nice. I would recommend to take the private villa and above if you want to feel the Shangri-la experience and not to be disappointed. Overall prices are decent. || Dear Daniel, Thank you for your review.  We hope to see you soon again on your next vacation  . Sincerely, || We ended up leaving immediately and going to stay elsewhere. The rooms look NOTHING like the online pictures. It is old and dirty. We waited 3 hours for a room after being told it would only be 15 mins. Would ABSOLUTELY not recommend. We have stayed in over 30 countries at 5 star hotels and this is most definitely not one of them. Maybe 3 stars at best! || Dear Sara , Thank you for sharing your valuable feedback with us. . Providing the highest level of guest satisfaction is our number one priority and we sincerely regret falling short of meeting your expectations. As a teachable moment, we have shared your comments with the appropriate hotel team to ensure necessary guidelines are in place for the future. We hope to have an opportunity to better your experience whenever your travels bring you back to Eilat in the future. Sincerely || Rooms are so-so but the worst is that guest are smoking next to and in the pool - noone says a word. Quite disgusting. || The front desk has been incredibly nice and helpful and was very helpful in advice on what to do in the city. Parking is adequate. Hotel was very clean as well as the room. The breakfast was better than what I expected. Though we didn't spend too much time in the hotel, other than sleeping but it left a great impression on us! Our sheets, towels and surfaces of desk, counter and bathroom were all regularly cleaned during our stay The view from the Top near the lobby gives a very peaceful, relaxing outlook. Every staff member we came across, had a smile and nothing was too much trouble, even the cleaners. It is a very well run hotel and staff look like they enjoy working there. We will definitely be back || I have been to hotels across israel and around the globe, and this is by far the most fraudulently misleading hotel in terms of the difference between the website/pictures and the reality. It is dirty, decaying, smelly, damp; the pool is tiny, the grass is fake, the materials are falling apart. And the service is terrible. We came here as a whole group and were each  absolutely shocked at the state of the place compared to the stunning photographs advertised on the website. || Simply unreal; we paid dearly for this hotel and we had NO parking in their parking lot. The staff told us to park it outside and that its gonna be ok. The next day we got TWO PARKING TICKETS. When confronted the owner AVI, he YELLED at us and used foul language insinuating that WE TROUBLED HIM for our problem. The dude literally yelled and used profanity instead of fixing a problem that his establishment created! Do not waste your time in this place, your business is not appreciated and apparently Avi the manager could care less about you or the problems their hotel is creating. On top of the parking situation, the maintenance in the facility is non existent, the electric cart that picked us up stopped half way cause the battery ran out and the driver told us we have to climb up with all our luggage. I can go on and on but honestly it’s just an embarrassment that we paid all this money for such a horrible experience. || Dear guests, thank you for your reviews and comments, which are being reviewed by us.",29.5067787,34.9171142
Nightmare Horror Maze,"https://www.google.com/maps/place/Nightmare+Horror+Maze/@29.5513032,34.9135675,14z/data=!4m13!1m2!2m1!1sOpera+house+in+Hotel+District,+Eilat,+Israel!3m9!1s0x150071f7b41eb6ef:0x9f22de0ae699a329!5m2!4m1!1i2!8m2!3d29.5513032!4d34.9516763!15sCixPcGVyYSBob3VzZSBpbiBIb3RlbCBEaXN0cmljdCwgRWlsYXQsIElzcmFlbFosIipvcGVyYSBob3VzZSBpbiBob3RlbCBkaXN0cmljdCBlaWxhdCBpc3JhZWySARJ0b3VyaXN0X2F0dHJhY3Rpb27gAQA!16s%2Fg%2F1tfn6hgt?hl=en&entry=ttu&g_ep=EgoyMDI2MDExMy4wIKXMDSoASAFQAw%3D%3D",Entertainment-Activities-Performance,Entertainment-Activities,Performance,Opera house,4.0,10,"The place is scary but not as much as other places like this in Israel (like the maze ect.) And it's cost more than the other places. The time in the activity depends on the speed you're moving inside. If you're moving fast it's about 5 minutes tops. || This place was definitely scary! Went with my 14 year old son and 12 year old daughter. They had a very scary experience, but my daughter was really scared and even cried a bit at the end. Still loved it though. It is pretty expensive however for such a short experience. I'm glad we went anyway and had the experience. || Been there like 15 years ago and not much has changed.  It's different experience and I like it.  The only reason I gave it 4 stars is how short the activity is and extremely expensive. || It was far more terrifying than I expected! I wouldn’t recommend it if you don’t like scary things, but if you’re feeling brave, consider paying this place a visit! || 70₪ for 7 minutes of ""horror"". not even a maze just a corridor with a few corners and easily predicted jump-""scares"" || A nice and scary place.For some reason no restrooms at a site.As supposed was scary... but not for a 40 year old. || Really nice sort of spooky experience. Is less scary than it used to be, but still something you should try at least once. || Take full caution if you go there! The place is not safe and the management is covering it. not worth the risk any more... || Good effects but less than 10 mintues and 60 ils is too much for what you get. || Not scary at all! Go with 2 year olds or maybe 4 year olds",29.5513032,34.9516763
The Coral Beach Pearl,"https://www.google.com/maps/place/The+Coral+Beach+Pearl/@29.5513032,34.9135675,14z/data=!4m13!1m2!2m1!1sOpera+house+in+Hotel+District,+Eilat,+Israel!3m9!1s0x150071f8b8591205:0x4ec4cbbd46d46a9f!5m2!4m1!1i2!8m2!3d29.5121344!4d34.9243297!15sCixPcGVyYSBob3VzZSBpbiBIb3RlbCBEaXN0cmljdCwgRWlsYXQsIElzcmFlbJIBBWhvdGVs4AEA!16s%2Fg%2F11xd7t5mb?hl=en&entry=ttu&g_ep=EgoyMDI2MDExMy4wIKXMDSoASAFQAw%3D%3D",Entertainment-Activities-Performance,Entertainment-Activities,Performance,Opera house,4.4,10,"This place is fantastic. We booked specifically as we were diving with the school downstairs, Deep Siam which is also great. The rooms are quite modern and everything is what we expected. What makes this place stand out for us is the location and friendly demeanor of everyone involved. We initially were in one of the smaller rooms (still a fair size) but when a larger one was available the manager upgraded us at no charge as they didn't have any bookings for those rooms. The restaurant downstairs closes early, about 8-30pm so the rooms are peaceful at night. If you are diving in Eilat, we couldn't imagine a more perfect location. || The place have six rooms, we had suite with a wonderful full sea view. The room was clean and comfortable. The breakfast was served at the restaurant below the rooms, also with a relaxing sea view. The dishes were big and tasty. || Thank you Adi for a lovely weekend|This awesome place has onley 6 rooms on top of bar beach restaurant||You get breakfast at the restaurant and  a balcony on top to the beach with the most amazing view ever||You are so close to the water … || This place was clean and was right on the beach which was nice. But If you need to get a good night's sleep don't pick this location. I knew going in that it was above a bar but online the bar was listed as closing at 10. They were up … || There are 6 rooms, we were in the suite. beautiful sea view, the room was clean and the breakfasts were exellent. great B&B in a fair price. It is a bit hard to find the place so look for barbeach restaurant, it will be easier. || The place is a bit hard to find but if you will ask for barbeach restaurant (it is right above it) you will find it easily. The room was very clean and big with amazing sea view.  Breakfast was great (also with sea view) and staff was kind. || Service was horrifying and amateurish. I ordered a room and finally it turned out that there was confusion and I was left without a room. ||||For weeks I have been trying to talk to her and she is busy with her family. She calmed me down … || We arrived for too short of a visit 24 hours getaway|Restaurant and hotel service was amazing|Scuba service was great for both scuba and snorkeling |Food and view perfect|We took two rooms number 3&4 with ocean view|Can’t ask for more | || Wonderful hotel for a family vacation. The service is impeccable, the food is great and the hotel is clean even when busy. Great spot for snorkeling and pools that are not too cold || It's a beautiful place the actual beach is not fine sand it's more Rocky so bring water shoes but the water is Crystal clear and there are beautiful fish all over and the reefs are a short swim away.",29.5121344,34.9243297
Horizon Red Sea,"https://www.google.com/maps/place/Horizon+Red+Sea/@29.5513032,34.9135675,14z/data=!4m13!1m2!2m1!1sOpera+house+in+Hotel+District,+Eilat,+Israel!3m9!1s0x150071003b58dfe3:0x68d9304ddec89a3!5m2!4m1!1i2!8m2!3d29.5538248!4d34.9525344!15sCixPcGVyYSBob3VzZSBpbiBIb3RlbCBEaXN0cmljdCwgRWlsYXQsIElzcmFlbJIBBWhvdGVs4AEA!16s%2Fg%2F11zklwc267?hl=en&entry=ttu&g_ep=EgoyMDI2MDExMy4wIKXMDSoASAFQAw%3D%3D",Entertainment-Activities-Performance,Entertainment-Activities,Performance,Opera house,2.3,3,"To anyone still falling for the shiny ads and Photoshopped pictures on your website—at least when it comes to the Brown Red Sea hotel in Eilat.Our stay this week was supposed to be a break from the chaos in the center of the country. We … || In the late evening we looked for a nice cafe in the hotel area that wasn't shawarma - none. In the hotel - none. The location seems central but around the hotel in the evening it's not nice to say the least. From the window you can barely see a small piece of sea. If you're coming to Eilat, I recommend taking a hotel close to the sea and the promenade. Add a little that this is the payment for taxis. You'll get up at dawn in front of the beautiful Red Sea and not in front of dirty streets🤗 The service in the lobby was reasonable. The remote control and phone in the room didn't work, they sent a technician - this should have been done in advance and not while I was lying in bed. The coffee stand is cramped. You can be more generous in the area where the hotel is located. Especially for those who don't come with a car. It should be noted that the hotel is suitable for those who come with a car, there is parking on a space-available basis. || The hotel is old and neglected the staff doesn't do their job they're slobbering in the dining room",29.5538248,34.9525344
Astral Nirvana Suites,"https://www.google.com/maps/place/Astral+Nirvana+Suites/@29.5513032,34.9135675,14z/data=!4m13!1m2!2m1!1sOpera+house+in+Hotel+District,+Eilat,+Israel!3m9!1s0x150071f913ff09d9:0x37986f442e6f3053!5m2!4m1!1i2!8m2!3d29.556363!4d34.9547762!15sCixPcGVyYSBob3VzZSBpbiBIb3RlbCBEaXN0cmljdCwgRWlsYXQsIElzcmFlbFosIipvcGVyYSBob3VzZSBpbiBob3RlbCBkaXN0cmljdCBlaWxhdCBpc3JhZWySAQVob3RlbOABAA!16s%2Fg%2F11h196rzb5?hl=en&entry=ttu&g_ep=EgoyMDI2MDExMy4wIKXMDSoASAFQAw%3D%3D",Entertainment-Activities-Performance,Entertainment-Activities,Performance,Opera house,4.1,10,"We stayed at Astral Nirvana Suites in Eilat and unfortunately our experience was disappointing.  The general maintenance of the hotel is very poor. Both the hotel areas and the room were not clean, and the indoor pool was especially unpleasant — the water was dirty, the deck around the pool looked almost rotten, and there were many flies constantly flying around, which made it feel unhygienic and uncomfortable.  We also had ongoing issues with the room key. The door frequently wouldn’t open properly, and we had to go to reception for assistance almost twice a day, which was very frustrating.  In addition, the bed in our room was broken. I reported it in the morning, but nothing was done until I complained again in the afternoon. My husband had to sleep on the couch for one night, and it took a full day for the bed to finally be replaced.  The food quality was also very poor. We had breakfast and dinner included, but the food was so bad that we ended up taking the kids out to eat elsewhere.  The only positive things about the hotel were the open bar in the lobby — free drinks for adults and slushies for the kids  Even with the cheap cost, the overall experience was so poor that it simply isn’t worth the stay. Due to the lack of cleanliness, bad maintenance, and low-quality food, we will not be returning. || The hotel is very nice and clean. Even though it is a small hotel it has everything from a kids play room, arcade room and pool. The food was very good and plenty. We got half board which was basically all inclusive with unlimited drinks, slushies, coffee,  snacks, etc. The staff was very nice and friendly. The only thing missing was there was no conditioner or body lotion in the bathrooms, only shampoo and conditioner combo which wasn't good for my hair. A very minor detail I'm sure could be handled easily. Overall we were very happy with our stay. Thank you! || That is the thired time im visiting this hotel, i can not explain how perfect this hotel is , always clean and kind people, all of them! All the time!|The food is varied, fresh, tasty and clean, every time I'm pleasantly surprised, the … || Our room was noisy, as it was located next to the entertainment room, which caused loud noise in the room every day until 11 PM. The room is not built with double glazing to reduce the noise, and you can hear every car passing on the nearby … || We spent a weekend in Eilat with the whole family – two adults and two kids. We stayed at this wonderful hotel, booking a suite with breakfast and dinner included, and paid an extra 200 NIS for a late check-out on Saturday evening.  The rooms are spacious, with two TVs (not smart TVs, so no YouTube or Netflix), but it was enough for the kids. The rooms were clean and carpet-free. The only downside was that we were on the first floor opposite the pool, which was a bit noisy.  The lobby and pool bars are included in the price, offering unlimited beer and cold drinks. || The location is amazing near to all shopping centres.The Staff was very friendly||Breakfast & Dinner were excellent & amazing, with so many choices & all was so tasty.||The hotel in very clean & tidy.||Also I want to mention the receiption … || Hotel has shared pool and shared dining room to the adjacent hotel. Pool timings need to to checked before u reserve a room. Rooms not so clean.. I personally had a broken shower handle. No coffee. Sugar in room ( Need to be considered when u book) One lift only, which is always occupied.. We preferred climbing  4 floors. Only positive thing was the chef who took care that my allergic kids get breakfast and dinner as per their requirement. || Great choice for families (AI). Kosher place, very clean with very good service. The room is big. Dinning room has plenty of food selection, fresh and tasty every day. Access to people with disabilities is available. Free parking nearby. Kids club is wonderful option. Pool area is wide. || Spent a weekend at this hotel.|The room is big and very clean with all basic facilities including a small fridge.|It was an “all included vacation” so 3 meals per day and open bars.|The food is more than decent with a lot of options to … || The rooms are very comfort and relatively big, 2 big swimming pools and another one for the little ones. The food is great and fresh, middle-eastern dishes, free popsicle in the day; drinks and beer. We stayed in it for the last two years - …",29.556363,34.9547762
Bar Beach - ברביץ',"https://www.google.com/maps/place/Bar+Beach+-+%D7%91%D7%A8%D7%91%D7%99%D7%A5'%E2%80%AD/@29.5581,34.9482,14z/data=!4m10!1m2!2m1!1sBeach+bar+in+Coral+Beach,+Eilat,+Israel!3m6!1s0x150073befa353cff:0xeafb2ed21313487d!8m2!3d29.5121033!4d34.9244804!15sCidCZWFjaCBiYXIgaW4gQ29yYWwgQmVhY2gsIEVpbGF0LCBJc3JhZWxaJyIlYmVhY2ggYmFyIGluIGNvcmFsIGJlYWNoIGVpbGF0IGlzcmFlbJIBCnJlc3RhdXJhbnSaASRDaGREU1VoTk1HOW5TMFZKUTBGblNVUm9NSEJUWVRsblJSQULgAQD6AQQIABA7!16s%2Fg%2F1tjvt7_k?hl=en&entry=ttu&g_ep=EgoyMDI2MDExMy4wIKXMDSoKLDEwMDc5MjA3MUgBUAM%3D",Nightlife-Bars-Specialty,Nightlife-Bars,Specialty,Beach bar,4.3,10,"Very nice restaurant on the beach ⛱️. The food is amazing.  All ingredients are fresh and tasty 😋 it's possible to sit on the balcony and have a sea view.  The beach is not propriet for children due to the fact that there is no easy way to go from veranda to beach.  The breakfast was super.  Israeli and  spuily breakfast are highly recommended.  Also, shrimps and kalamari were super delicious.  The service was excellent 👌 👏 || Service was great, location was incredible - right on the beach. We enjoyed snorkeling then grabbed dinner. Food was pretty good, but we were there for the views! Cocktail was delicious! || We came here for lunch and thoroughly enjoyed ourselves. I was worried about the heat but there was a lovely breeze blowing which made everything perfect. Service was friendly and helpful, food was good, prices reasonable and plenty of parking available. Recommended. || I love this place! They have awesome breakfasts and lots of choices for food and drinks! The staff is very helpful and nice! We stayed at the hotel located on top: Coral Beach Pearl -- I highly recommend going there since you get discount in both the bar and the diving place close by! || The setting is amazing... You sit literally next to the water including a beautiful view. The service was really good as well as the food. Plus they prepared it pretty fast. Perfect place for a relaxed evening with a nice cocktail in your hand! || Best place for breakfast in the area if u don't have hotel breakfast 😁 Not the cheapest but great view right on the water. Decent food also. Good service here. … || Ordered sweet potato French fries (which was not on the menu but the staff recommended) and fried shrimp! Both were super good and shrimp was freshly made! My boyfriend and I saw the beautiful sunset from the outside deck. The staff were so friendly and nice, spoke good English and made us feel very comfortable! Highly recommended to go there around sunset ;) || Great atmosphere sitting on the deck by the ocean. Food is ok, prices are above average. || Nice restaurant. Kind service. Burger and fish-n-chips were good. || The best food in Eilat!! The view is also amazing! 10/10!",29.5121033,34.9244804
The Coral Beach Pearl,"https://www.google.com/maps/place/The+Coral+Beach+Pearl/@29.5121033,34.8863716,14z/data=!4m13!1m2!2m1!1sBeach+bar+in+Coral+Beach,+Eilat,+Israel!3m9!1s0x150071f8b8591205:0x4ec4cbbd46d46a9f!5m2!4m1!1i2!8m2!3d29.5121344!4d34.9243297!15sCidCZWFjaCBiYXIgaW4gQ29yYWwgQmVhY2gsIEVpbGF0LCBJc3JhZWxaJyIlYmVhY2ggYmFyIGluIGNvcmFsIGJlYWNoIGVpbGF0IGlzcmFlbJIBBWhvdGVsmgEkQ2hkRFNVaE5NRzluUzBWSlEwRm5TVVF5Y0VsSFdEVjNSUkFC4AEA-gEECHsQOQ!16s%2Fg%2F11xd7t5mb?hl=en&entry=ttu&g_ep=EgoyMDI2MDExMy4wIKXMDSoKLDEwMDc5MjA3MUgBUAM%3D",Nightlife-Bars-Specialty,Nightlife-Bars,Specialty,Beach bar,4.4,10,"This place is fantastic. We booked specifically as we were diving with the school downstairs, Deep Siam which is also great. The rooms are quite modern and everything is what we expected. What makes this place stand out for us is the location and friendly demeanor of everyone involved. We initially were in one of the smaller rooms (still a fair size) but when a larger one was available the manager upgraded us at no charge as they didn't have any bookings for those rooms. The restaurant downstairs closes early, about 8-30pm so the rooms are peaceful at night. If you are diving in Eilat, we couldn't imagine a more perfect location. || The place have six rooms, we had suite with a wonderful full sea view. The room was clean and comfortable. The breakfast was served at the restaurant below the rooms, also with a relaxing sea view. The dishes were big and tasty. || Thank you Adi for a lovely weekend|This awesome place has onley 6 rooms on top of bar beach restaurant||You get breakfast at the restaurant and  a balcony on top to the beach with the most amazing view ever||You are so close to the water … || This place was clean and was right on the beach which was nice. But If you need to get a good night's sleep don't pick this location. I knew going in that it was above a bar but online the bar was listed as closing at 10. They were up … || There are 6 rooms, we were in the suite. beautiful sea view, the room was clean and the breakfasts were exellent. great B&B in a fair price. It is a bit hard to find the place so look for barbeach restaurant, it will be easier. || The place is a bit hard to find but if you will ask for barbeach restaurant (it is right above it) you will find it easily. The room was very clean and big with amazing sea view.  Breakfast was great (also with sea view) and staff was kind. || Service was horrifying and amateurish. I ordered a room and finally it turned out that there was confusion and I was left without a room. ||||For weeks I have been trying to talk to her and she is busy with her family. She calmed me down … || We arrived for too short of a visit 24 hours getaway|Restaurant and hotel service was amazing|Scuba service was great for both scuba and snorkeling |Food and view perfect|We took two rooms number 3&4 with ocean view|Can’t ask for more | || Wonderful hotel for a family vacation. The service is impeccable, the food is great and the hotel is clean even when busy. Great spot for snorkeling and pools that are not too cold || It's a beautiful place the actual beach is not fine sand it's more Rocky so bring water shoes but the water is Crystal clear and there are beautiful fish all over and the reefs are a short swim away.",29.5121344,34.9243297
שמורת טבע חוף האלמוגים,"https://www.google.com/maps/place/%D7%A9%D7%9E%D7%95%D7%A8%D7%AA+%D7%98%D7%91%D7%A2+%D7%97%D7%95%D7%A3+%D7%94%D7%90%D7%9C%D7%9E%D7%95%D7%92%D7%99%D7%9D%E2%80%AD/@29.5121033,34.8863716,14z/data=!4m10!1m2!2m1!1sBeach+bar+in+Coral+Beach,+Eilat,+Israel!3m6!1s0x150073968d2e34a7:0x6cb026553ae5617f!8m2!3d29.5079458!4d34.9210677!15sCidCZWFjaCBiYXIgaW4gQ29yYWwgQmVhY2gsIEVpbGF0LCBJc3JhZWxaJyIlYmVhY2ggYmFyIGluIGNvcmFsIGJlYWNoIGVpbGF0IGlzcmFlbJIBD2JlYWNoX3BhdmlsbGlvbpoBI0NoWkRTVWhOTUc5blMwVkpRMEZuU1VNeWQzRklWbVZuRUFF4AEA-gEFCMIBEEY!16s%2Fm%2F0130ml3_?hl=en&entry=ttu&g_ep=EgoyMDI2MDExMy4wIKXMDSoKLDEwMDc5MjA3MUgBUAM%3D",Nightlife-Bars-Specialty,Nightlife-Bars,Specialty,Beach bar,4.6,10,"Very solid beach with beautiful coral reefs. Was super quiet when I went practically empty so was added bonus. Perfect for snorkelling and just general sunbathing. No water sports though. || The world northernmost coral reef, really! Right at your foot steps in eilat, Jordan has none. This beach has the advantage of not being overcrowded and all facilities are here, showers, toilets, bar, and a small nature reserve shop and rental services if you forgot your snorkeling equipment. Note, there are no lifeguard, only park rangers, but there is a space by the beach, in shallow water for poor swimmers Plant to bring some water shoes for the beach side. The reef is accessible via a long pier, and a large staircase leading easily to the water. Then it is the wonders of the red sea! || Although its one of the best places to see corals and fish in Eilat. The site could be a bit more developed. There are not many showers and only one dock to enter the water and relatively small place for swimming. With limited hours of operation and mediocre services this beautiful natural reserve should get an upgrade and the site could invest some of the entrance fee in improvments. || The reserve is well-maintained, clean, and organized, with food shops and equipment rental available. While the price is a bit high compared to free nearby spots, the underwater experience is spectacular- vibrant corals, colorful marine life, and plenty to see.  The area is very accessible, and safety is taken seriously with lifeguards on duty. Showers and restrooms are available and well-kept. Most seating areas are shaded with white canopies, which helps, though it can still get extremely hot in July and August.  Some downsides include ongoing renovations, which limit access to newer sections and make planning a snorkeling route a bit challenging. The designated swimming areas are small and enclosed, but beyond the bridge, there are vast open spaces where you can really explore and see a lot of beautiful marine life.  Overall, it’s more comfortable and enjoyable to snorkel in a well-supervised, maintained area than in unofficial sites, and the beautiful coral and abundant sea creatures make it well worth a visit.  * Pros: Clean and organized, lifeguards on duty, beautiful corals and marine life, showers and restrooms, accessible. * Cons: Entry fee is high compared to free alternatives, renovations limit some areas, enclosed swimming zones can feel small, it can get very hot in summer. || Snorkelling is ok. Nice fish and a bit of coral. If you've been in good reef places, you won't be impressed. But if in Eilat, it's worth a visit but a bit expensive for what it offers. || One of the good beaches in Eilat Clean,  had toilet,  shop,  walk route,  bridge directly to Red see with excitement view of corals, different fish types It's needed some payment,  check possible options before coming there It's better come with your own equipment Pay attention - NO SAFE GUARDS || Our preferred place in Eilat! Every time we are in Eilat we go to this place, the best still and ever.  Actually we were there every day, not a problem as we slept at the Yam Suf Hotel, only a 5 minute walk to there. 1. the beach is incredibly looked after 2. The Reserve guards are watching all the time for trespassers so very little chance something bad could happen to you while swimming 3. and of course the corals and the fish. Yes the coral are less beautiful than in the previous years, the mini tsunami a few years ago did damage the reef, but still they are interesting and the fish are till there and still super beautiful. Don't ""FOMO"" it, would you? || We had a lovely day out here. It was February, so out of season and not too busy. Lots of beautiful sea life up close in enormous tanks. Also, a very nice undersea viewing room and a sub trip if you want. Loads of facilities and other interesting things to see.....  Lovely and we'll worth a visit 😀 … || Amazing place! Make sure you take snorkels!  For 35 shekel, the place offers quite an experience! A long stretch of white sand, beautiful reefs to snorkel and pretty secure! || The most beautiful marine reserve in the world – colorful gardens beneath the sea The reefs of the Gulf of Eilat are the only coral reefs in our country, and among them a wonderful and colorful world of corals, fish and a huge variety of unique creatures can be seen. The Coral Beach Nature Reserve in Eilat allows visitors easy access to the reef, as well as essential beach services, including a shop, showers, toilets, sunshades, deck chairs and sun loungers",29.5079458,34.9210677
Dekel Beach,"https://www.google.com/maps/place/Dekel+Beach/@29.5121033,34.8863716,14z/data=!4m10!1m2!2m1!1sBeach+bar+in+Coral+Beach,+Eilat,+Israel!3m6!1s0x15007221360e2cb9:0x8c6f4323a46a56b4!8m2!3d29.5395089!4d34.9462438!15sCidCZWFjaCBiYXIgaW4gQ29yYWwgQmVhY2gsIEVpbGF0LCBJc3JhZWxaJyIlYmVhY2ggYmFyIGluIGNvcmFsIGJlYWNoIGVpbGF0IGlzcmFlbJIBDHB1YmxpY19iZWFjaJoBRENpOURRVWxSUVVOdlpFTm9kSGxqUmpsdlQyMVdNRkp1U2tkT01HUkZZa1puTUZKVk9WZE5SVkphV1d4Q2QyTkhZeEFC4AEA-gEECAAQQA!16s%2Fg%2F11c53nwx3s?hl=en&entry=ttu&g_ep=EgoyMDI2MDExMy4wIKXMDSoKLDEwMDc5MjA3MUgBUAM%3D",Nightlife-Bars-Specialty,Nightlife-Bars,Specialty,Beach bar,4.5,16,"Amazing place: great vibes, great beach, excellent music and DJ!  Come on Friday for the shabbat eve dance party and you won't regret it. Food and drinks are also nice. Staff is busy, but courteous. There is something for everyone.  I've been to Eilat several times and I've never been there. I will ALWAYS stop by there every time I'm there from now on. || Hi Ryan, Thank you very, very much for the kind and detailed feedback, and thank you as well for the positive rating. On behalf of the entire Dekel Beach team, I sincerely thank you. See you again soon. 🌴🌴🌴 || Good clean beach. Chairs are 10 shekels/chair, sunbathing chair 20. Nice food at the restaurant on the beach. Make sure to grab slippers or wet shoes to enter the sea. It's either really hot to walk on the send or really painful to walk on little sharp stones. And bring water:) || Hey Nina  Thanks for your rating and comment  We're very happy to hear that you had a great time at the beach  🌴🌴🍸🌴🌴 … || 2022: Well structured for the beach lover. Clean bathrooms. Good bar service. The site is split into two different styles: - north side has a large wooden deck, suited for those who want to sit by the tables, close to the bar and restaurant; - south side is rustically styled, with straw shades (and also a large canvas tent during summertime). There is chair, table and sunbed rental service available at official prices on both sides. During summertime they also place a floating deck with sunbathing sofas and cushions for rent.  Entry to water is made through carpets on definite corridors in order to prevent visitors from revolving the stones and corals, which is a nice idea. Updated 10/23: entry to the water had been improved by them having removed the larger stones from under those carpets as it was quite impossible not to stumble on them, once we were never able to know where they were. Updated 3/25: The place is clean, beach service has improved. The floating deck isn't there as summer hasn't begun, the beach bar is run by a nice team, and Anna is always serving with her sweet smile and kindness. The only negative points are the lack of trash pots really close to the waterline, as the typical Israeli is spoiled and used to litter and then have someone around to clean and collect after them. Also dog owners are requested to have them leashed at the entrance and then leave them to circulate freely among the bathers, peeing on or even pooing at chairs, sunbeds and even on people's bags, towels and clothes, something unacceptable.  Updated 25/4/2025: The entrance to the water is downgraded as the carpets have been relocated over the rolling stones. I could not find the previous southern path which was comfortable and ready to walk in as the stones had been removed before the setting of the carpet. It's now very hard to walk on it, as the stones under the carpet make it uncomfortable and unbalancing for those to walk in the path. The beach also still lacks trashcans close to the waterline, as the existing ones are located about 8-10 meters from it; I've seen many pieces of paper, plastic cups and popsicle wrap on the sand. Anyway it's still the best beach in Eilat. || HHEY MOSHE  VEY MOSHE THANK YOU SO MUCH FOR YOUR COMMENT LOOKING FORWARD TO SEE YOU SOON AT THE BEACH || Decent beach with a nice relaxed atmosphere. Free entrance, public washrooms are clean. The restaurant has average prices but not too high for beach side. Food is delicious, we had the fried cauliflower and salmon wrap, Turkish coffee and an orange-carrot drink, all for 132NIS with tip included. There is plenty of parking and you can rent a lounge chair or regular chair. Swimming isn’t recommended here because there is no lifeguard but some people went in anyways. Sand is a bit rocky but water looks nice and clear. Some sand flies here and there, wheel chair accessible entrance. || I gave a low score because of my expectations. Maybe they were too high. Not sure.  I come from Haifa. In Haifa the beaches have sand when you enter the water, here there are rocks, so you better bring footware to enter the water. The area of the beach is also very small and no free shade on the sand. There are no changing rooms, so we had to change in the toilets which is very strange for a beach. Showers were only outdoor ones - also very strange IMO.  So if you expect to have a changing room, indoor showers where you can get naked, free shade and easily to enter the water without shoes - this place sucks.  Otherwise the water is nice,  and I had fun swimming here nontheless. || Hi Arthur Thank you very much for your detailed response During the winter we take down all the shades because they are not resistant to the strong winds Even the natural beach in the Red Sea is not as sandy as in the Mediterranean and we make efforts to keep the beach as natural as possible At the end of winter we add access roads from designated and special carpets on the waterfront to allow for easy and safe access We hope you will come again in the future and enjoy the beach Best regards The Palm Beach Team || The best beach in Eilat! Quiet and relaxed  (at least during mid March), great bar and sea view, lots of shade and trees. Enjoy a good Shakshuka in the morning :) || Thank you very much Guy What a happy response Happy Purim (: || Beautiful beach, calm and cozy. There is shade, restaurant, clean bathroom. Rent a chair or bed. Friendly staff. We had lots of fun there with the kids! Food was ok. || Very nice beach with clean water and easy way to the Red Sea. Excelente atmosphere and good services. The chairs cost us small and you can stay all day. Very much recommend. || Very nice beach with nice restaurant, good prices. Nice to spend some time. Small reef 20m from shore. || Nice and clean beach. The entry, the bathroom and the shower is free. During the day was not so crowded, maybe because the water is still a bit cold. 😬😄 The beach is a bit rocky but there is a path to the water. || Dear Bence Thank you for your positive comment and rating  Hope to see you soon at the beach again  🌴🌴🌴 …",29.5395089,34.9462438
U Coral Beach Club,"https://www.google.com/maps/place/U+Coral+Beach+Club/@29.5121033,34.8863716,14z/data=!4m13!1m2!2m1!1sBeach+bar+in+Coral+Beach,+Eilat,+Israel!3m9!1s0x150073be853ecf45:0x440978cb1638aa11!5m2!4m1!1i2!8m2!3d29.5142352!4d34.9237189!15sCidCZWFjaCBiYXIgaW4gQ29yYWwgQmVhY2gsIEVpbGF0LCBJc3JhZWxaJyIlYmVhY2ggYmFyIGluIGNvcmFsIGJlYWNoIGVpbGF0IGlzcmFlbJIBBWhvdGVsmgEjQ2haRFNVaE5NRzluUzBWSlEwRm5TVVJsYWxscGRrWm5FQUXgAQD6AQUI6AIQSQ!16s%2Fg%2F11b8v9s7vk?hl=en&entry=ttu&g_ep=EgoyMDI2MDExMy4wIKXMDSoKLDEwMDc5MjA3MUgBUAM%3D",Nightlife-Bars-Specialty,Nightlife-Bars,Specialty,Beach bar,4.3,14,"The Best Hotel in Eilat for kids!!!!!! There is no other hotel that will take it from U koral beach. Just bring your kid in the morning to the entertainment crew and your kid will be busy all day - amazing! Yes, it pretty far from the main city, but you have everything in the hotel, even beach nearby. I will come back next year! || Thank you so much for your wonderful review! We’re delighted to hear you enjoyed your stay and we look forward to welcoming you back again soon. 🌞 … || I have visited this resort 4 times over the past 27 years (three times in the past five years) and am always happy to return there. The staff are friendly and attentive, the location is excellent - within walking distance of tennis courts, … || I have stayed at U Coral Beach Club multiple times in the past few years with my wife. Overall, it remains one of the most activity-rich hotels in Eilat, but the standards decline each year and might no longer fully justify the price.  Room cleanliness was disappointing. We were upgraded from a Superior U room (the most basic category) to a balcony room, but the upgrade was not worthwhile. Last time we stayed in the Superior U room, and to me it felt newer, cleaner, and had a much nicer bathroom than the balcony room. The balcony room’s bathroom was very small, with a combined tub/shower and only a half glass partition, so water splashed everywhere. The Superior U bathroom, while shower-only, is more spacious and modern. In the balcony room, the tub felt old and not properly cleaned, there was hair on the bed, the sofa bed was opened without request, and there was no water or welcome package in the room..  I would not recommend staying during a storm. Check the weather! The power went out for about half an hour, and roads into and out of Eilat were closed. Reception handled this well and graciously offered us an additional night at a slightly discounted rate (around 10%), which we declined. Instead, they offered a complimentary dinner pass, which was much appreciated.  The food remains a strong point. Dinner was excellent, with a wide and impressive variety: steaks, asado, pulled beef bao buns, schnitzel, chicken dishes, and more. The variety is consistently very good. Breakfast, however, was underwhelming. Limited selection, poor pastries, mediocre orange juice, and only black and green tea available.  The dairy restaurant is very good, but availability is limited to certain days and requires first-come, first-served sign-up. Arriving early is essential.  Unlimited cocktails are fun, but the bar offering is basic. Mostly straight liquors with fruit juices. The slushies are extremely sweet and artificial. Bartender skill varies significantly, though one bartender managed to make a decent piña colada. Drinks are always served in plastic cups, though glass cups can be requested at the indoor bar.  Snorkel rentals and beach equipment are excellent. However, windsurfing is advertised but never seems to happen. On multiple visits there has always been an excuse. This time we were told the instructor had passed away...  I would go again, mainly because no other hotel in Eilat offers this level of activities and programming. That said, for the price, cleanliness, room quality, and overall standards should be higher. || We had the best weekend ever! The bridge too the beach is amazing,food was more than expected so much verity options in every meal! The view from the room was breathtaking, it was fun n relaxing.. thank you || Thank you so much for your wonderful feedback! We’re delighted to hear that you had such an amazing weekend and enjoyed the easy beach access, the rich variety of food, and the beautiful room view. It’s great to know your stay was both fun and relaxing. We truly appreciate your kind words! || We have been guests of this hotel for the best part of 20 years already from when it was Club Med, sometimes just the 2 of us, at other times with our family of 8 to 10. In general it used to be very good but has progressively badly … || We have been guests of this hotel for at least 20 years, at times the 2 of us only, other times with a family of 8 to 10. In general it’s good, though standards get progressively lower and lower. The beach is no longer private. The quality … || I left something behind, I feel so bad because it was my favourite to play with. It smells a little, but I promise it’s friendly. Don’t forget to feed it. It’s called “Nigel” please shout his name because he’s hard of hearing. He’s shy so could only one person look for him. Thank you. You are all so lovely. I will come back in 2 days please find him 💔 || Thank you so much for your wonderful review! We’re delighted to hear you enjoyed your stay and we look forward to welcoming you back again soon. 🌞 … || Our stay at Club Inn Eilat was a nightmare from start to finish. The room was neglected and filthy, with peeling walls and a constant smell of mold and dampness. The bathroom was covered with mold – absolutely unacceptable for a hotel, more … || For those who want to save on shopping and dining out  -U coral beach is the perfect place.5 meals -breakfast,dinner,coffee and cake,supper,pizza stand at night,free bar from 9 till 00,entertaining programs for grown ups and kids-so no need … || Huge Thanks to U Coral Beach!  We stayed at U Coral Beach and left with the best impression possible—mostly thanks to the incredible and caring staff.  The welcome was warm and professional. The reception team—just amazing! Polite, patient, and genuinely respectful towards guests. Every request was met promptly and with a smile, every question received an immediate answer, as if they were just waiting to assist.  The rooms were clean, tidy, and equipped with everything you need. And if something was missing, we only had to ask,...It was there. The attention to detail was evident at every turn.  A special thank-you to Pnina, who takes care of guests with allergies. Her attitude was exceptional, straight from the heart. Even on our departure day, she made sure we had sweet surprises and everything we needed for the journey.  The hotel runs on an “all-inclusive” basis, and we’d say—“all-inclusive plus”! Delicious, diverse, clean, and always served with courtesy.  We can’t forget to mention the U Eataly restaurant—part of the package, but it felt like a true bonus! The waitstaff—simply outstanding: polite, quick, and making you feel like a VIP. Even if you’re not a huge fan of Italian cuisine, once you taste it here, you’ll fall in love. We had lunch there and couldn’t make it to dinner.  The hotel offers activities for the whole family—kids, adults, evening shows—it’s all just wonderful.  The lobby bar and the pool bar are always available—hot drinks, cold drinks, whatever you need. And the staff—oh, their patience! With kids, and… let’s just say, with some adults too.  We also want to highlight how the management treats the staff. We witnessed a situation with a guest complaint (let’s be honest—every hotel has them), and we were impressed by how professionally and compassionately it was handled. The manager showed respect both to the guest and to the junior staff member, supporting her while politely resolving the issue. It was very impressive.  U Coral Beach, everything was fantastic! Thank you for an amazing vacation. We will definitely come back! || dear guests Thanks for the support on the site, We are happy to know that you enjoyed your stay We were happy to host you and would love to see you again soon welcome Hotel staff",29.5142352,34.9237189
Nine Beach Eilat,"https://www.google.com/maps/place/Nine+Beach+Eilat/@29.5121033,34.8863716,14z/data=!4m10!1m2!2m1!1sBeach+bar+in+Coral+Beach,+Eilat,+Israel!3m6!1s0x150071f6d5cbbe2f:0x96ce00de9f3ec2c4!8m2!3d29.5498119!4d34.9557046!15sCidCZWFjaCBiYXIgaW4gQ29yYWwgQmVhY2gsIEVpbGF0LCBJc3JhZWxaJyIlYmVhY2ggYmFyIGluIGNvcmFsIGJlYWNoIGVpbGF0IGlzcmFlbJIBCnJlc3RhdXJhbnSaASNDaFpEU1VoTk1HOW5TMFZKUTBGblNVTXlhMkl6TjBKUkVBReABAPoBBAgjEDg!16s%2Fg%2F11c2rdwztm?hl=en&entry=ttu&g_ep=EgoyMDI2MDExMy4wIKXMDSoKLDEwMDc5MjA3MUgBUAM%3D",Nightlife-Bars-Specialty,Nightlife-Bars,Specialty,Beach bar,4.4,10,"Busy popular place.  Manager very gracious and quick to find us a comfortable spot.  Great music playing and open space to see the water view no matter where  you’re seated.  Our server could have been a bit more attentive but he looked quite young and I will just assume it’s a lack of experience.  But he was always kind and polite and ready to help when we got his attention.  Highly recommend this place. Fun, great food, even kid friendly || If anyone tells you that there are no good places to eat out in Israel, just come to the Ninth Beach in Eilat. The food is delicious, the service exceeds expectations, and the atmosphere has its own vibe. Am here every time when visiting Eilat. || A bar on the beach next to the mall in Eilat. They have a vegan menu, which is impressive in Eilat (unfortunately). The view and the shade are wonderful to sit with friends and family. The alcohol is pretty expensive, but it makes sense to the position of the restaurant. || Evening review: nice atmosphere. Calm and relaxing music. Menu is good (simple food but sometimes it's exactly what you need). What we didn't like: waiter (name starts with D) had 2 mistakes in bill (total mistake value of about 25 USD). We told him and he canceled just one of them. Refused the other was a mistake. Shame because otherwise nice place. Prices are decent though. || Summery: good place for a group who want different kinds of dishes. Food is good, prices are reasonable.  There is only one way to describe the food- OK. Its not bad in any way, tasty to eat even, but not exceptional in any way. I can say this after tasting everyone's dishes, and after asking them. This place is really a jack of all trades but master of none, which is great if you have a big family that wants different things (like us).  Service is great: fast, professional, kind. Cant ask for more.  Atmosphere is great, lighting, music, the option to sit by the sea (we didn't) is all very attractive || Honestly we didn’t expect much and were looking for a spot by the water. But the food is just great!! Really amazing experience, was really full when we arrived but fortunately we got a table. Prices are average for Eilat. || Nice place for breakfast and dinner! Restaurant and seats just few feets from the sea. Prices are good. Breakfast for one was very good and cost about 15€. Burger was ok, price about 16€. Breakfast for two adults and a three year old child cost us 150 NIS. That was about 35€. Well recommended! || The food and service were perfect, I would reccomend coming at a decent hour (19:00-21:00) before rush hour to actually test the waters, Our waitress (Ziv) was spectacular, she was super welcoming and fast with eyecontact service, she came with all of our food at once. Very calming music, super cute I would recommend this place for a date, dinner with friends, familly outing and even meetings. || Recommended! When you are on the beach, go and have some drink! We picked mango cosmopolitan - good one, and Nine beach speciality, i dont really remember the name of the drink, but it was mojito with watermelon and kiwi twist - best one! It really tastes great 😍 and the cakes, oh, no words needed. Staff was nice, attentive, also when i asked if they have gluten free cakes, the waiter recommended me some, and went to double check with the chef, without my request - which I found really nice! In Israel is food more expensive, so don't be surprised if your bill is higher lol. || So the location and overall vibe are simply stellar! Music is good and a normal volume (which is rare for these kinda beach bars). But the service is simply horrible! I took a seat and they were quick to give me a menu and a drink but they never returned after that. I even asked them to take my order and the waitress said; ""one minute"" and never returned. To make it even worse; the waitress was constantly chatting with what appeared to be her personal friends a table next to me for nearly an hour!",29.5498119,34.9557046
Royal beach lounge,"https://www.google.com/maps/place/Royal+beach+lounge/@29.5498119,34.9175958,14z/data=!4m10!1m2!2m1!1sBeach+bar+in+Coral+Beach,+Eilat,+Israel!3m6!1s0x150071b996981e1b:0x64ed814c1bda89b5!8m2!3d29.5489477!4d34.9635961!15sCidCZWFjaCBiYXIgaW4gQ29yYWwgQmVhY2gsIEVpbGF0LCBJc3JhZWxaJyIlYmVhY2ggYmFyIGluIGNvcmFsIGJlYWNoIGVpbGF0IGlzcmFlbJIBBmxvdW5nZeABAA!16s%2Fg%2F11nxc4g74b?hl=en&entry=ttu&g_ep=EgoyMDI2MDExMy4wIKXMDSoKLDEwMDc5MjA3MUgBUAM%3D",Nightlife-Bars-Specialty,Nightlife-Bars,Specialty,Beach bar,5.0,3,"Barama Lounge Buffet with delicious rotating food Always clean and with a good atmosphere || A 5-star hotel in every sense, rooms with spacious clean showers, towel service immediately as needed. Delicious meals with a huge selection, accompanied by a chef and waiter who immediately clears the table until your plate is bursting with content as you can. Going to the sea and the promenade, which is open until the night, even on weekends. Some of the shops are open. You can order tickets at the reception for all cultural activities in each hotel. It is recommended to take into account the rates for a jacuzzi of 90 NIS or a sauna of 380 NIS per person with advance booking. Option to choose the type of sauna. I recommend checking the ticket type when buying on the website, some of them VIP, including a lounge, a type of restaurant open from 9 am all day for a meal and alcoholic drinks, so entry is only for those over 16. A games room on site with a fee for each game. || Good quality lounge, the food is very tasty and varied. Large variety of cold alcoholic and non-alcoholic drinks Very polite and helpful staff Highly recommended for those staying at the Royal Beach Hotel Eilat",29.5489477,34.9635961
Coral Beach,"https://www.google.com/maps/place/Coral+Beach/@29.5498119,34.9175958,14z/data=!4m10!1m2!2m1!1sBeach+bar+in+Coral+Beach,+Eilat,+Israel!3m6!1s0x150073967b537fa3:0xaa0fbd687604bb66!8m2!3d29.5079458!4d34.9210677!15sCidCZWFjaCBiYXIgaW4gQ29yYWwgQmVhY2gsIEVpbGF0LCBJc3JhZWxaJyIlYmVhY2ggYmFyIGluIGNvcmFsIGJlYWNoIGVpbGF0IGlzcmFlbJIBBWJlYWNomgEkQ2hkRFNVaE5NRzluUzBWSlEwRm5TVU15YURodGNuQlJSUkFC4AEA-gEECG8QOA!16s%2Fg%2F11c53ctzcs?hl=en&entry=ttu&g_ep=EgoyMDI2MDExMy4wIKXMDSoKLDEwMDc5MjA3MUgBUAM%3D",Nightlife-Bars-Specialty,Nightlife-Bars,Specialty,Beach bar,4.6,10,"Best suited for snorkeling.  Even if you don't know swimming you can  rent the snorkeling face  equipment and just use it next to the beach to view the amazing corals and beautiful fishes. || You might be able to peek here and there at the reef. Not the entire area is accessible to public. They have a 750m long lane accessible with bridges for swimming, snorkeling and scuba diving (bring your own gear- though they might rent if needed - at least snorkeling). Not really food option but it’s a nice bring your own food stay by the beach kind of place. There is a supermarket across from the road where parking is free and where you can get goodies.  Amenities are sparse but that is fine. || Amazing beach. So fun jumping off the deck! Really gorgeous views and access to marine life. Free beach and they offer lounge chairs and snacks! || Very cool beach, only with rocks and perfect for snorkeling and diving. Location well equipped with bar, umbrellas and deckchairs. || Great beach for snorkeling. Gear rental on site. Picnic tables, shade and food. || Heaven for snorkelling, especially for nervous snorkellers: they have designed a snorkelling 'route' around the reef with a rope you can use for guidance and feeling a bit more secure. The marine life is amazing with huge colourful fish. They rope of the main reef to protect it from damage from selfish tourists, but you can still see it from the edge. Beach has plenty of shade and chairs. All equipment and lockers available. Take your own food  as all you can get here are french fries or frozen pizza they heat up. You can get here by a 5 minute bus from the main area of Eilat. || Very well organized for snorkeling but maybe too much... in the water you can’t really get close to the corals and there are many people at the same place so not so wild as you could expect. || Great experience. Lots of space to sit. The snorkelling was great fun and there were lots and lots of fish. || Good facilities with snorkel hire, locker hire, shower, toilets etc. However, you have to view the coral in a guided lane, which is very restrictive. The coral is better in other places along the coast, but there was a decent variety of fish to see. || It's a place with shower, toilets, diving equipment to rent, shops and more. There public bus lines getting you from any point of Eilat to this Nature Reserve Beach. In Hebrew: חוף האלמוג Hof Halmog. The beach is huge and very clean. Wonderful for sea nature lovers because there you can see all the sea life just getting in the sea. The Red Sea waters are an spectacle for the clear swimming, good temperature and the lack of waves that allow you to see all the amazing under water life. The entrance is not free. You may need to call to know opening hours and entry ticket prices.",29.5079458,34.9210677
מסעדת מיה ביץ - מסעדת בשרים כשרה,"https://www.google.com/maps/place/%D7%9E%D7%A1%D7%A2%D7%93%D7%AA+%D7%9E%D7%99%D7%94+%D7%91%D7%99%D7%A5+-+%D7%9E%D7%A1%D7%A2%D7%93%D7%AA+%D7%91%D7%A9%D7%A8%D7%99%D7%9D+%D7%9B%D7%A9%D7%A8%D7%94%E2%80%AD/@29.5079458,34.8829589,14z/data=!4m10!1m2!2m1!1sBeach+bar+in+Coral+Beach,+Eilat,+Israel!3m6!1s0x15007106e7d3a5bf:0xcc01908bc43ceb92!8m2!3d29.5488356!4d34.9622278!15sCidCZWFjaCBiYXIgaW4gQ29yYWwgQmVhY2gsIEVpbGF0LCBJc3JhZWxaJyIlYmVhY2ggYmFyIGluIGNvcmFsIGJlYWNoIGVpbGF0IGlzcmFlbJIBCWdhc3Ryb3B1YpoBJENoZERTVWhOTUc5blMwVkpRMEZuU1VSNGNUWnRUQzFuUlJBQuABAPoBBAgAEDo!16s%2Fg%2F11pb1w_k5s?hl=en&entry=ttu&g_ep=EgoyMDI2MDExMy4wIKXMDSoKLDEwMDc5MjA3MUgBUAM%3D",Nightlife-Bars-Specialty,Nightlife-Bars,Specialty,Beach bar,4.1,10,"The menu at  Mia Beach Bar is a true culinary masterpiece. Every dish is meticulously prepared with the finest ingredients, resulting in a symphony of flavors that will tantalize your taste buds. From the first bite to the last, each dish was a delightful revelation. The menu features a diverse range of options, catering to various dietary preferences and ensuring there is something for everyone to savor. || Hot beer in a plastic cup. Dusty plates. A waiter who, when serving dishes, dips his sweater into the sauces on the table. Soy sauce seems to be bottled ten years ago.  Do you think this is unrealistic?  This happened to me today.  Why two stars and not one - they have really good sushi. || Good,loud music and that’s all. Sushi is manageable, salads over dressed, hot drinks in plastic cups. Service is awful, the worst I saw since. A bunch of waiters are walking up and down disoriented. At the end the bill came wrong with things we didn’t order. Good as a bar, but not as a restaurant. And defenetly is not a place for kids! || very nice place right next to the beach in the tourists zone, the food is very tasty and fresh, the portions are good, all that along with music from the 80s make it a perfect place for dinner or a drink. I will surely revisit this place next time I'm in Eilat. || Not sure if it's new here or not but when we were there it was mainly a sushi place named Jiro and also they had Susu burgers (for those from the center) sushi is average but I'd say overpriced compared to other places. || Food was decent. Although we had not a very nice service. I asked for a certain bottle of dry wine, it was not available. We were offered to choose between 2 different bottle, we chose one, tried it and it was not dry, although I asked for dry. I do not read Hebrew very well so I couldn’t read what was written on the bottle. After we found out we asked to replace the bottle or find some other kind of compromise, cause it was mutual mistake. The waitress just refused to do anything, we didn’t even get a simple sorry. So in general unpleasant experience. || Foods was delicious ambiance was perfect  workers was kind really satisfied this place exactly i will come back again || good location but ...expensive as it often is the case with beach restaurants. Still a nice and enjoyable place to be || Very good location by the beach. Lovely waiter. But his kind attitude couldn't save the place. It could be a good restaurant with cool vibes, but it seems like they just don't care. Dirty, neglected exterior space. Menu with non-existing food and drinks.  It's very unfortunate... || Cool bar located right on the shore of the Red Sea in Eilat. I was there in the mid-afternoon, sat on the beach, the service was great but not evasive. I visited in Israeli 'winter' but I'm sure it's a go-to place when the weather warms up! Check it out!",29.5488356,34.9622278
Maman Beach restaurant,"https://www.google.com/maps/place/Maman+Beach+restaurant/@29.5488356,34.924119,14z/data=!4m10!1m2!2m1!1sBeach+bar+in+Coral+Beach,+Eilat,+Israel!3m6!1s0x150071f0efce9649:0x749a392a8aa90d89!8m2!3d29.5496654!4d34.9589805!15sCidCZWFjaCBiYXIgaW4gQ29yYWwgQmVhY2gsIEVpbGF0LCBJc3JhZWxaJyIlYmVhY2ggYmFyIGluIGNvcmFsIGJlYWNoIGVpbGF0IGlzcmFlbJIBCnJlc3RhdXJhbnSaAURDaTlEUVVsUlFVTnZaRU5vZEhsalJqbHZUMjFXTmxvd1NrdFdhbVJLV0RBeFIxZFVaSGhoTW14SVpFVXhTVmxXUlJBQuABAPoBBAh6ED0!16s%2Fg%2F1tj0yb0k?hl=en&entry=ttu&g_ep=EgoyMDI2MDExMy4wIKXMDSoKLDEwMDc5MjA3MUgBUAM%3D",Nightlife-Bars-Specialty,Nightlife-Bars,Specialty,Beach bar,3.7,10,"I was there as a guest of the Red Sea hotel which offers as a bundle 20% discount at this restaurant and free sunbeds. I'd say it was very good if it weren't for the music which was way too loud at all time and eventually rather tiring if not worse. One can't bear so much for wailing middle eastern music nor excessive on steroids' bass of rap  music || Nice atmosphere, very close to water attractions for those interested, such as parasailing, tubing, boat trips, and more. The cocktails are delicious, and the staff is really friendly || Beautiful place on the beach to relax with cocktails and have a dip in the Sea, watching the boats come in and out of the harbour. Nigila available, as well as meals and snacks. || Great Place. Delicious food. Friendly staff. The only thing I did not like was the construction fence around this place but this was nothing the restaurant could change, so no star taking down for this :-) Be prepared, we will come again! || Nice and calm beach  The bech is very clean and have no waves, so you can sweem as much as you want. The chairs on the beach arent free (as inall eilat beaches). Price for chair: 12 shhekels for one.  I didnt like only on thing: the beach is very close to water sports place. The water sports boats are always moveing and it pollute a lot of  noise. || Great place for a beer. Reasonable prices At night it lures young people for singing contests, music is noisy. Tge restrooms are not part of the place, and are public and therefor stink... || My visit there was very pleasant, only 20₪ for a tanning bed (one time payment) for a person, awesome spot for a nice relaxing time, near the beach. Unfortunately, the prices of the food and drinks are high as the sky. Fries with fruit milkshake (which wasn’t tasty I must say) and a cocktail costed me 120₪ which I think is a lot for the value of the product’s quality I received. || A place where fraers are respected.  In Hebrew, when paying on the check, it is indicated that it includes a tip of 12%.  Then, in English, it says in capital letters that the check DOES NOT INCLUDE TIPS… || Disaster place ,an old man on a bar doesn’t know how to talk with this customers, I ask him a regular water from the sink and he told me that he cannot give me because everyone need to pay for a regular water from the sink because they’re paying for it and paying for the cup so he cannot give me for free! He told me go to the restroom and get from there the water and even the cup he didn’t want to give me, only the waiter gave me water in the end! I have no idea how this kind of mail that doesn’t know how to go. His customers is still working in this tourist place. after all, I went to the owner of this place and told him about the situation with this old man she talk to me in a disgusting way same to me. I don’t owe you nothing I’m not supposed to give you cups for free, you have to pay for it if this place don’t care about their customers and don’t know how to give service so I wish them good luck. actually the worst restaurant experience that I ever had in my life. when the owner is saying to me that is only one weapon that I can use against him saying about my experience in Google so it means I’m gonna use this if he doesn’t hear what his customers is saying to him and he doesn’t want to chang anything in his restaurant || Too dark place with nice music and slow service. I got cold meat plate that coast as a hot one. Food is eatble, not at restaurant level. Bear comes cold. Not so bad",29.5496654,34.9589805
Cafe Wifi,"https://www.google.com/maps/place/Cafe+Wifi/@29.5581,34.9482,14z/data=!4m11!1m3!2m2!1sCafe+with+wifi+in+Hotel+District,+Eilat,+Israel!6e5!3m6!1s0x150071d86d3e66f7:0x21a10374492a4dc2!8m2!3d29.554164!4d34.9656036!15sCi9DYWZlIHdpdGggd2lmaSBpbiBIb3RlbCBEaXN0cmljdCwgRWlsYXQsIElzcmFlbFovIi1jYWZlIHdpdGggd2lmaSBpbiBob3RlbCBkaXN0cmljdCBlaWxhdCBpc3JhZWySAQtjb2ZmZWVfc2hvcOABAA!16s%2Fg%2F11rrr9y3qc?hl=en&entry=ttu&g_ep=EgoyMDI2MDExMy4wIKXMDSoASAFQAw%3D%3D",Work-Remote-Cafes,Work-Remote,Cafes,Cafe with wifi,3.2,10,"Service above and beyond! Lidor the professional prepared our dishes and was very considerate and sensitive to our requests.. And most importantly, delicious and clean food! Highly recommended for a light meal || I ordered shakshuka, asked for an extra 2 eggs, they charged me another 8 shekels per dish, I paid with love, then I asked for some black olives to be added to the shakshuka, they asked for another 4 shekels, simply impudence, the behavior of robbers and a disdainful attitude. The food was delicious, the experience was less. || We had a light breakfast The food was fresh, served clean and tidy The staff did everything quickly, Good atmosphere, It's inside the mall, Sit down to eat and enjoy. || Relatively bad, there's a guy who pretends to work near a place called Corn, who bet on work, so he doesn't work at his place, who disrespects the politeness of me asking the cashier instead, who bet on an employee who doesn't work at the place. || Disgusting pizza. The only thing good about it is the spices. || Expensive prices, disrespectful attitude. And needless to say, poor customer service that is lacking!!! This morning I asked to order a double espresso from the guy at the cafe wifi stand in Ace opposite Eilat And I must say that for the first time in my life I encountered unrelated questions from the seller such as short espresso, long double long and then I told him only double espresso and I encountered a rude answer from the guy at the stand and I quote him ""You know what I'm closed now I'm not making you"" Simply shame and a certificate of poverty for a place that already measured up. Not recommended at all!!! || Reasonable self-assembled toast. Reasonable prices. || Excellent service, good and personal attitude, highly recommended, of course I will come back. || First of all, bad service, the food is not tasty at all and a disrespectful attitude || Horrible place, terrible service, do not recommend",29.554164,34.9656036
Crema Express,"https://www.google.com/maps/place/Crema+Express/@29.5581,34.9482,14z/data=!4m11!1m3!2m2!1sCafe+with+wifi+in+Hotel+District,+Eilat,+Israel!6e5!3m6!1s0x150071f85c76d2f9:0xd2bc3991e9149667!8m2!3d29.5553563!4d34.9523642!15sCi9DYWZlIHdpdGggd2lmaSBpbiBIb3RlbCBEaXN0cmljdCwgRWlsYXQsIElzcmFlbFovIi1jYWZlIHdpdGggd2lmaSBpbiBob3RlbCBkaXN0cmljdCBlaWxhdCBpc3JhZWySAQtjb2ZmZWVfc2hvcJoBI0NoWkRTVWhOTUc5blMwVkpRMEZuU1VOUGVuRnllVVozRUFF4AEA-gEFCJcBEEI!16s%2Fg%2F11hyt6m4_x?hl=en&entry=ttu&g_ep=EgoyMDI2MDExMy4wIKXMDSoASAFQAw%3D%3D",Work-Remote-Cafes,Work-Remote,Cafes,Cafe with wifi,4.6,11,"Love the Cream express! Delicious fresh breakfast and sandwiches. Interesting mix of customers, including locals, tourists, pensioners, hippies and bus drivers. Very accommodating. What a local cafe should be. Open from morning to early afternoon. || Attractive prices (9 ILS for espresso macchiato), good service, coffee is just okay. Atmosphere leaves a little to be desired -- only few tables in the air conditioned area. || Our breakfast was delicious and the guys here were very friendly || I came to eilat after a long bus trip ,looking for a great place to eat , 5 min from the bus station  i found it . a cozy  small restaurant with a huge terrace , great food , even for vegan, all handmade with love , great chill out  and not exspensive. Crema Express is the place for me , great food , friendly owner , all made with love , very friendly to tourists. || Fresh and tasty food. Super-friendly service. One of the best coffees ever! I recommend the croissant with  egg, salmon, and cheese -- a super generous serving that was really delicious. || Amazing service and amazing food! The staff was very personable and friendly. Food was plentiful and really good! There is outdoor and indoor seating. If youre visiting Eilat I highly recommend going to crema express! || Friendly service. Tasty food. || Amazing food, amazing prices, amazing vibes, perfect place. Amazing service too!! || Coffee quality was very good. Croissant was fresh. Staff spoke English. || Great food for a great price. Lovely staff with awesome vibes. Will definately go again. || Thank you very much .",29.5553563,34.9523642
קפה בולברד,"https://www.google.com/maps/place/%D7%A7%D7%A4%D7%94+%D7%91%D7%95%D7%9C%D7%91%D7%A8%D7%93%E2%80%AD/@29.5581,34.9482,14z/data=!4m11!1m3!2m2!1sCafe+with+wifi+in+Hotel+District,+Eilat,+Israel!6e5!3m6!1s0x150071f8b8591127:0xd48515f07cff1eb1!8m2!3d29.551459!4d34.9627019!15sCi9DYWZlIHdpdGggd2lmaSBpbiBIb3RlbCBEaXN0cmljdCwgRWlsYXQsIElzcmFlbFovIi1jYWZlIHdpdGggd2lmaSBpbiBob3RlbCBkaXN0cmljdCBlaWxhdCBpc3JhZWySAQtjb2ZmZWVfc2hvcJoBJENoZERTVWhOTUc5blMwVkpRMEZuVFVSUmVrbHBNVGxCUlJBQuABAPoBBAgAEAw!16s%2Fg%2F1tdrbqp9?hl=en&entry=ttu&g_ep=EgoyMDI2MDExMy4wIKXMDSoASAFQAw%3D%3D",Work-Remote-Cafes,Work-Remote,Cafes,Cafe with wifi,4.0,9,"This is one of the most amazing Cafes in Eilat and it's in the best hotel! The coffee is delicious ☕️ (better than Aroma!) and the breakfast was first-class! All the juices are fresh and wonderful. The waitress and serve was perfect and fast. We can't wait to enjoy our next breakfast again 🎉 … || We were very happy with their coffee (both espresso and ice coffee) and nice strawberry tart. The atmosphere is very nice, especially at the tables outside. The service has some room for improvement. || The beetroot and orange juice is excellent. I had fish and chips. Everyone enjoyed their dish. The bread sticks with cheese and spinach is also really good. || High-quality food at a relatively high gastronomic level. However, the service not adequate to  enjoy the place. The dishing arrived not in a good synchronization, moreover, the waiters are not sympathetic. We wait a long time to put the order, and then my dish comes first, after half an hour when we were asked what happens with my wife's plate, they bring it! || Very friendly staff, has table service so feels very relaxed. Full menu for food, as well as baked goods. The cappuccino I had was delicious. Multiple staff members spoke both English and Hebrew || Delicious, divine friendly service, beautiful place, very nice atmosphere. || Service wad bad The waiter didn’t take care of us and took much time to service us || Excellent atmosphere ! || A restaurant that we visit often, partly due to the quality and service that were part of the experience. Unfortunately, this is the second time in a row that we have encountered service that is below all criticism. It seems that the waiters are not adequately trained, and a new manager who repeatedly repeats answers of “I don’t have it” and “I’m not allowed”, without any real attempt to provide an answer or solution. When you add to this a price that does not justify the overall experience, the disappointment is great. Very unfortunate and very disappointing",29.551459,34.9627019
Summer Time,"https://www.google.com/maps/place/Summer+Time/@29.5581,34.9482,14z/data=!4m11!1m3!2m2!1sCafe+with+wifi+in+Hotel+District,+Eilat,+Israel!6e5!3m6!1s0x150071c2e2485113:0xee48fd1856127899!8m2!3d29.5549831!4d34.9543557!15sCi9DYWZlIHdpdGggd2lmaSBpbiBIb3RlbCBEaXN0cmljdCwgRWlsYXQsIElzcmFlbFovIi1jYWZlIHdpdGggd2lmaSBpbiBob3RlbCBkaXN0cmljdCBlaWxhdCBpc3JhZWySAQRjYWZl4AEA!16s%2Fg%2F11vw_chfzr?hl=en&entry=ttu&g_ep=EgoyMDI2MDExMy4wIKXMDSoASAFQAw%3D%3D",Work-Remote-Cafes,Work-Remote,Cafes,Cafe with wifi,4.1,10,"Since I got there, I haven't eaten at Aroma anymore! The pastries are high quality and fresh and the breakfasts are excellent, in general there is a pleasant atmosphere with calm music and the service is always with a smile. What surprised me is that the price is also cheap on top of all that. I will just say that because there are not many employees, it may take a while before they turn to you, but that is only a point. || Thank you very much🙏  … || Fresh and delicious pastries! Perfect coffee. 💗 || Excellent service. Delicious food, recommend their bakery. || Thank you very much 🙏 … || New owner.home made pastry.feeling great.New owners, amazing energy, everything turquoise, fresh pastries baked on site, homemade recipe, not frozen, baked here in Eilat. I finally found a decent place both socially and in terms of menu... || There's a girl working here who scratched the Tesla || Very nice place, delicious pastries. || Thank you, Alina, come again, we will try to continue to delight you with delicious things || Great place, good service, wonderful people, delicious buns, you can order all sorts of goodies in advance.",29.5549831,34.9543557
Aroma,"https://www.google.com/maps/place/Aroma/@29.5581,34.9482,14z/data=!4m11!1m3!2m2!1sCafe+with+wifi+in+Hotel+District,+Eilat,+Israel!6e5!3m6!1s0x150071efdd662e8f:0xa02871117399e21e!8m2!3d29.5490036!4d34.9623653!15sCi9DYWZlIHdpdGggd2lmaSBpbiBIb3RlbCBEaXN0cmljdCwgRWlsYXQsIElzcmFlbFovIi1jYWZlIHdpdGggd2lmaSBpbiBob3RlbCBkaXN0cmljdCBlaWxhdCBpc3JhZWySAQRjYWZlmgEkQ2hkRFNVaE5NRzluUzBWSlEwRm5TVU5LYm1aWFRYWm5SUkFC4AEA-gEECCAQQg!16s%2Fg%2F11fzf7pfnf?hl=en&entry=ttu&g_ep=EgoyMDI2MDExMy4wIKXMDSoASAFQAw%3D%3D",Work-Remote-Cafes,Work-Remote,Cafes,Cafe with wifi,4.1,10,"Aroma, a good value as always, and such is this one, a typical Aroma coffee shop but with a splendid view on the Red Sea.  Like the other ones in this chain it offers cheap price, large portions, very fast service: we had a salad which was big enough for both of us. Coffee was good, such as the brownies as dessert. And no problems whatsoever with the Tuna Salad. This restaurant is situated right on the beach, a gorgeous view on the beach and the sea with no impact whatsoever on the prices which are the same than the other ones in the chain. The sunset is beautiful on the red sea although the sun doesn't sink in the sea. I'll attach some pictures of the surroundings... Not for gourmet certainly, but for families it is perfect.. || Outstanding food. The pastries stole the show. We had a greek sandwich and a traditional Israeli breakfast. But the pastires absolutely were the best of all || Great location, nice decor and good service. Pity they ruined it by serving yesterday's vegetable salad at breakfast today. || Amazing food and drinks. The view is gorgeous if you decide to sit outside. Very tasty Israeli 🇮🇱 food. || I give it 5 stars because of good localization, great pastries and coffee, and prices not significantly higher than in different places. We’ve had one of the best coffees in Eilat there and have not eaten such tasty pastries before. A nice place to seat in and nice outdoor balcony. Moreover the ordering is very convenient because it’s digitalized and the service is very fast. Worth going! || We originally wanted to order a takeout but decided to stay, the food came quickly and was very delicious || I came for a morning coffee , It was tasty and all but I was disappointed to find out they serve cold coffee in disposable plastic cups.  Besides this, the place is located at a lovely location with a view of the seaside . || Salad was huge but had some stuff that didn't feel fresh || I’m a big critic when it comes to coffee .. strong cappuccino made perfect 👌🏼 || Nice place by the ocean 🌊 Not a personal Caffe More of a come in get out But tasty and friendly Good for groups and singles. I'd come",29.5490036,34.9623653
ארומה מלכת שבא כשר,"https://www.google.com/maps/place/%D7%90%D7%A8%D7%95%D7%9E%D7%94+%D7%9E%D7%9C%D7%9B%D7%AA+%D7%A9%D7%91%D7%90+%D7%9B%D7%A9%D7%A8%E2%80%AD/@29.5581,34.9482,14z/data=!4m11!1m3!2m2!1sCafe+with+wifi+in+Hotel+District,+Eilat,+Israel!6e5!3m6!1s0x150071483c06e41f:0xc231106ec969282!8m2!3d29.550736!4d34.960587!15sCi9DYWZlIHdpdGggd2lmaSBpbiBIb3RlbCBEaXN0cmljdCwgRWlsYXQsIElzcmFlbFovIi1jYWZlIHdpdGggd2lmaSBpbiBob3RlbCBkaXN0cmljdCBlaWxhdCBpc3JhZWySAQRjYWZlmgFEQ2k5RFFVbFJRVU52WkVOb2RIbGpSamx2VDJwT2ExZ3lXbEJrTW1SeVpVaEtkMDFIVWxWUmEyeHFWbFV4WVdSV1JSQULgAQD6AQQIZhAf!16s%2Fg%2F11v04w7btq?hl=en&entry=ttu&g_ep=EgoyMDI2MDExMy4wIKXMDSoASAFQAw%3D%3D",Work-Remote-Cafes,Work-Remote,Cafes,Cafe with wifi,4.5,10,"Amazing team, super helpful and always full of a contagious joy. That together with the amazing food. Definitely worth coming back!!! || Excellent service and good preparation. Better then aroma in Tel Aviv! || The only Aroma branch at Eilat where it is possible to have a breakfast before 08:00 a.m. || We were delighted to find a Kosher Aroma in Eilat. Salad was delicious and very attractively presented. || Great place and located comfy, Food and beverage super. Coffee 👍🏻👍🏻 || Just seat relax and enjoy of good cup of coffee. || Sandwich, coffee and juices, for a quick bite to eat || Great place for having a rest from the heat outside. || The service is fast and the food is served with a smile. The salads and sandwiches are fresh and come in large portions. || The kitchen was closed due to congestion The amazing saleswoman saw that I was pregnant and opened it especially for me. Just service above and beyond Tasty, aesthetic and ready quickly",29.550736,34.960587
Queen of Sheba Eilat,"https://www.google.com/maps/place/Queen+of+Sheba+Eilat/@29.5581,34.9482,14z/data=!4m14!1m3!2m2!1sCafe+with+wifi+in+Hotel+District,+Eilat,+Israel!6e5!3m9!1s0x150071f0022336a7:0x13036fd859592bca!5m2!4m1!1i2!8m2!3d29.5503949!4d34.9617912!15sCi9DYWZlIHdpdGggd2lmaSBpbiBIb3RlbCBEaXN0cmljdCwgRWlsYXQsIElzcmFlbFovIi1jYWZlIHdpdGggd2lmaSBpbiBob3RlbCBkaXN0cmljdCBlaWxhdCBpc3JhZWySAQVob3RlbJoBJENoZERTVWhOTUc5blMwVkpRMEZuU1VReU9XUnRVWFZuUlJBQuABAPoBBAhCEBU!16s%2Fg%2F121xk38_?hl=en&entry=ttu&g_ep=EgoyMDI2MDExMy4wIKXMDSoASAFQAw%3D%3D",Work-Remote-Cafes,Work-Remote,Cafes,Cafe with wifi,4.6,14,"What a wonderful stay! We originally had 2 rooms booked for us and our 2 children. Upon arrival the wonderful Shai offered us to upgrade to a suite and how wonderful it was! We were on the 12th floor with an outdoor jacuzzi which we enjoyed … || Had a great experience at the Queen of Sheba Hotel in Eilat, especially thanks to Abed Hakim in the Club House Lounge on the 12th floor. Abed was super friendly, helpful, and really made us feel taken care of. He checked on us often, made … || Although it is a huge hotel with thousands of guests, it is surprisingly calm and clean. The Amenities seem to be good. I only used the gym which is a small room in the basement and very basic and a little run down, but it did its job. … || We have celebrated a family event in the Eilat queen of Sheba hotel and it exceeded our expectations by far! The facilities are super and on top of that the level of service was amazing, we truly appreciate the staff and hotel management … || We had stayed in a refurnished suit (room 929). Didn't use the pool nor the spa facilities.  Pros: The view is second to none. Breakfast and B.lounge were very good. Room is large.  Cons: The entire hotel hall smells. old carpets. you can feel/see/smell its days are over. Although our room was refurnished, the mattress and pillows are not comfort nor their chip covers. no Shower but 80's old bath. risky to get in-out. you can hardly stand in, and if you are 180cm+ you should bend to wash your head. luckily im not ;) || Dear Guests,   Thank you for your feedback.   We are sorry that we did not meet your expectations.   Sincerely,   Guest Relations Team || Overall, the hotel left a great impression — the food is varied, delicious, and offers a wide selection for every taste. The rooms are comfortable and well thought out, with quick service and linen changes on request. The staff are friendly and welcoming, creating a pleasant atmosphere. However, there’s one significant downside — the parking area is far too small for a hotel of this level. It’s almost always full, and guests often have to park far away and walk. Aside from that, it’s an excellent hotel that’s truly worth returning to. || Hi Tenks alot Best regards  M.relation ship || We had a blast with our friends. The resort has amazing food and drinks. And everyone we interacted with were very helpful. Specially ayelet the manage and abedhakim were wonderful || We are extremely dissatisfied with our experience at this hotel, primarily due to the appalling attitude and lack of basic professionalism displayed by the front desk staff. Upon arrival, we simply asked to view the rooms before making full payment to ensure they were suitable for our group of nine. Instead of a reasonable response, we were met with hostility from a woman named “Eti,” who immediately raised her voice, aggressively insisting that “it’s impossible” to see the rooms and telling us to “take our money and leave” if we didn’t like it.  This behavior was entirely unacceptable, and we were forced to escalate the situation to the manager — who, disappointingly, adopted a similarly dismissive tone. She insisted the rooms matched the photos online, which was patently false. The images were misleading at best. Only after nearly an hour of back-and-forth did she reluctantly agree to upgrade our rooms, free of charge — a small gesture after a very poor first impression.  Parking was equally frustrating. The lot was full upon arrival, and we were made to wait outside the closed gate for nearly an hour until other guests left.  As for the rooms themselves: “moderately clean” would be a generous description. Ripped blankets, stained carpets, and worn-down furnishings do not reflect the standards this hotel claims to uphold.  Overall, this stay fell far below expectations for a hotel of this reputation. Between the combative staff, misrepresented accommodations, and poor logistical management, we cannot recommend this property and will not be returning. || Disgraceful service for a hotel of this level. There were no bathrobes or slippers in the room. No one cleans the pool area; dirty mugs sat there for half a day, and no one came to pick them up. The restrooms in the public areas are filthy. You don't expect such service from a hotel of this level. || Hi Tanks alot Best regards  M relationship || We stay at hotel at November for 5 days,room on 7 floor for couple.Elevators doesn't work properly and we stay waiting a lot.When we asked form room service to get EMPTY plates for the fruits to the room ,we were charged 15 shekels on service ,that even not 3 stars service. || Dear guests,   I am sorry that we did not meet your expectations.   I would be happy to talk.   Sincerely, Guest Relations Team",29.5503949,34.9617912
Traklin - טרקלין,"https://www.google.com/maps/place/Traklin+-+%D7%98%D7%A8%D7%A7%D7%9C%D7%99%D7%9F%E2%80%AD/@29.5581,34.9482,14z/data=!4m11!1m3!2m2!1sCafe+with+wifi+in+Hotel+District,+Eilat,+Israel!6e5!3m6!1s0x1500710040f86ba7:0xd3d3b4e117cfaf88!8m2!3d29.5593836!4d34.9543464!15sCi9DYWZlIHdpdGggd2lmaSBpbiBIb3RlbCBEaXN0cmljdCwgRWlsYXQsIElzcmFlbFovIi1jYWZlIHdpdGggd2lmaSBpbiBob3RlbCBkaXN0cmljdCBlaWxhdCBpc3JhZWySAQtjb2ZmZWVfc2hvcJoBRENpOURRVWxSUVVOdlpFTm9kSGxqUmpsdlQydEdkMVpGTVV4a01uQk9ZbnBDUWxJelFuSmxWamw2WVVSTk1XUnNSUkFC4AEA-gEECBQQRA!16s%2Fg%2F11m78h1vks?hl=en&entry=ttu&g_ep=EgoyMDI2MDExMy4wIKXMDSoASAFQAw%3D%3D",Work-Remote-Cafes,Work-Remote,Cafes,Cafe with wifi,4.5,10,"Great food service. Had the tuna sandwich and cappuccino was great very good and filling || Cute place, nice breakfast and lovely, peaceful vibe off the beaten path. || We were looking for a place for breakfast for a couple, we ordered an additional double breakfast, besides the standard and simple one, the dips are suitable for one person and not for a couple, for each additional dip they demand money, the meal includes a soft drink and a hot drink. We wanted to replace the soft drink with this carrot juice with an additional payment of 10 NIS for a tiny glass. When we told the waiter everything, he repeated that the owner of the house would come to us, until we finished he did not come. In short, a casual, expensive meal, stingy and the worst service from the owner of the place. I will not return here. || A renewed, renovated and very, very pleasant place to sit, both inside and outside. We arrived as a family of 4. They seated us immediately at a table and came over to recommend and help with the choice. The food arrived as soon as all the orders were prepared, everything was hot, fresh and delicious. The waiter named Daniel was really helpful and pleasant. Thank you for the hospitality and the pleasant experience! ⚘️♥️ || A cozy and delicious place. When we arrived it was busy and there were no seats in the shade, we asked to sit inside and within minutes we got a table (5 people!). We were warned that the kitchen was busy and the food would be delayed for half an hour, we got everything after 10 minutes. Everything was fresh and delicious, the food and the coffee too. Recommended. || We arrived about a week and a half ago, out of curiosity to try the “new” place. Unfortunately, the experience was very disappointing.  Right at the beginning of our visit, we were seated at a table that hadn’t been replaced after use, with a prominent burn mark in the center – an unpleasant sight that immediately spoiled the sense of cleanliness and atmosphere.  I ordered shakshuka, which was extremely disappointing: it arrived barely cooked, with eggs that weren’t fully cooked, and half of the pan at the bottom was burnt – which gave the entire dish a charred aftertaste. In addition, the tomato sauce tasted like canned tomatoes and wasn’t fresh.  My partner ordered breakfast, which was served in a meager manner – an omelet on a large, almost completely empty plate, with very few dips for the two of us. The bread was fresh, which was probably the only advantage. Overall, the price (140 NIS for a breakfast for two) is not worth the money.  The service was slow and inconsistent: it took a long time to get a menu, even though I had asked for it at the beginning of my arrival, and there were very few diners in the restaurant. Two employees were at the counter, but it took several requests on my part, and a wait of over 10 minutes to get the menu.  The unpleasant feeling was completed with the toilets – very dirty, without paper to wipe hands, even after we asked several times to fill the facility. The level of cleanliness was so poor that my partner chose to hold off until we got home.  Summary: A very disappointing experience in terms of food quality, service and cleanliness. Unfortunately, does not warrant a return visit. || Lovely service from the manager Noam, and his team Daniel and his friend The place has delicious food and a stunning dessert, breakfast, with a fair price, a restaurant that in the evening becomes a completely different dairy restaurant, with a different menu,  Raanan Shaar Hadera, good luck || Very pleasant atmosphere, music in the background, plenty of seating inside and outside, and excellent service. The menu is extensive and the breakfast is excellent. || Excellent coffee from Mauro Breakfast was also excellent.. There is only a double room || Cozy place, great service and lovely staff. But- small and disappointing portions in my opinion.. There is almost always a parking problem. Menu ""on the run"", so I try to be forgiving, but for now it is very poor- more or less you choose between Benedict with one slice of burnt brioche, shakshuka, a small breakfast or salad. Coffee and orange juice (the other squeezed juices do not exist).",29.5593836,34.9543464
Branja Restaurant,"https://www.google.com/maps/place/Branja+Restaurant/@29.5581,34.9482,14z/data=!4m11!1m3!2m2!1sCafe+with+wifi+in+Hotel+District,+Eilat,+Israel!6e5!3m6!1s0x150071f7b8171f7d:0x2c8ea88331fa65a8!8m2!3d29.5514262!4d34.9519042!15sCi9DYWZlIHdpdGggd2lmaSBpbiBIb3RlbCBEaXN0cmljdCwgRWlsYXQsIElzcmFlbFovIi1jYWZlIHdpdGggd2lmaSBpbiBob3RlbCBkaXN0cmljdCBlaWxhdCBpc3JhZWySAQpyZXN0YXVyYW50mgFEQ2k5RFFVbFJRVU52WkVOb2RIbGpSamx2VDJ4a1RXVkdPSGxYVkdjeVQwUktSRmg2U1RGVWJsSmhWa1JPZGxkSVl4QULgAQD6AQQIABBK!16s%2Fg%2F11b7hplfsh?hl=en&entry=ttu&g_ep=EgoyMDI2MDExMy4wIKXMDSoASAFQAw%3D%3D",Work-Remote-Cafes,Work-Remote,Cafes,Cafe with wifi,4.6,10,"Exceptional food served with a smile- I had burger and fries which was 1/2 pound but I would recommend medium well since medium was a little rare. My wife had a feta salad which was huge and fantastic. We both started with stuffed grape  leaves on bed of tzatziki which was the best I’ve ever had || The portion size is filling, the salmon was well done and the mashed potatoes (dairy) was soft and tasty. The atmosphere is inviting and fun (especially if you sit outside). Great for any craving! || There sure is a reservation-communication problem, however we got sorted out quickly. The atmosphere is relax and feels like home. The food is just great. Tasty and well served. We ordered salads, pasta and a chicken dish. Excellent food!! || The pastas are excellent.  When we came without reservations we were allotted an hour and fifteen minutes even though there were plenty of free tables.  Cordial service.  Happy hour 17-18 Sunday to Thursday. || Best breakfast that money can buy. Clean place which is important when buying food. The owner is sweet and takes care of uncomfortable situations with love. Makes you keep coming back for more. Food is really good and not super expensive. Enjoyed every minute || It was my first time in Branja restaurant and I really enjoyed my visit. I had green shakshuka for lunch, which was really good. The staff is very friendly, they made me feel welcomed. They have an english menu, prices are reasonable. Toilets are very clean. Interior and art on the walls are cool. It's a hip place and I'd go there again. || Love this place! It was our favorite in Eilat and we ate here several times during our short stay. Breakfast all day if you want it. Brunch (on Sundays?) till 5. Really great food at reasonable prices. Happy hours from 5-6 on off nights (Monday-Thurs?) with 2 for one cocktails. The cocktails here are really excellent as well. The Branja Butty sandwich is delicious as was the sweet potato ravioli.  They are very welcoming with a relaxed beachy/artsy vibe. || Food quality great. Nice snd intersting dishes. Culm atmosphere.  Good price. First time their, we will come again || You coming through a lot you must eat here all of the best test the food you can find we enjoy everything we order on the menu do you have English menu and Hebrew really five star service to || Love the place, the vibes in this place. It's like vintage but with a bit modern. Good service, great plates, I ordered fettucini with smoked goose, my girlfriend ordered fettucini with sweet potato and artichoke. Also cocktail that came in a bicycle. For desert we ordered apple pie with vanilla ic cream, it was delicius. In conclusion, was amazing meal with very good cervice and good vibes. Extremely recomended.",29.5514262,34.9519042
Dan Panorama Eilat Hotel,"https://www.google.com/maps/place/Dan+Panorama+Eilat+Hotel/@29.5581,34.9482,14z/data=!4m14!1m3!2m2!1sCafe+with+wifi+in+Hotel+District,+Eilat,+Israel!6e5!3m9!1s0x150071e5bac2e653:0x8459ca00866361d!5m2!4m1!1i2!8m2!3d29.5525751!4d34.9585061!15sCi9DYWZlIHdpdGggd2lmaSBpbiBIb3RlbCBEaXN0cmljdCwgRWlsYXQsIElzcmFlbFovIi1jYWZlIHdpdGggd2lmaSBpbiBob3RlbCBkaXN0cmljdCBlaWxhdCBpc3JhZWySAQVob3RlbJoBJENoZERTVWhOTUc5blMwVkpRMEZuU1VSU2NYWlViekZSUlJBQuABAPoBBQjRAhAM!16s%2Fg%2F1hc0s93nq?hl=en&entry=ttu&g_ep=EgoyMDI2MDExMy4wIKXMDSoASAFQAw%3D%3D",Work-Remote-Cafes,Work-Remote,Cafes,Cafe with wifi,4.7,16,"We came as a group and we did enjoy very much! From the moment we arrived at the hotel until we checked out! Issam the duty manager assisted us very well! He is very professional. And also Jaboor from the dining hall gave a very good service! Very nice hotel, clean & tidy! || Dear Guest, Thank you for choosing Dan Panorama Eilat. I was happy to read that you enjoyed the hotel facilities during your recent stay, and we were able to exceed your expectations. Thank you for choosing to praise Issam, Muhamad Jaboor . We hope to see you again on your next vacation. Best Regards, Orly Atedgi Guest Experience Manager Department  Dan Eilat Hotels || Long story short: it's a wonderful hotel, and the people working there are even better. I sincerely recommend it to everyone.||My room (overlooking the lagoon) was spotless, very comfortable, and quiet. It was so peaceful that I could sleep … || We have been coming to the Dan Panorama annually for the past many years.  Yes, the location meets our needs, yes, the breakfast is consistent and plentiful and yes the rooms are clean.  The most important has always been how we are made to feel important.  Mr Robinovitch the Front Desk Supervisor may not remember our name but knows how to greet his guests and welcomes us with open arms.  He knows that we have many choices in Eilat and recognizes that customer service is key for keeping his guests happy.  When he was advised of the reason for our stay, our 30th anniversary he was able to upgrade our room and provide some treats. A couple of other exemplary employees: Alex at the Egg station got my request perfectly and Mohamad Shtiem the coffee barista made the start of my day cafinated with a smile every morning. Looking forward to our future stays. || Dear Guest, Thank you for choosing Dan Panorama Eilat Hotel . I was happy to read that you enjoyed the hotel facilities during your recent stay, and we were able to exceed your expectations.  Thank you for choosing to praise Max, Alex and Mohamad. We hope to see you again on your next vacation. Best Regards, Roni Oliel Guest Experience Department  Dan Eilat Hotels || Excellent hotel, excellent service, excellent food, everything in the dining room is delicious, this is not the first time I've been to this hotel, and I've been to other hotels in Eilat, I like to return to this specific hotel, a month ago … || This year was my third time in this hotel and I can tell that it's worth to come back to. The hotel has a big pool (and kiddies pool), spa (highly recommend), different entertainment in the evenings. The service was perfect - people who work there see the needs of the guests and take care of it with the smile. The room we stayed in wasn't too big, but we had enough space as a couple with the baby. The location and the view is great - the hotel is located 2 minutes away from the sea and the main promenade. The food that hotel offers is on a very high level - the variety and the quality is something else. Vegan, meat, desserts, kids food - you'll find whatever your stomach desires. In conclusion, if you want to unwind as a young couple or as a family, I really recommend this hotel. || Dear Guest, Thank you for choosing Dan Panorama Eilat Hotel . I was happy to read that you enjoyed the hotel facilities during your recent stay, and we were able to exceed your expectations.  We hope to see you again on your next vacation. Best Regards, Oliel Roni Guest Experience Department  Dan Eilat Hotels || It has been a long time since I was here. The hotel is well located and staff and breakfast is great. The rooms need to be upgraded badly, exposed wires, clunky air conditioning, old bathroom that need a major upgrade.  Its time to bring the Dan Panorama back to its prime || Dear Guest,  Thank you for choosing to stay at Dan Panorama Eilat Hotel. Your feedback is important to us. The information was passed on to the hotel management for further treatment.  We will be happy to host you again at Dan Hotels. Best Regards, Liron Saban  Guest Experience Department  Dan Eilat Hotels || “An excellent hotel with outstanding service, clean and well-organized, a pleasant fragrance, and a great location overlooking many scenic views. It’s also very close to commercial shops.” || Dear Guest, Thank you for choosing Dan Panorama Eilat . I was happy to read that you enjoyed the hotel facilities during your recent stay, and we were able to exceed your expectations.  We hope to see you again on your next vacation. Best Regards, Orly Atedgi Guest Experience Manager Department  Dan Eilat Hotels || Date: 6.7.2025||In my opinion I do not recommend to come here is why:||Pros:|- The hotel features a big swimming pool.|- The rooms are nice.|On Saturday they try to make it as best as a regular day in the dining room.|- Food is … || The hotel workers were so nice and friendly! Especially Dabi - we were treated so well and would definitely come back. The hotel itself is well located and the lobby looks nice, I think the rooms need a bit of renovations since it’s dated already. The food in the morning bufe was great!! || Dear Guest, Thank you for choosing Dan Panorama Eilat Hotel . I was happy to read that you enjoyed the hotel facilities during your recent stay, and we were able to exceed your expectations Thank you for choosing to praise Dabi We hope to see you again on your next vacation. Best Regards, Tali Dayan Bobrov Guest Experience Department  Dan Eilat Hotels || Sometimes the difference between a good  experience and an outstanding experience is a person.  That person for us is Issam Habash, one of the managers of Dan Panorama.  We were having difficulty lining up a way to visit Petra and were …",29.5525751,34.9585061
Isrotel Theater Wow Show,"https://www.google.com/maps/place/Isrotel+Theater+Wow+Show/@29.5513032,34.9135675,14z/data=!4m13!1m2!2m1!1sOpera+house+in+Hotel+District,+Eilat,+Israel!3m9!1s0x150071e547728209:0x7ac662715efe23de!5m2!4m1!1i2!8m2!3d29.551571!4d34.962708!15sCixPcGVyYSBob3VzZSBpbiBIb3RlbCBEaXN0cmljdCwgRWlsYXQsIElzcmFlbJIBD3RoZWF0ZXJfY29tcGFueeABAA!16s%2Fg%2F1vfpt2pc?hl=en&entry=ttu&g_ep=EgoyMDI2MDExMy4wIKXMDSoASAFQAw%3D%3D",Entertainment-Activities-Performance,Entertainment-Activities,Performance,Opera house,4.7,10,"Definitely a must, beautiful,  colorful, sometimes funny, Vegas/ cirque du soleil quality show, and I've seen a bunch. Family friendly, tickets are very reasonably priced considering the quality of the show. ( paid about $40?) || I remember the time When the show was a part of the things to do in a hotel. I guess they made it a show of it's own.. So if you come with normal expectations it's. A great show . I had fun the others seem to have fun A small theater I was in the first row like I like it ...I'd recommended it. Not expensive and a nice way to pass the evening || Love the WOW show. I go every year, and I get the WOW effect each time. Highly recommended. || We was in the ""Wow"" show it was crazy and very beautiful, a lot of acrobatics and crazy dancers also The decor is perfect, as are all the clothes the dancers wore... A fascinating show, highly recommended even for small children, great entertainment. || The show is just WOW! Great for everyone! Lots of acrobatic stunts. Always a full house. Highly recommend it for some amazing family fun and great vibes! || Its a great show. It is really amazing. After each scene weshouted wow. Best to sit row 5 in the middle. Highly recommended. || WOW is so amazing that everybody is stunt by the performance. Is mainly composed of acrobatic parts and comedy and is highly recommended. || The wow splash 2 show was excellent and well worth the price. The theater itself was basic but comfortable for the 90 min show. || A great show in Eilat ! A must see in family || Fantastic show, so entertaining. Fun for all the family and nice discount for Isrotel hotel guests.",29.551571,34.962708
Gaby's Pub,"https://www.google.com/maps/place/Gaby's+Pub/@29.5581,34.9482,14z/data=!4m11!1m3!2m2!1sCocktail+bar+in+Marina,+Eilat,+Israel!6e5!3m6!1s0x150071f7a26ec61d:0x795dd6c557853033!8m2!3d29.5507443!4d34.9524876!15sCiVDb2NrdGFpbCBiYXIgaW4gTWFyaW5hLCBFaWxhdCwgSXNyYWVsWiUiI2NvY2t0YWlsIGJhciBpbiBtYXJpbmEgZWlsYXQgaXNyYWVskgEDYmFymgFEQ2k5RFFVbFJRVU52WkVOb2RIbGpSamx2VDJ0c2VtRnJXakZsYlRWMVZWaEdUbUpXT1VOTlF6RXlWakU1VkZKWVl4QULgAQD6AQQINxA3!16s%2Fg%2F11fmvkw603?hl=en&entry=ttu&g_ep=EgoyMDI2MDExMy4wIKXMDSoKLDEwMDc5MjA3M0gBUAM%3D",Nightlife-Bars-Cocktail,Nightlife-Bars,Cocktail,Cocktail bar,4.6,10,"Much quieter, cozier, simpler bar with a huge history. The choice of drinks is fantastic - whole wall cabinet. As well, the soundtrack gravitates towards rock. Awesome place but you have to tolerate cigarette smell for a while. After all, sometimes we can indulge? || Gabbys pub eilat Best and i think one of the oldest pubs in israel since 1989 ,great classic rock music great vibes and very entertaining owner,drinks more than the clients 😀 || A real institute, open since 1989, run by the one and only Gaby. I've been visiting since 1994, this is a real pub, one of the last in Israel. Gaby is a one man show, always funny to chat with, and the carrots are legendary. Come only if you know what you are looking for. This is not for amateurs. || Good people go here, it's a real pub and the last of it's kind in Eilat and a dying breed in the world. The bar is owned by the bar tender and he has so much energy it's incredible. The music is ALWAYS INCREDIBLE  good old rock really really good songs. I always go here, no judgement just good people good beer and good vibes. Love the bar one of my favorites in the world. || Perfect spot to get away from the noise and crowds of Eilat. Classic small pub, had an excellent combination of great whiskey and tasty food delivered directly to my table from a nearby restaurant, thanks to a successful collaboration. || a lovely, tiny old-school pub. Gabi, serves great 60-70's music, booze and carrots. This place haven't changed a bit in the last 30 years, and it's got more character than any other pub in Eilat. || Easily the best Matcha I had in town. Thank you Gus for the amazing service and recommendations. || Best Bar in Eilat, Amazing owners and regular customers to create the perfect atmosphere for beer and blues! Quoting Greatful Dead: ONCE IN A WHILE YOU GET SHOWN THE LIGHT, IN THE STRANGEST OF PLACES IF YOU LOOK AT IT RIGHT. || this is the coolest bar in eilat. and I checked many || Oldest pub in Eilat! Great place to talk about Eilat with locals on a drink. Don’t miss the carrot, it’s a must!",29.5507443,34.9524876
Paddy's,"https://www.google.com/maps/place/Paddy's/@29.5581,34.9482,14z/data=!4m11!1m3!2m2!1sCocktail+bar+in+Marina,+Eilat,+Israel!6e5!3m6!1s0x150071f7b1255555:0x139f89b17096fd56!8m2!3d29.551054!4d34.9526098!15sCiVDb2NrdGFpbCBiYXIgaW4gTWFyaW5hLCBFaWxhdCwgSXNyYWVsWiUiI2NvY2t0YWlsIGJhciBpbiBtYXJpbmEgZWlsYXQgaXNyYWVskgEJaXJpc2hfcHVimgEjQ2haRFNVaE5NRzluUzBWSlEwRm5TVU5QZUVwVVkxcDNFQUXgAQD6AQQIABBC!16s%2Fg%2F1tfvq9qr?hl=en&entry=ttu&g_ep=EgoyMDI2MDExMy4wIKXMDSoKLDEwMDc5MjA3M0gBUAM%3D",Nightlife-Bars-Cocktail,Nightlife-Bars,Cocktail,Cocktail bar,4.2,11,"The restaurant was empty, except for another couple. They waited on us for 29 minutes. After half an hour we asked to understand what was going on and when we would receive our order and they continued to lie to us that it would be another minute and another minute, they argued with us that only 25 minutes had passed and that was reasonable for them. Simply a significant deterioration in the attitude and conduct that had not been there before. || Hi, We checked the timestamps: you arrived at 13:15 and left at 13:44. This total time includes ordering, waiting, receiving the dishes, eating, and paying so it’s not possible that you waited 30 minutes for your dish. The actual timeline simply does not match what was described. || Super friendly and helpful staff. Welcomed us immediately. They were setting up projectors for Haifa vs Tel Aviv football match for the evening and we could see the crowds of locals, young and older, coming just as we were leaving. || Food was good, arrived fast. Atmosphere was great and there was great early 2000 music. Sadly the waiter was terrible, at the end also demanded a higher tip, complained, and vocally tried to force us to tip him (Extremely aggro). || A nice bar for local people to feel aboard. As a tourist I'll suggest you to go and enjoy the actual local restaurants. American /British menu with good dishes. The stuff are friendly but the service is a bit slow and clueless. The place is open almost 24/7 so a good fit for a night snack. Enjoy :) || Place near the mall. Great choice of draft beers . The bartender knows his stuff , if you ask from something not in the menu and he knows it? He will make it and it will be great. The prices are reasonable and the service is quick || Paddy's is the local Irish pub in Eilat ( Yes, Apparently every city has an Irish Pub 🤣). It's a great place to come have a beer or a late lunch close to the beach. The pub is located in the tourist district of Eilat. It's a walk away from the beach, the shopping mall and most of the board walk hotels. I highly recommend the steak!!! The fish and chips is good too but the streak is simply a winner. They also have a large selection of beers to choose from, along with a full bar and surprisingly decadent desserts 🎂. Great for families or just hanging out with friends to watch a came. || For a pub, this place serves very decent food from a wide menu. Even the pub favorites (burgers, fish&chips, etc.) are surprisingly good. Many kinds of beers available. Good place to have a dinner with kids. Why 4 points then? The one beer I was interested in was not available, and the waitress was very confused, both with prices and the orders. This may happen, though. || Very positive experience. The waiter was patient and explained to us the different food options. We ordered one of the menus that included a drink and a 50% discount on desserts.  The fish and chips dish  was delicious and tasty. The lemonade had too much sugar for my taste but could mix it with water.  We shared one of their desserts (the apple pie) which was served with a vanilla ice cream and whipped cream. Simply delicious.  You are served some peanuts and vegetables to eat while you wait for your dish/drink. || Good place to visit. Always tasty food and a lot of fresh beers. Not cheap but worth it. || The combination of rich bar and restaurant. Bar is rich from beers to cocktails and heavy drinks. The food is very good, I ordered the steak and it was soft and well served. The music was awesome and not too loud or low. The sitting area outside is pretty and has really nice breeze during evening. The service was great and welcoming. Definitely going to return for a second.",29.551054,34.9526098
מוד מסעדת שף באילת | mood restaurant eilat,"https://www.google.com/maps/place/%D7%9E%D7%95%D7%93+%D7%9E%D7%A1%D7%A2%D7%93%D7%AA+%D7%A9%D7%A3+%D7%91%D7%90%D7%99%D7%9C%D7%AA+%7C+mood+restaurant+eilat%E2%80%AD/@29.5581,34.9482,14z/data=!4m11!1m3!2m2!1sCocktail+bar+in+Marina,+Eilat,+Israel!6e5!3m6!1s0x150071f29e153e9f:0x256a1b8dfb56cfcd!8m2!3d29.5495874!4d34.9658581!15sCiVDb2NrdGFpbCBiYXIgaW4gTWFyaW5hLCBFaWxhdCwgSXNyYWVsWiUiI2NvY2t0YWlsIGJhciBpbiBtYXJpbmEgZWlsYXQgaXNyYWVskgEKcmVzdGF1cmFudJoBI0NoWkRTVWhOTUc5blMwVkpRMEZuU1VNeWJVNDNja3hCRUFF4AEA-gEECBYQNA!16s%2Fg%2F11qg3fg2l_?hl=en&entry=ttu&g_ep=EgoyMDI2MDExMy4wIKXMDSoKLDEwMDc5MjA3M0gBUAM%3D",Nightlife-Bars-Cocktail,Nightlife-Bars,Cocktail,Cocktail bar,4.1,13,"One of my best food and service experiences is Israel. The restaurant is new but the staff and food don't feel like it. The food was of course the highlight, but the service was amazing, the cheff himself came to the tables to ask for the diner's opinions. Music and lighting were just right, didn't have to wait long for the foor or drinks. The place itself is outdoors but doesn't feel hot or uncomfortable. If I ever find myself in Eilat again, definitely will pay a visit. || We're glad you chose to join our mood ♥ || A fresh gastronomique restaurant in Eilat! Liked complicated tastes of the dishes, some of them spicy. Tasted seven courses - and all of them were perfect! Light white wines would match all of them (we selected Pinot Gris and Sancerre). || The vibe is amazing, especially for a date or something for intimate. There was not too much variety and I ended up getting a pizza, but even that wasn’t bad. THE PASTA though was incredible. The sauce was perfect, the texture and the softness as well. Recommend! || It was amazing food, atmosphere and service! Truly recommend. || It is a modern kosher restaurant with a nice atmosphere. The kitchen is an interesting mix of Italian and sushi. The staff was trying to do their best, and they did a good job. The food was good without being anything too special. There is a small pool that creates nicer surroundings. || So disappointed, I thought I would eat in a cozy, lounge place with good music and subdued lighting, I found myself in a canteen in the middle of strollers. || Hello Sandrine,  Thank you for sharing your feelings with us. We certainly understand your disappointment – ​​Eilat during this season is full of families, and in the earlier hours we welcome everyone with love, even with strollers. After 10:00 PM the atmosphere changes completely – exactly to the lounge atmosphere with the music and lighting you were looking for.  It is also important for us to note – personal disappointment with the atmosphere does not necessarily justify a rating of only two stars, unless the food, service or design were also not to your satisfaction.  We would be happy to host you again at a later time, so that you can enjoy the real Mood, and perhaps also improve your mood 😉.  Best regards, Mood Restaurant Team  English  Hi Sandrine,  Thank you for sharing your feedback. We truly understand your disappointment — Eilat during this season is full of families, and in the earlier evening hours we welcome everyone with love, strollers included. After 10 PM, however, the atmosphere completely changes into the cozy lounge vibe with music and lighting you were probably looking for.  That said, we do want to mention — a personal disappointment with the atmosphere doesn't necessarily justify a two-star review, unless the food, service, or design also failed you.  We'd be happy to host you again a bit later in the evening, so you can truly experience the real Mood — and hopefully leave with a better mood too 😉.  Best regards, Mood Restaurant || We had the couple Breakfast Benedict. One egg per person, soft cheeses were not fat, small salad for two. overall, OK. || Overrated and overpriced. I recently dined at this sushi restaurant and unfortunately had a disappointing experience. The service was lacking, with significant delays in receiving our orders. The seating was uncomfortable and too close to the bar area, making it noisy and disruptive. Additionally, the hostesses were not friendly, and seemed unwelcoming which didn’t help the overall atmosphere. The menu lacked variety and didn’t offer anything unique; Having eaten at many sushi restaurants, I found this one to be below average, with the rolls being thinner than usual. I was hoping for a much better experience. || Great food, expensive and too many guests for the waiters to properly treat you, we got half a pizza thrown away because the waiter just walked by and took it which is a shame || Thank you very much for your honest review and feedback  We’re glad you enjoyed the food and sorry for the inconvenience with the pizza. We will address this issue with the team to prevent such cases in the future. We’d love to host you again for an even better experience. || What a great vibe and food, and the staff so incredible, Tomer and Yarom were so on it… sweethearts ♥️🙏",29.5495874,34.9658581
Mike's Place Eilat,"https://www.google.com/maps/place/Mike's+Place+Eilat/@29.5581,34.9482,14z/data=!4m11!1m3!2m2!1sCocktail+bar+in+Marina,+Eilat,+Israel!6e5!3m6!1s0x150071face8290f9:0x706714ab46c936ef!8m2!3d29.5522783!4d34.9613436!15sCiVDb2NrdGFpbCBiYXIgaW4gTWFyaW5hLCBFaWxhdCwgSXNyYWVsWiUiI2NvY2t0YWlsIGJhciBpbiBtYXJpbmEgZWlsYXQgaXNyYWVskgEDYmFymgFEQ2k5RFFVbFJRVU52WkVOb2RIbGpSamx2VDJ4V2FWb3dhRTlaYWxZMlVWaE9hMVZVUWxwamVtaHNWVWR3U1Uwell4QULgAQD6AQQIIhBB!16s%2Fg%2F1jkz570cz?hl=en&entry=ttu&g_ep=EgoyMDI2MDExMy4wIKXMDSoKLDEwMDc5MjA3M0gBUAM%3D",Nightlife-Bars-Cocktail,Nightlife-Bars,Cocktail,Cocktail bar,4.3,17,"Love this place!! Food is delicious and the portions are great. The staff is awesome and very friendly,  especially Mike. Atmosphere and vibes are so chill and welcoming to everyone,  even great for a family night out. Music always on point and the drinks are mixed well. Definitely worth a visit! You wont be disappointed!!! || Thanks Denise, hope to see you again soon || The food is pretty bad. The wings are prepared in advance and have strong chicken after taste. The burger is dry.  I guess if you there for a drink and a show it can be nice. But avoid it as a dinner. || Awesome food, awesome location with great waterfront views, great sports bar! Prices were reasonable during tourist season in Eilat. Highly recommend the double Mike's Burger if you are hungry (see pictures), guarantee you will not be hungry after eating it! Comes with fries or salad. One of the best burgers i have eaten! || Thanks David for the awesome review || It all depends when you come ... I've been trying to escape the heat... So as soon as that opend I sat down .. I haven't been in a bar for ages.. But some how it all feels like home .. The smells the sits etc... So I've had a few drinks ...a conversation with the dude beside me...ate a meat lovers pizza...and left. ... I've been a long mikes place goers in Tel Aviv ..wenn I was young ...so it all looks the same .. There are also  live performances (a bit to loud for my age ) ... Enjoy 🤠 || Thanks, hope to see you soon || the place was absolutely amazing. the interior, service, music, and food and drinks were top notch. Definitely recommend 👌 || Thanks for the awesome review Rona || We were there every evening from 23.09 to 26.09. And every time great food, different dishes, always free space for sitting under air condition. Children were happy too. Beer is great. || Thanks so much for the great review!! We appreciate you!! Hope to see you back soon || Great atmosphere, cold beer, good food, unexpectedly good live band, what else do you need? Sitting area outside has a beautiful view to the yachts in marina, nice during the day, romantic in the evening... Bar inside bit crowded but that's ok in Israel, we are all one big family... I think that reservation is not necessary unless you are a big party... || Went on Monday, good music, good vibe Didn't eat only drink so can't rate the food || Thanks Moti, we appreciate you || Sagiv was our server and he was so helpful. We felt like we were his only customer. We love coming to Mike’s place every time in Israel- especially for Happy Hour!! || Worst service.  I was a frequent customer of this place.  Every time we came to Eilat, we came to this place and sat down at the same table in the corner.  It was already a tradition.  Came here yesterday as well.  But an incident happened - the waiters forced us to vacate this place and look for a smaller table, since more people could be seated at this table.  I just got up and walked out of there.  The greed of the establishment led to the loss of a regular customer || Sorry Oleg, it’s not greedy to try and maximize the space you have. It is normal practice in any professional restaurant.",29.5522783,34.9613436
The Brewery,"https://www.google.com/maps/place/Bar+En+Eliat/@29.5581,34.9482,14z/data=!4m11!1m3!2m2!1sCocktail+bar+in+Marina,+Eilat,+Israel!6e5!3m6!1s0x150071f6e07b26bd:0x53e644e9f4dcfda1!8m2!3d29.5498637!4d34.9545771!15sCiVDb2NrdGFpbCBiYXIgaW4gTWFyaW5hLCBFaWxhdCwgSXNyYWVsWiUiI2NvY2t0YWlsIGJhciBpbiBtYXJpbmEgZWlsYXQgaXNyYWVskgEDYmFymgEjQ2haRFNVaE5NRzluUzBWSlEwRm5TVU5sTm1GdVNWaG5FQUXgAQD6AQQIMRA0!16s%2Fg%2F11b_2lm5bj?hl=en&entry=ttu&g_ep=EgoyMDI2MDExMy4wIKXMDSoKLDEwMDc5MjA3M0gBUAM%3D",Nightlife-Bars-Cocktail,Nightlife-Bars,Cocktail,Cocktail bar,4.4,6,"Overcharged for house wine. Price on menu was ₪35 per glass of white wine. They charged ₪48. Disappointed in the dishonesty. || The worst service!!! And Caesar salad is not tasty at all (and it’s really hard to spoil Caesar, right?) || The waiter Almog was brilliant, nice and polite. We had a wonderful time and good food and cocktails. I definitely recommend this place for late & peaceful nights, overlooking the beach. || A tranquil place to enjoy few drinks on the beach of red sea, in front of Mall Hayam. Beer is very expensive, but worth the price  because of the location. || Poor service, had to chase waitress for the bill Expensive, not worth it || After a disappointing walk around the promenade looking for a place for dinner, but to sit away from the abnormal heat outside (and at 8:00 PM without a reservation). We were welcomed with open arms, we waited a minute outside when they quickly arranged a table for 4 of us. Inside we met Tamar, our lovely waitress, we ordered drinks for all of us, a watermelon and Bulgarian cheese dish, a schnitzel and fries dish and I took Tamar's recommendation, a whole bream in the oven, the atmosphere is great, even though it was full we received personal attention, the music and atmosphere inside was very pleasant and the food was fresh and delicious, we will definitely be back again. Hint - the barcode in the picture of my fish dish is the menu for the restaurant...",29.5498637,34.9545771
Dakota Grill Bar | דקוטה גריל בר,"https://www.google.com/maps/place/Dakota+Grill+Bar+%7C+%D7%93%D7%A7%D7%95%D7%98%D7%94+%D7%92%D7%A8%D7%99%D7%9C+%D7%91%D7%A8%E2%80%AD/@29.5581,34.9482,14z/data=!4m11!1m3!2m2!1sCocktail+bar+in+Marina,+Eilat,+Israel!6e5!3m6!1s0x1500718b574b05db:0x1a343eebb88a7761!8m2!3d29.548857!4d34.9650487!15sCiVDb2NrdGFpbCBiYXIgaW4gTWFyaW5hLCBFaWxhdCwgSXNyYWVsWiUiI2NvY2t0YWlsIGJhciBpbiBtYXJpbmEgZWlsYXQgaXNyYWVskgENYmFyX2FuZF9ncmlsbOABAA!16s%2Fg%2F11x0zm77zb?hl=en&entry=ttu&g_ep=EgoyMDI2MDExMy4wIKXMDSoKLDEwMDc5MjA3M0gBUAM%3D",Nightlife-Bars-Cocktail,Nightlife-Bars,Cocktail,Cocktail bar,4.3,9,"My recent visit to Dakota restaurant was quite underwhelming. The service was notably slow, with a 30-minute delay before our food arrived and no explanation or acknowledgment of the wait. When my meal finally did arrive, the steak was unfortunately not cooked to the specification I had requested, which was disappointing given the restaurant’s reputation.  Adding to the poor experience, my family had already finished their meals by the time mine arrived, and they had moved on to dessert while I was still trying to finish my main course — which made the entire dining experience feel disjointed and uncomfortable.  To make matters worse, we were served the wrong bottle of wine and only discovered the mistake after questioning it — something that should have been communicated upfront. The manager did offer a complimentary glass of wine and desserts as an apology, but I had already ordered a glass, and as I’m mindful of my diet, I tend to avoid desserts, so the gesture did little to resolve the disappointment.  For the price point, the overall experience fell far short of expectations. Neither I nor my family and friends will be returning. || We had dinner at the Dakota restaurant in Eilat, near the Dan Eilat Hotel. The service was perfect, the food was very tasty, the service was at a 5-star level, the atmosphere in the restaurant was pleasant, accompanied by a cool breeze from the sea. It was excellent!!!! We enjoyed it very much, the prices are affordable for every pocket. Highly recommend! You are welcome to stay at the restaurant and enjoy. || We were the whole family in Dakota and we enjoyed every moment! The food - 10 out of 10, every dish is fresh, well thought out and insanely delicious. The location is excellent, and the service is simply above and beyond - a smiling, courteous staff, who constantly checks that we are satisfied. We left blown away, satisfied and happy. We will absolutely be back again! || Excellent restaurant. Fine and high quality meat, courteous and exceptional service Excellent location || Excellent food, exceptional service! Highly recommended || If you want bad service and reasonable food this is the place for you || Excellent restaurant, excellent food, very tasty, very good atmosphere || A restaurant in a hotel but not a hotel ;-) || Spectacular Pesach at this wonderful hotel",29.548857,34.9650487
ביטלס,"https://www.google.com/maps/place/%D7%91%D7%99%D7%98%D7%9C%D7%A1%E2%80%AD/@29.5581,34.9482,14z/data=!4m11!1m3!2m2!1sCocktail+bar+in+Marina,+Eilat,+Israel!6e5!3m6!1s0x150071f7b1255555:0x84f3ff5705e7f7a6!8m2!3d29.5511254!4d34.9524282!15sCiVDb2NrdGFpbCBiYXIgaW4gTWFyaW5hLCBFaWxhdCwgSXNyYWVsWiUiI2NvY2t0YWlsIGJhciBpbiBtYXJpbmEgZWlsYXQgaXNyYWVskgEDYmFy4AEA!16s%2Fg%2F1v560tdk?hl=en&entry=ttu&g_ep=EgoyMDI2MDExMy4wIKXMDSoKLDEwMDc5MjA3M0gBUAM%3D",Nightlife-Bars-Cocktail,Nightlife-Bars,Cocktail,Cocktail bar,3.9,10,"A dance bar, I don't like them but there Ware nothing wrong with the place so 5 Stars. Has nothing to do with the Beatles 🙂 … || 100 $$ for 18 shots and a hooka  very understaffed.   extreamly understaffed . Though the waitress looked nice   feel bad for her .    Enjoy eilat. || Terrible music, has nothing to do with the titular beatles music wise, over priced, suffocating from all the smoke inside, i wouldn't go back on my own volition || They shouldn't call themselves ""Beatles"" when they play such terrible music || The drinks were overpriced, bar was mostly empty, the place is called Beatles but had nothing to do with them music-wise || I come here a  lot when i'm in the area. They have good drinks and staff. || Cool bar. Lots of dancing. A little pricey. || atmospheric, fun. want to go back there again!)) || Where the hell a person needs to pay 12 shekels for a tap water while dancing?! || Not suitable for everyone, loud with a lot of smoking inside.",29.5511254,34.9524282
ביאנקה (לשעבר צ'נה אילת),"https://www.google.com/maps/place/%D7%91%D7%99%D7%90%D7%A0%D7%A7%D7%94+(%D7%9C%D7%A9%D7%A2%D7%91%D7%A8+%D7%A6'%D7%A0%D7%94+%D7%90%D7%99%D7%9C%D7%AA)%E2%80%AD/@29.5581,34.9482,14z/data=!4m11!1m3!2m2!1sCocktail+bar+in+Marina,+Eilat,+Israel!6e5!3m6!1s0x15007166d6d85a8f:0x1ab5ae7ce7456168!8m2!3d29.5541629!4d34.9642273!15sCiVDb2NrdGFpbCBiYXIgaW4gTWFyaW5hLCBFaWxhdCwgSXNyYWVsWiUiI2NvY2t0YWlsIGJhciBpbiBtYXJpbmEgZWlsYXQgaXNyYWVskgESaXRhbGlhbl9yZXN0YXVyYW50mgFEQ2k5RFFVbFJRVU52WkVOb2RIbGpSamx2VDI1Vk1GTkVWbUZpYkZZMVYwVlpkMkpyTlU1Tk1FNDBWVVk1VWxaVlJSQULgAQD6AQQIABA-!16s%2Fg%2F11ssjvs7wz?hl=en&entry=ttu&g_ep=EgoyMDI2MDExMy4wIKXMDSoKLDEwMDc5MjA3M0gBUAM%3D",Nightlife-Bars-Cocktail,Nightlife-Bars,Cocktail,Cocktail bar,4.6,10,"Great service, nice design and atmosphere. Food was mediocre... Beets salad was great! Papardela pasta had good flavores, but way too much oil&butter. The capresa pizza was verry soggy and messy, and the Tiramisu was the biggest disappointment... whipped cream with coca powder. Not good :( || I have travelled all over the world, and enjoyed many types of food, and from many cultures. My wife and I came to this restaurant spontaneously, and the staff were very polite and seated us even though they had just begun closing.  I ordered the fish and risotto, and my wife ordered chestnut ravioli with fish. I can say with confidence that it was the best fish I ever had in my life, no exaggeration. The fish was cooked with the skin seared to a crisp, salted just right, and placed over a bed of perfectly cooked risotto in a perfectly balanced lemon butter. It was so tasty that I couldn't leave one drop of lemon butter on the dish. I also tried my wife's chestnut ravioli with fish, and the fish was identical to the first, and I was surprised by the quality of the ravioli, which was clearly hand-made at the restaurant, and with fresh roasted chestnuts. I am usually bored by ravioli, but this was another story entirely, and I was not surprised to find out it is a chef restaurant.  It was unbelievable how good it was, and we couldn't stop talking about it on the way back to our hotel.  I highly recommend Cena.  Enjoy! || We chose to try Cena for an anniversary meal and had a pleasant experience.  Nice location and atmosphere at the Brown Hotel Eilat.  The food was tasty, the pizza was nice, the pastas were pretty good, the fish was exceptionally excellent, the dessert was delicate, and the cocktails delicious.  The service was warm and professional, our lovely waitress - Shelly - took good care of us, gave us nice recommendations, checked on us several times and made sure we were happy :)  As with many high end restaurants the menu is not too wide, the portions are not very big, the food is delicatessen,  I recommend this restaurants for anyone who is ok with a high ticket meal, small-medium size portions, and a good quality culinary experience. || Ate here last night (pesach) and the food was amazing, especially since they managed to craft pasta and pizza dishes that were kosher for pesach and tasted as good as 'the real thing'. Unfortunately the food was let down by the service which was poor. An order was missed, no one checked up on us, pizza was served cold, inattentive etc. When we pointed all this out we were told that the restaurant was recently opened the servers were recently hired and they were profusely apologetic. We were compensated with free chasers and wine and assured that the service issues would be dealt with. If the food non-pesach is as good as the pesach menu and they sort out the service issues, we will definitely be coming back. || The food is really tasty , good cocktails and the best service || Excellent food. Beetroot salad and ravioli with fish - delicious. Friendly service. || The food was delicious, we took beet salad and ravioli with fish || A pleasant surprise all in all. The salad was fresh and crisp, the pizza was good, but the pasta was the highlight - it was exceptionally good. Loved it. || This restaurant has been closed lately but still accepted my reservation an credit card details as a deposit. I think it's a shame to mislead people that way. Someone might count on this place and go there for nothing. || Shonly the server was great, very professional and very friendly",29.5541629,34.9642273
זפלין - בר // Zeppelin - Bar,"https://www.google.com/maps/place/%D7%96%D7%A4%D7%9C%D7%99%D7%9F+-+%D7%91%D7%A8+%2F%2F+Zeppelin+-+Bar%E2%80%AD/@29.5581,34.9482,14z/data=!4m11!1m3!2m2!1sCocktail+bar+in+Marina,+Eilat,+Israel!6e5!3m6!1s0x1500711fa830566d:0x9d7f4b6acccd3c20!8m2!3d29.5505854!4d34.952006!15sCiVDb2NrdGFpbCBiYXIgaW4gTWFyaW5hLCBFaWxhdCwgSXNyYWVsWiUiI2NvY2t0YWlsIGJhciBpbiBtYXJpbmEgZWlsYXQgaXNyYWVskgEDYmFy4AEA!16s%2Fg%2F11h3ddrz29?hl=en&entry=ttu&g_ep=EgoyMDI2MDExMy4wIKXMDSoKLDEwMDc5MjA3M0gBUAM%3D",Nightlife-Bars-Cocktail,Nightlife-Bars,Cocktail,Cocktail bar,5.0,0,,29.5505854,34.952006
Dolphin Reef Restaurant,"https://www.google.com/maps/place/Dolphin+Reef+Restaurant/@29.5488356,34.924119,14z/data=!4m10!1m2!2m1!1sBeach+bar+in+Coral+Beach,+Eilat,+Israel!3m6!1s0x150073ccebddbd0d:0xe3acc4f5f74111aa!8m2!3d29.5262696!4d34.9358173!15sCidCZWFjaCBiYXIgaW4gQ29yYWwgQmVhY2gsIEVpbGF0LCBJc3JhZWxaJyIlYmVhY2ggYmFyIGluIGNvcmFsIGJlYWNoIGVpbGF0IGlzcmFlbJIBCnJlc3RhdXJhbnSaASRDaGREU1VoTk1HOW5TMFZKUTBGblRVTnZjM1ZQYW5aUlJSQULgAQD6AQQIABAn!16s%2Fg%2F11gdk_9v6h?hl=en&entry=ttu&g_ep=EgoyMDI2MDExMy4wIKXMDSoKLDEwMDc5MjA3MUgBUAM%3D",Nightlife-Bars-Specialty,Nightlife-Bars,Specialty,Beach bar,4.4,8,"The one up in the tree is perfect, stunning views, amazing food and super friendly service. || Amazing place a must have hen visiting Eilat || Great food quality for reasonable price. Pleasant service. Recommended. || It is type of basic and authentic place. Nothing fancy, a bit disorganized and slow so be prepared with patience and focus on the nature around. || Good service, reasonable prices and a great atmosphere || Beautiful setup to watch the dolphins playing around, very attentive staff, good snacks. || Wonderfull beach and very good restaurant for lunch. || Quite modest. So called quick food, not so good.",29.5262696,34.9358173
Eilat Light,"https://www.google.com/maps/place/Eilat+Light/@29.5488356,34.924119,14z/data=!4m10!1m2!2m1!1sBeach+bar+in+Coral+Beach,+Eilat,+Israel!3m6!1s0x150071e5bac2e1e5:0x3bc66842ef607b1!8m2!3d29.5009577!4d34.9156988!15sCidCZWFjaCBiYXIgaW4gQ29yYWwgQmVhY2gsIEVpbGF0LCBJc3JhZWxaJyIlYmVhY2ggYmFyIGluIGNvcmFsIGJlYWNoIGVpbGF0IGlzcmFlbJIBDWJhcl9hbmRfZ3JpbGyaASNDaFpEU1VoTk1HOW5TMFZKUTBGblNVUnRjVGhETkVOM0VBReABAPoBBQj7ARBB!16s%2Fm%2F0cmcnr0?hl=en&entry=ttu&g_ep=EgoyMDI2MDExMy4wIKXMDSoKLDEwMDc5MjA3MUgBUAM%3D",Nightlife-Bars-Specialty,Nightlife-Bars,Specialty,Beach bar,4.5,10,"Complements well the red sea reef experience with nice fishies to see under water and drinks and food and beach service provided by the restaurant. Nice showes and other facillities as well. || After snorkeling, a relaxed place to hang out and watch the sunset on the Jordanian mountains across the Gulf of Aqaba. Hummus and Israeli salad not bad for pub food. || My favorite beach in Eilat. Great snorkeling and diving, very cute staff at bar/restaurant and awesome music.. in Winter they go for country and blues, in summer more for reggae and such || lovely, laid-back beach with all necessary amenities including parking space, WC, showers, diving club that also sells accessories, a simple but tasty café/restaurant, lots of shaded seating at exceptionally beautiful wooden tables, beach beds, umbrellas and chairs at reasonable prices. would give it a full 5 stars if it wouldn't get so awfully crowded on holidays and weekends. || Clean and there are nice camping grounds with wifi everywhere. || Very good place for snorkling and have a rest in shadow! || Good place to charge, shower, have a bite ( nothing fancy, basic sandwich) sit ( chair services and  waitresses to the beach side ) and dip the Red Sea.. lovely staff. || Have a nice place where you can relax and enjoy the atmosphere that's what this place is so awesome!! Is right next to one of the most beautiful beaches I have ever been. You for sure need snorkeling gear and wet shoes since the shore has lots of pebbles. But, once you are in, it is beautiful just to see the coral fishes swim around you. And after you finish just head to the bar and ask for a beer and relax!! Amazing place to visit!! || Free beach with no entry charges, good place to snorkel, clean and tidy, nice and kind  staff || Great beach service was great, water has a lot to see. Must bring scoba gear or sea goggles",29.5009577,34.9156988
Bar En Eliat,"https://www.google.com/maps/place/Bar+En+Eliat/@29.5498637,34.9164683,14z/data=!4m10!1m2!2m1!1sBeach+bar+in+Coral+Beach,+Eilat,+Israel!3m6!1s0x150071f6e07b26bd:0x53e644e9f4dcfda1!8m2!3d29.5498637!4d34.9545771!15sCidCZWFjaCBiYXIgaW4gQ29yYWwgQmVhY2gsIEVpbGF0LCBJc3JhZWxaJyIlYmVhY2ggYmFyIGluIGNvcmFsIGJlYWNoIGVpbGF0IGlzcmFlbJIBA2JhcpoBI0NoWkRTVWhOTUc5blMwVkpRMEZuU1VObE5tRnVTVmhuRUFF4AEA-gEECDEQNA!16s%2Fg%2F11b_2lm5bj?hl=en&entry=ttu&g_ep=EgoyMDI2MDExMy4wIKXMDSoKLDEwMDc5MjA3MUgBUAM%3D",Nightlife-Bars-Specialty,Nightlife-Bars,Specialty,Beach bar,4.0,6,"Overcharged for house wine. Price on menu was ₪35 per glass of white wine. They charged ₪48. Disappointed in the dishonesty. || The worst service!!! And Caesar salad is not tasty at all (and it’s really hard to spoil Caesar, right?) || The waiter Almog was brilliant, nice and polite. We had a wonderful time and good food and cocktails. I definitely recommend this place for late & peaceful nights, overlooking the beach. || A tranquil place to enjoy few drinks on the beach of red sea, in front of Mall Hayam. Beer is very expensive, but worth the price  because of the location. || Poor service, had to chase waitress for the bill Expensive, not worth it || After a disappointing walk around the promenade looking for a place for dinner, but to sit away from the abnormal heat outside (and at 8:00 PM without a reservation). We were welcomed with open arms, we waited a minute outside when they quickly arranged a table for 4 of us. Inside we met Tamar, our lovely waitress, we ordered drinks for all of us, a watermelon and Bulgarian cheese dish, a schnitzel and fries dish and I took Tamar's recommendation, a whole bream in the oven, the atmosphere is great, even though it was full we received personal attention, the music and atmosphere inside was very pleasant and the food was fresh and delicious, we will definitely be back again. Hint - the barcode in the picture of my fish dish is the menu for the restaurant...",29.5498637,34.9545771
Red Sea parachutes,"https://www.google.com/maps/place/Red+Sea+parachutes/@29.5581,34.9482,14z/data=!4m10!1m2!2m1!1sParasailing+in+City+Center,+Eilat,+Israel!3m6!1s0x150071efdb08d5d9:0x66601c55cf8aadfc!8m2!3d29.548678!4d34.962413!15sCilQYXJhc2FpbGluZyBpbiBDaXR5IENlbnRlciwgRWlsYXQsIElzcmFlbFopIidwYXJhc2FpbGluZyBpbiBjaXR5IGNlbnRlciBlaWxhdCBpc3JhZWySASV3YXRlcl9zcG9ydHNfZXF1aXBtZW50X3JlbnRhbF9zZXJ2aWNlmgFEQ2k5RFFVbFJRVU52WkVOb2RIbGpSamx2VDJ4c01HTnJXVE5hTWpGV1RrZE9NRnBzU205T2VscERZekkxY0ZkWVl4QULgAQD6AQQIKxAu!16s%2Fg%2F11f359b1fk?hl=en&entry=ttu&g_ep=EgoyMDI2MDExMy4wIKXMDSoKLDEwMDc5MjA2OUgBUAM%3D",Experiences-Activities-Adventure,Experiences-Activities,Adventure,Parasailing,4.2,10,"Every review talk about the behavior of the owner or who ever sells the tickets, we came with a voucher (discount) and he was decent but wasn’t pleasant . The other guy that got us sited in the boat and explained the rules was great. We got a boat for an hour free ride and was awesome! Really fun. We got great pictures. Unfortunately can’t jump in the water but safety first. || Went both for the parachute and carousel.  Was impressed that they took safety seriously. On the boat they were very clear and professional.  Location is ideal and easy to get to on the Tayelet.  I've seen other people complain here in yhe reviews that they didn't get a full 10 min on the parachute. I times one group which came in at 9:45 sec, which is close enough.  Be aware that several groups get on the boat with you, so you may have to wait for everyone to finish before you get off the boat. || Great place! Rented a self driving boat for an hour, ot was wonderful, the boat was great, we got an upgrade as well. Recommended || I have some really mixed feeling about this place. But health in no joke!  Let me explain. I wanted to go tubing for a very long time. Lay down tubing. We picked this place cause they looked the most legit and here is how it went.  60 NIS a person (not bad  at all) for 15 mins. 2 people. They asked us to sit in the shadow and wait a little. And here it goes….  40 mins later I went to ask them if they still remember that we are there. They tell us we are waiting for 2 more people to join cause it’s a 4 minimum. Well… who knows how long are we gonna wait for? No one knows, because this is arbitrary. After another 20 mins of waiting and totaling on an hour wait I went and said in that case we would like a refund and we will go do something else. After all we only have one day here.  Then they suddenly agreed to take just the 2 of us plus one boy that works for them.  The trip started out nice, the boat drivers were super nice! Suggested that I a girl stay in the middle. As a feminist I was hurt, but I see their point.  As we started and rode a few mins, they made it their task to shake us of the tube and they started spinning really hard, I assume for the benefit on the boy that works with them to try and shake him off. My unending concern was for my boyfriend who doesn’t swim as well as me. I. Addition they didn’t warm us to get our goggles we had or swimming gloves. My boyfriend ended up losing one of his contact lenses and I ended up slicing my left hand really badly and bleeding for over an hour. Photo is taken the next day, yesterday is was too creepy to post.  They didn’t offer any bandages or sterilization options. I wonder how clean this mattress was, not to mention later it turned out that my boyfriend (with much harsher skin than mine) had smaller cuts in the same spots. Meaning this must be common. || Regret not having read the reviews beforehand. Owner is extremely   condescending and nasty. Doesn't bother to tell you how long a wait it's going to be, and the waits are very long, especially compared to other providers on the same beach. Staff is unpleasant at best. Some people just aren't meant to run a business. You'd do better taking your money to any of the other 6-7 companies working right next to him. || The worst! Do not go! Rude, aggressive, pushy, both the vendor and the crew were the worst experience providers. 8 minute activity for 3 people. There are much better options for parasailing. Go elsewhere || Good Mediterranean vibes on the boat. Make  sure  with  the operator on the boat  itself  you get the 10 minutes  you paid for, otherwise it'll  be more like 6-7 min tops || Amazing, so much fun! The staff was friendly and professional. Photos and video and a soft landing on the boat with ease. Highly recommended!! || Awesome times!! Thrilling ride up there. Captain of the boat was a boss. Definitely add this to your itinerary. || The team was great. We had an amazing time. Felt safe and secure.",29.548678,34.962413
Parasailing Eilat,"https://www.google.com/maps/place/Parasailing+Eilat/@29.5581,34.9482,14z/data=!4m10!1m2!2m1!1sParasailing+in+City+Center,+Eilat,+Israel!3m6!1s0x150071fb1726202b:0xf0b7c9e3a30ae03c!8m2!3d29.5491404!4d34.9598685!15sCilQYXJhc2FpbGluZyBpbiBDaXR5IENlbnRlciwgRWlsYXQsIElzcmFlbJIBDmFxdWF0aWNfY2VudGVy4AEA!16s%2Fg%2F11d_23vsb6?hl=en&entry=ttu&g_ep=EgoyMDI2MDExMy4wIKXMDSoKLDEwMDc5MjA2OUgBUAM%3D",Experiences-Activities-Adventure,Experiences-Activities,Adventure,Parasailing,4.5,14,"I had an amazing time parasailing very nice view || Professional, courteous service, a skilled driver. We promise to come back to you every year!!! || Nice and fair professionals Highly recommended, Lior the owner was charming and kind Highly recommended Tal || We had a great time!! A special experience with kind people Lior and Uri They sang songs, atmosphere and professionalism, thank you very much || Thank you for your support and I look forward to seeing you always! || Shocking!!! Don't come close, disgusting service and attitude, I've never seen anything like it in my life, just disgusting. We arrived at the promenade, everyone was blown away and he was the only one who was empty (now I understand why). I usually like to support those without work and let them make a living, even though it turned out to be a little more expensive than the rest. We did. We were promised that each couple would get ten minutes and go up together as a couple. After receiving the payment and we went to the beach, he suddenly decided that the wind was not good, not that it was possible to miss it before whether there was wind or not. In the end, he gave the first couple barely five minutes in a very rude way, and then he told me and my partner that everyone would do it alone because there was no wind. He gave each of them five minutes and did a favor that he did every second. He pointed out that he was working double and doing us a favor when in fact he worked easier because it was probably easier to do it to one person. After I complained and asked him to at least refund us some of the money because that's not what we were promised, he spoke in a shocking and disrespectful way. In short, there are so many people who do this on the promenade. It's better to wait a little longer and enjoy and get good service and attitude. Then we went to Hanania Beach. To fix the shocking experience we had and we had a great time!!! || It was perfect, a special experience. Lior is a charming man and gives the most fun and funny feeling there is! However, the photographer is also rare, we got some great pictures. || They rode so hard that one of them lost her panties and the other one's were torn 👍🏻 … || In a parachute, you can't lose your underwear because you're in the air and you have a harness on you. There's a chance you mean tubes. But thanks for the five stars. || An amazing and enjoyable farm, with courteous, professional service, and my friends highly recommend coming to Eilat Parachutes near the bridge. || Thank you very much for your support. I would be happy to always make you happy.... || It was crazy fun. The guys made sure I enjoyed every moment. They were funny. Thank you very much. I'm sure I'll come to them again when I get to Eilat. || Lior the General gave my daughter and me a great experience, professional, kind, funny. Great Lior.  Thank you very much, much appreciated Zvika the mechanic || Thank you dear man for the support I was happy to meet and congratulations to your lovely girl!",29.5491404,34.9598685
Dekel Beach,"https://www.google.com/maps/place/Dekel+Beach/@29.5473765,34.9151374,14z/data=!4m11!1m3!2m2!1sPark+in+Coral+Beach,+Eilat,+Israel!6e1!3m6!1s0x15007221360e2cb9:0x8c6f4323a46a56b4!8m2!3d29.5395089!4d34.9462438!15sCiJQYXJrIGluIENvcmFsIEJlYWNoLCBFaWxhdCwgSXNyYWVsWiIiIHBhcmsgaW4gY29yYWwgYmVhY2ggZWlsYXQgaXNyYWVskgEMcHVibGljX2JlYWNomgEjQ2haRFNVaE5NRzluUzBWSlEwRm5TVVJTY205SWNXRkJFQUXgAQD6AQQIFhAv!16s%2Fg%2F11c53nwx3s?hl=en&entry=ttu&g_ep=EgoyMDI2MDExMy4wIKXMDSoKLDEwMDc5MjA2OUgBUAM%3D",Parks-Recreation-Nature,Parks-Recreation,Nature,Park,4.5,16,"Amazing place: great vibes, great beach, excellent music and DJ!  Come on Friday for the shabbat eve dance party and you won't regret it. Food and drinks are also nice. Staff is busy, but courteous. There is something for everyone.  I've been to Eilat several times and I've never been there. I will ALWAYS stop by there every time I'm there from now on. || Hi Ryan, Thank you very, very much for the kind and detailed feedback, and thank you as well for the positive rating. On behalf of the entire Dekel Beach team, I sincerely thank you. See you again soon. 🌴🌴🌴 || Good clean beach. Chairs are 10 shekels/chair, sunbathing chair 20. Nice food at the restaurant on the beach. Make sure to grab slippers or wet shoes to enter the sea. It's either really hot to walk on the send or really painful to walk on little sharp stones. And bring water:) || Hey Nina  Thanks for your rating and comment  We're very happy to hear that you had a great time at the beach  🌴🌴🍸🌴🌴 … || 2022: Well structured for the beach lover. Clean bathrooms. Good bar service. The site is split into two different styles: - north side has a large wooden deck, suited for those who want to sit by the tables, close to the bar and restaurant; - south side is rustically styled, with straw shades (and also a large canvas tent during summertime). There is chair, table and sunbed rental service available at official prices on both sides. During summertime they also place a floating deck with sunbathing sofas and cushions for rent.  Entry to water is made through carpets on definite corridors in order to prevent visitors from revolving the stones and corals, which is a nice idea. Updated 10/23: entry to the water had been improved by them having removed the larger stones from under those carpets as it was quite impossible not to stumble on them, once we were never able to know where they were. Updated 3/25: The place is clean, beach service has improved. The floating deck isn't there as summer hasn't begun, the beach bar is run by a nice team, and Anna is always serving with her sweet smile and kindness. The only negative points are the lack of trash pots really close to the waterline, as the typical Israeli is spoiled and used to litter and then have someone around to clean and collect after them. Also dog owners are requested to have them leashed at the entrance and then leave them to circulate freely among the bathers, peeing on or even pooing at chairs, sunbeds and even on people's bags, towels and clothes, something unacceptable.  Updated 25/4/2025: The entrance to the water is downgraded as the carpets have been relocated over the rolling stones. I could not find the previous southern path which was comfortable and ready to walk in as the stones had been removed before the setting of the carpet. It's now very hard to walk on it, as the stones under the carpet make it uncomfortable and unbalancing for those to walk in the path. The beach also still lacks trashcans close to the waterline, as the existing ones are located about 8-10 meters from it; I've seen many pieces of paper, plastic cups and popsicle wrap on the sand. Anyway it's still the best beach in Eilat. || HHEY MOSHE  VEY MOSHE THANK YOU SO MUCH FOR YOUR COMMENT LOOKING FORWARD TO SEE YOU SOON AT THE BEACH || Decent beach with a nice relaxed atmosphere. Free entrance, public washrooms are clean. The restaurant has average prices but not too high for beach side. Food is delicious, we had the fried cauliflower and salmon wrap, Turkish coffee and an orange-carrot drink, all for 132NIS with tip included. There is plenty of parking and you can rent a lounge chair or regular chair. Swimming isn’t recommended here because there is no lifeguard but some people went in anyways. Sand is a bit rocky but water looks nice and clear. Some sand flies here and there, wheel chair accessible entrance. || I gave a low score because of my expectations. Maybe they were too high. Not sure.  I come from Haifa. In Haifa the beaches have sand when you enter the water, here there are rocks, so you better bring footware to enter the water. The area of the beach is also very small and no free shade on the sand. There are no changing rooms, so we had to change in the toilets which is very strange for a beach. Showers were only outdoor ones - also very strange IMO.  So if you expect to have a changing room, indoor showers where you can get naked, free shade and easily to enter the water without shoes - this place sucks.  Otherwise the water is nice,  and I had fun swimming here nontheless. || Hi Arthur Thank you very much for your detailed response During the winter we take down all the shades because they are not resistant to the strong winds Even the natural beach in the Red Sea is not as sandy as in the Mediterranean and we make efforts to keep the beach as natural as possible At the end of winter we add access roads from designated and special carpets on the waterfront to allow for easy and safe access We hope you will come again in the future and enjoy the beach Best regards The Palm Beach Team || The best beach in Eilat! Quiet and relaxed  (at least during mid March), great bar and sea view, lots of shade and trees. Enjoy a good Shakshuka in the morning :) || Thank you very much Guy What a happy response Happy Purim (: || Beautiful beach, calm and cozy. There is shade, restaurant, clean bathroom. Rent a chair or bed. Friendly staff. We had lots of fun there with the kids! Food was ok. || Very nice beach with clean water and easy way to the Red Sea. Excelente atmosphere and good services. The chairs cost us small and you can stay all day. Very much recommend. || Very nice beach with nice restaurant, good prices. Nice to spend some time. Small reef 20m from shore. || Nice and clean beach. The entry, the bathroom and the shower is free. During the day was not so crowded, maybe because the water is still a bit cold. 😬😄 The beach is a bit rocky but there is a path to the water. || Dear Bence Thank you for your positive comment and rating  Hope to see you soon at the beach again  🌴🌴🌴 …",29.5395089,34.9462438
Holland Park,"https://www.google.com/maps/place/Holland+Park/@29.5473765,34.9151374,14z/data=!4m11!1m3!2m2!1sPark+in+Coral+Beach,+Eilat,+Israel!6e1!3m6!1s0x15006e644f42b869:0xae6d324af0c40f7e!8m2!3d29.5719991!4d34.9607666!15sCiJQYXJrIGluIENvcmFsIEJlYWNoLCBFaWxhdCwgSXNyYWVsWiIiIHBhcmsgaW4gY29yYWwgYmVhY2ggZWlsYXQgaXNyYWVskgENbmF0aW9uYWxfcGFya5oBJENoZERTVWhOTUc5blMwVkpRMEZuU1VSWGNXTnBaMmgzUlJBQuABAPoBBAgAEAw!16s%2Fg%2F1tm1mtg0?hl=en&entry=ttu&g_ep=EgoyMDI2MDExMy4wIKXMDSoKLDEwMDc5MjA2OUgBUAM%3D",Parks-Recreation-Nature,Parks-Recreation,Nature,Park,4.0,8,"The park itself is not that special but you can have a pretty good view from the small hills that are part from the bike trail. Good starting point or rest point if you're hiking / cycling || The ATV were nice to ride in this beautiful park, got to see eliat from the hill tops and Jordan, the instructor was great giving us the time of our lives. || As a birdwatcher I find this place as  very useful for wildlife species || It will be nice in another 10 years. Trees are still small. || Good birding to be had here if you visit in March || good trails for walk or bike || Super place for walking around Eilat || A fun hike, morning, afternoon or evening. A wide variety of local/desert vegetation that allows for a pleasant and relaxing walk. M and M L Z",29.5719991,34.9607666
פארק שחמון,"https://www.google.com/maps/place/%D7%A4%D7%90%D7%A8%D7%A7+%D7%A9%D7%97%D7%9E%D7%95%D7%9F%E2%80%AD/@29.5473765,34.9151374,14z/data=!4m11!1m3!2m2!1sPark+in+Coral+Beach,+Eilat,+Israel!6e1!3m6!1s0x1500723e9ecbafb9:0x336e1ef9269b3e36!8m2!3d29.5446307!4d34.9343741!15sCiJQYXJrIGluIENvcmFsIEJlYWNoLCBFaWxhdCwgSXNyYWVskgEEcGFya-ABAA!16s%2Fg%2F11c6rjvvyf?hl=en&entry=ttu&g_ep=EgoyMDI2MDExMy4wIKXMDSoKLDEwMDc5MjA2OUgBUAM%3D",Parks-Recreation-Nature,Parks-Recreation,Nature,Park,4.4,5,"The park is perfect, but in the evening there are lots of noisy teenagers who destroy the park every time anew || Nice for kids and dogs || Beautiful park in Shahamon! || Very empty due to covid || The park is across from the super-pharmacy and a general clinic. Still under construction. It seems that the facilities are not being strengthened. There is shade in some places, the palm trees are stunning. But care is needed.",29.5446307,34.9343741
Spiral Park,"https://www.google.com/maps/place/Spiral+Park/@29.5473765,34.9151374,14z/data=!4m11!1m3!2m2!1sPark+in+Coral+Beach,+Eilat,+Israel!6e1!3m6!1s0x150071f043442609:0x10ce89cf03cde166!8m2!3d29.5495247!4d34.9596765!15sCiJQYXJrIGluIENvcmFsIEJlYWNoLCBFaWxhdCwgSXNyYWVskgEOYW11c2VtZW50X3BhcmvgAQA!16s%2Fg%2F1yfj5qfrx?hl=en&entry=ttu&g_ep=EgoyMDI2MDExMy4wIKXMDSoKLDEwMDc5MjA2OUgBUAM%3D",Parks-Recreation-Nature,Parks-Recreation,Nature,Park,4.3,8,"Fun outdoor mall. Lots of cold drinks available, and you will need them! || Fantastic experience, just miracle of creatings watching the corals! || A great place to walk around, shop, eat, or watch the sunset/sunrise! || Nice park with 4 rides and an ice cave with bar and a slide, expensive || Ticket price of 55 ISL is just meaningless. || Best experience in Israel and specialy Eliot || Like all shops in Eilat. Expensive. || Nice night activities",29.5495247,34.9596765
פארק הארנבים,"https://www.google.com/maps/place/%D7%A4%D7%90%D7%A8%D7%A7+%D7%94%D7%90%D7%A8%D7%A0%D7%91%D7%99%D7%9D%E2%80%AD/@29.5473765,34.9151374,14z/data=!4m11!1m3!2m2!1sPark+in+Coral+Beach,+Eilat,+Israel!6e1!3m6!1s0x150073160f1ecdc7:0xdd4d41152969f4bf!8m2!3d29.5558614!4d34.9395976!15sCiJQYXJrIGluIENvcmFsIEJlYWNoLCBFaWxhdCwgSXNyYWVskgEEcGFya-ABAA!16s%2Fg%2F11ry8n3vjx?hl=en&entry=ttu&g_ep=EgoyMDI2MDExMy4wIKXMDSoKLDEwMDc5MjA2OUgBUAM%3D",Parks-Recreation-Nature,Parks-Recreation,Nature,Park,4.3,12,"We came at night in the middle of the week and it was full of Arabs I didn't expect it to be like that, it was crazy || Thank you, that's true. After 10pm everyone leaves. || We arrived at 5:00 PM. Unfortunately, there were only 2 rabbits outside. The girl was disappointed, but everything has its time. || This is not a rabbit park, but a lawn abandoned by poor rabbits....a horror of a place....rabbits that are used to a home are simply abandoned there and suffer in the Eilat heat. Full of diseases and wounds and scabies that also infect people. They multiply and die. They are run over. Simply miserable. It's a shame that the municipality doesn't take care of a truly organized place for animals in the city to provide a response and education in compassion. A shame of a place || Thanks for the answer. It is important to note that our rabbits have private homes (each one) and they go out whenever they want. And there are children who catch them and take them to the vet, but unfortunately not every rabbit wants to go to the vet. || I wouldn't call it a park - more like a piece of grass next to a playground in a neighborhood. There are quite a few rabbits there in all sorts of colors and species. You can see that they are well-kept - they have water, food and hiding places there. || A small garden where, unfortunately, people abandon rabbits they don't want. The rabbits hide in the bushes so there's really nothing to come and see. Please don't give them carrots or watermelon. It's not healthy for them despite what it seems. If anything, fill them with clean water in the box they have there. || It's not really a park, it's a place full of rabbits, very nice, but it's not recommended to touch them. You have to check that you don't have to, because if you do, they'll get sick. || A nice place, a park where rabbits are raised and roam freely. || Once the rabbits came out it was really nice. || Really cute. Not the most cuddly. || Amazing place in the middle of the city",29.5558614,34.9395976
Fradkin Garden,"https://www.google.com/maps/place/Fradkin+Garden/@29.5473765,34.9151374,14z/data=!4m11!1m3!2m2!1sPark+in+Coral+Beach,+Eilat,+Israel!6e1!3m6!1s0x15007202f2cc54ad:0x2650e507a92dd5e9!8m2!3d29.5561825!4d34.9492723!15sCiJQYXJrIGluIENvcmFsIEJlYWNoLCBFaWxhdCwgSXNyYWVskgEEcGFya-ABAA!16s%2Fg%2F11cp7j4r2_?hl=en&entry=ttu&g_ep=EgoyMDI2MDExMy4wIKXMDSoKLDEwMDc5MjA2OUgBUAM%3D",Parks-Recreation-Nature,Parks-Recreation,Nature,Park,4.3,8,"Nice park, green grass, children activity. In the middle there's a memorial. Visit recommended if looking for a chilled afternoon activity with the kids. || Not too busy, casual park. Fun to spend some time here or walk the dog through the area || nice place. i'm going there with the dog all the time. the dogpark very dirty. :-( || This is my home park and I love it, catch me out there with my dog everyday homie || A dog playground, kids playground, grass and shadow for a picnic, nice place for a family. || Exellent park with a lot of green and attraction for kids 🤗 … || A small park with a playground. You can run around on the grass and play on the playground. There are paths for pedestrians and strollers. The downside is that there are a lot of people with dogs. Children are afraid to run because the dog follows them, and the owner doesn't react. || Summer party and foam in Eilat. At Franklin Park",29.5561825,34.9492723
The Botanical Garden,"https://www.google.com/maps/place/The+Botanical+Garden/@29.5473765,34.9151374,14z/data=!4m11!1m3!2m2!1sPark+in+Coral+Beach,+Eilat,+Israel!6e1!3m6!1s0x15006e11afaa7a53:0xa0f8b8b96386e52f!8m2!3d29.574149!4d34.9635963!15sCiJQYXJrIGluIENvcmFsIEJlYWNoLCBFaWxhdCwgSXNyYWVsWiIiIHBhcmsgaW4gY29yYWwgYmVhY2ggZWlsYXQgaXNyYWVskgEPZWNvbG9naWNhbF9wYXJrmgEjQ2haRFNVaE5NRzluUzBWSlEwRm5TVU5QYms1bVQwNUJFQUXgAQD6AQQIMxA6!16s%2Fm%2F0k70vhf?hl=en&entry=ttu&g_ep=EgoyMDI2MDExMy4wIKXMDSoKLDEwMDc5MjA2OUgBUAM%3D",Parks-Recreation-Nature,Parks-Recreation,Nature,Park,4.5,18,"I was truly impressed by how many plants are thriving here in the middle of the desert. You can really feel how much love, care, and hard work have been put into creating and maintaining this beautiful garden. It’s an oasis of green and peace in Eilat! The café is also a lovely surprise - great coffee, a vegan-friendly menu, and delicious homemade sweets. A perfect place to relax and enjoy nature! || Thank you very match.Hope to see you again. || Its a nice little botanic garden with varied species, especially for an arid desert. Many flies around so bring some anti-mosquito cream, also obviously it's outside - so if you come when it's very hot you will have a hard time walking around. || Thank you very much for the high score and the wonderful review. In the warm seasons, it is definitely advisable to come in the morning to enjoy the good and pleasant weather. || Definitely worth visiting. Very nice place a lot of shadow. Most of the wooden staff is made of reused wood. I would add in my personal opinion it's one of the best places to visit in Eilat. || Thank you very much for the high score, And the lovely review || This place was really a suprice. I tought this was quite basic , but this place is very nice. It has many view points to take pictures. There is alot walking routes and places to sit. If you visit eilat this is a good place to go. || Thank you very much for the high score Hope to see you again || Lovely visit and well worth visiting. Warm welcome on arrival. Great views. You'll also find out about an army look out post among the botanical gardens and rain forest. || Beautiful and uniqe tropical island in the desert. Plenty of adorable sitting spots and lots of shaded areas. Don't miss out the rain forest water sprinklers on hot days! The place is way above expectations for a private initiative like that. || Thank you very much for the high score and the great review. We hope to see you again. || I don't know one tree or plant from another but the attraction of this place is just comprehending that they were able to build this beautiful tropical oasis in the middle of a desert. It looks like it's been there forever. I can't even imagine the effort that went in to developing this lovely oasis from scratch. We had lovely weather on a ;day in mid-March and spent 2 hours walking the trails and relaxing in the shade, a morning of tranquility. (If you have mobility issues then it would be difficult to climb some of the steep inclines and stairs. We had no problem but be forewarned). || Thank you very much Eric for the high rating. We hope to see you again."" || It's a lovely place to visit Especially because it's one men's dream to fight the dessert.. And boy did it work .. Don't expect to much but it is growing.. I'd recommend it heartily || Thank you very much for the high score Hope to see you again‏‏ || Nice place with kind people The story around it is pretty awesome but the place it self is simple It’s not too big so I would say it’s about 2 hours activity You can enter with any kind of food (just water) so leave it in your car before you go. || Thank you very much for the high score Hope to see you again‏ || They threw us out when we asked if we could eat their. We payed for being there and their only replay was that ""you can't eat here if you don't buy food"" They also said that your not allowed to bring dogs and they have dogs there. Such hypocrits!",29.574149,34.9635963
Eilat Mountains Reserve,"https://www.google.com/maps/place/Eilat+Mountains+Reserve/@29.5473765,34.9151374,14z/data=!4m11!1m3!2m2!1sPark+in+Coral+Beach,+Eilat,+Israel!6e1!3m6!1s0x15006d896e0fc901:0xe3e44e2acfe129da!8m2!3d29.575681!4d34.922099!15sCiJQYXJrIGluIENvcmFsIEJlYWNoLCBFaWxhdCwgSXNyYWVsWiIiIHBhcmsgaW4gY29yYWwgYmVhY2ggZWlsYXQgaXNyYWVskgENbmF0aW9uYWxfcGFya5oBJENoZERTVWhOTUc5blMwVkpRMEZuU1VSb01GbFljbk5SUlJBQuABAPoBBAgAECs!16s%2Fg%2F11rxnm5x4y?hl=en&entry=ttu&g_ep=EgoyMDI2MDExMy4wIKXMDSoKLDEwMDc5MjA2OUgBUAM%3D",Parks-Recreation-Nature,Parks-Recreation,Nature,Park,4.6,9,"Ideal for short treks within an accessible distance from the city and with views from the adjacent peaks. || The perfect place for some peace and quiet. The veiw is amazing, especially when the sun sets and you get to see all the colors of the mountains. It's a great place to spend the day. || Amazing place. Looks like Arizona. || Beautiful and special area, amazing view || ""Isreal hiking"" is the app to use when in the mountains. It has all the trails marked and pro GIS features. (need internet connection. Offline saving available) || Nothing more beautiful!! || Huge reserve of desert and mountains, a lot of trails with different difficulties, and different experiences from wildlife observing and views of the bay and the red sea. || Very nice and interesting location.  You must have water with you ! || There are some constructions there so the place not as in google, didn’t find.",29.575681,34.922099
Canada Park,"https://www.google.com/maps/place/Canada+Park/@29.5473765,34.9151374,14z/data=!4m11!1m3!2m2!1sPark+in+Coral+Beach,+Eilat,+Israel!6e1!3m6!1s0x150072122cffffff:0xdea9660503e626ef!8m2!3d29.5564907!4d34.9336065!15sCiJQYXJrIGluIENvcmFsIEJlYWNoLCBFaWxhdCwgSXNyYWVskgEEcGFya-ABAA!16s%2Fg%2F11x0n6zybn?hl=en&entry=ttu&g_ep=EgoyMDI2MDExMy4wIKXMDSoKLDEwMDc5MjA2OUgBUAM%3D",Parks-Recreation-Nature,Parks-Recreation,Nature,Park,0.0,0,,29.5564907,34.9336065
פארק המוצצים,"https://www.google.com/maps/place/%D7%A4%D7%90%D7%A8%D7%A7+%D7%94%D7%9E%D7%95%D7%A6%D7%A6%D7%99%D7%9D%E2%80%AD/@29.5473765,34.9151374,14z/data=!4m11!1m3!2m2!1sPark+in+Coral+Beach,+Eilat,+Israel!6e1!3m6!1s0x1500736dc8bc8013:0xbb403dc7e6509887!8m2!3d29.5516094!4d34.9344089!15sCiJQYXJrIGluIENvcmFsIEJlYWNoLCBFaWxhdCwgSXNyYWVskgEEcGFya-ABAA!16s%2Fg%2F11j027_0t4?hl=en&entry=ttu&g_ep=EgoyMDI2MDExMy4wIKXMDSoKLDEwMDc5MjA2OUgBUAM%3D",Parks-Recreation-Nature,Parks-Recreation,Nature,Park,4.5,5,"This park is always more pleasant than others because of the live grass (not synthetic), which doesn't get hot in the sun and doesn't smell like plastic. You can have a picnic while the kids play and swing on the swings. || Nothing about Eilat. A nostalgic amusement park for children || Very quiet and clean. || Good place but boring || Clean and beautiful!!",29.5516094,34.9344089
Underwater Observatory Park,"https://www.google.com/maps/place/Underwater+Observatory+Park/@29.5581,34.9482,14z/data=!4m10!1m2!2m1!1sScience+museum+in+Marina,+Eilat,+Israel!3m6!1s0x150071f58d9bcb7d:0x1e108dfe2565a60c!8m2!3d29.5037774!4d34.9177235!15sCidTY2llbmNlIG11c2V1bSBpbiBNYXJpbmEsIEVpbGF0LCBJc3JhZWxaJyIlc2NpZW5jZSBtdXNldW0gaW4gbWFyaW5hIGVpbGF0IGlzcmFlbJIBCGFxdWFyaXVtmgEkQ2hkRFNVaE5NRzluUzBWSlEwRm5TVVJsZUMxUFdHNTNSUkFC4AEA-gEECB0QQg!16s%2Fm%2F0130h1vm?hl=en&entry=ttu&g_ep=EgoyMDI2MDExMy4wIKXMDSoKLDEwMDc5MjA3M0gBUAM%3D",Entertainment-Culture-Museums,Entertainment-Culture,Museums,Science museum,4.5,0,,29.5037774,34.9177235
Science Park Eilat,"https://www.google.com/maps/place/Science+Park+Eilat/@29.5581,34.9482,14z/data=!4m10!1m2!2m1!1sScience+museum+in+Marina,+Eilat,+Israel!3m6!1s0x150073e7c972d7ff:0xfca86dd6d4955bf5!8m2!3d29.5434956!4d34.927758!15sCidTY2llbmNlIG11c2V1bSBpbiBNYXJpbmEsIEVpbGF0LCBJc3JhZWySAQRwYXJr4AEA!16s%2Fg%2F11fmzsd008?hl=en&entry=ttu&g_ep=EgoyMDI2MDExMy4wIKXMDSoKLDEwMDc5MjA3M0gBUAM%3D",Entertainment-Culture-Museums,Entertainment-Culture,Museums,Science museum,4.2,5,"Beautiful and well-kept playground, a variety of facilities that are especially suitable for toddlers. Nice shade. This is not the Science Park. The Science Park is 200 meters northwest. An edit request has been sent. || Very interesting, lots of fun, and lately there have been almost no children at all. I was there for a long time and it's not boring. There's always something to do. || A very nice place for children, the most important thing is that the place is suitable for children with wheelchairs. || Beautiful new park but dirty || Gen Jesus is excellent!",29.5434956,34.927758
Eilat City Museum,"https://www.google.com/maps/place/Eilat+City+Museum/@29.5434956,34.8896492,14z/data=!4m10!1m2!2m1!1sScience+museum+in+Marina,+Eilat,+Israel!3m6!1s0x150071f7a26ec61d:0x9273d205e00c1045!8m2!3d29.551741!4d34.95296!15sCidTY2llbmNlIG11c2V1bSBpbiBNYXJpbmEsIEVpbGF0LCBJc3JhZWxaJyIlc2NpZW5jZSBtdXNldW0gaW4gbWFyaW5hIGVpbGF0IGlzcmFlbJIBDmhpc3RvcnlfbXVzZXVtmgEkQ2hkRFNVaE5NRzluUzBWSlEwRm5TVU5DZUhZdE5uTkJSUkFC4AEA-gEFCO4BEEQ!16s%2Fg%2F12636fnb6?hl=en&entry=ttu&g_ep=EgoyMDI2MDExMy4wIKXMDSoKLDEwMDc5MjA3M0gBUAM%3D",Entertainment-Culture-Museums,Entertainment-Culture,Museums,Science museum,4.4,10,"Small, nice. Very interesting to see how this city was developed during this years. One hour, may be one a half 😊 + film. Art gallery is closed for renovations. Good place to visit with children. Recommend it, almost free (very low price) … || Small museum in city center of Eilat. Low entrance price, so conform size of the exhibition. Friendly reception and you receive a city passport with your ticket. || It's a small museum One and 2 place are good Just go and watch You don't need any guidance or recording phone here || It's an interesting museum to learn about the city history. Eilat is also mentioned in the Bible. Special thanks to Simona from the museum. || Quite informative and succinct for a museum of a small town that Eilat is. Good opening hours until 9pm. Quite a lot of the exhibits (but not only!) are historical photos, however, that does not make the museum dull - quite the opposite. Good and well curated, interesting selection, you learn quite a lot. 4.5* || An excellent museum represents the history and environment of Eilat and its area. Entry fee is really cheap, it's worth visiting! || Lovely pictures and rock samples. Well laid out. 1 hour visit and open till 21:45. || Small museum with lovely collection of artifacts from Eilat's history. Spare 30-60 minutes. || Great places to find out about the history of Eilat. Should only take you 30 - 40 minutes. || Great films about a variety of subjects and events in the city's history.   Well worth a visit!",29.551741,34.95296
What's Up the Observatory in Eilat and the Ar,"https://www.google.com/maps/place/What's+Up+the+Observatory+in+Eilat+and+the+Ar/@29.5434956,34.8896492,14z/data=!4m10!1m2!2m1!1sScience+museum+in+Marina,+Eilat,+Israel!3m6!1s0x1502b35b7b0d7451:0xaaac5d841b0a55ec!8m2!3d29.5853856!4d34.8879611!15sCidTY2llbmNlIG11c2V1bSBpbiBNYXJpbmEsIEVpbGF0LCBJc3JhZWxaJyIlc2NpZW5jZSBtdXNldW0gaW4gbWFyaW5hIGVpbGF0IGlzcmFlbJIBEnRvdXJpc3RfYXR0cmFjdGlvbpoBI0NoWkRTVWhOTUc5blMwVkpRMEZuU1VRdE9VOXhYMlpCRUFF4AEA-gEECBQQRg!16s%2Fg%2F1ptyp4dyy?hl=en&entry=ttu&g_ep=EgoyMDI2MDExMy4wIKXMDSoKLDEwMDc5MjA3M0gBUAM%3D",Entertainment-Culture-Museums,Entertainment-Culture,Museums,Science museum,4.7,15,"A couple of hours under the stars, in the hills just 20 minutes outside Eilat.  See the stars and hear Ethan tell you stories of the constellations, the birth and death of stars while looking through a high powered telescope.  Reasonably priced, great for families - kids are welcome and encouraged to ask questions. || Thank you. I have the best clients. || Wonderful guidance for the stars and the sky, great stories and hot coffee and tea. It was really good for us and for the children. Be aware it's in the middle of nowhere and freezing at night || Thank you. I have the best guests in the world. || Highly recommended! We loved the explanations that were done in a fun and interesting way. Ethan is lovely and very knowledgeable || Thank you. My job is such a pleasure. I hope to see you, to show you more seasonal skies. || Fantastic couple of hours, looking at stars as they sweep across the sky and learn the history of their naming and more. Highly recommended. It does get cool.... || Thank you. Having fantastic  participants make my work fun. || Really enjoyed this experience.  A unique change to the hustle of city life.  Relaxing and informative albeit windy, so dress and prepare for that.  Really cool. || Super friendly and informative guide. Has a real passion for the night sky and it comes over. Had a really good time. || Terrible service. Promissed a certain room and delivered completely another one. It took ages to check in and eventually the rooms were not ready on time. Worst place ever. || This is a mistake. I show people the stars, I do not rent rooms. || Great place for family to see corals and submarine species, including sharks || The guide is super nice. Bring warm clothes, it's cold at night. || Very interesting point. I tried take pictures. It's not task for my camera.",29.5853856,34.8879611
מרכז אבן אילת - Eilat Stone Center,"https://www.google.com/maps/place/%D7%9E%D7%A8%D7%9B%D7%96+%D7%90%D7%91%D7%9F+%D7%90%D7%99%D7%9C%D7%AA+-+Eilat+Stone+Center%E2%80%AD/@29.5628967,34.9209327,14z/data=!4m10!1m2!2m1!1sScience+museum+in+Marina,+Eilat,+Israel!3m6!1s0x15006f3781400741:0x86582e26bcca5815!8m2!3d29.5628967!4d34.9590415!15sCidTY2llbmNlIG11c2V1bSBpbiBNYXJpbmEsIEVpbGF0LCBJc3JhZWxaJyIlc2NpZW5jZSBtdXNldW0gaW4gbWFyaW5hIGVpbGF0IGlzcmFlbJIBBm11c2V1bZoBJENoZERTVWhOTUc5blMwVkpRMEZuU1VOWE55MHljblZuUlJBQuABAPoBBAgAECM!16s%2Fg%2F11j20fdg34?hl=en&entry=ttu&g_ep=EgoyMDI2MDExMy4wIKXMDSoKLDEwMDc5MjA3M0gBUAM%3D",Entertainment-Culture-Museums,Entertainment-Culture,Museums,Science museum,4.4,10,"Many varieties of precious and semi precious stones jewely. Highlight on eilat stone. If you go to the center, you can get a discount on glassbottom boat. They will pick you up from your hotel and take uou to the boat || Commerce aside, the quick tour is nice due to the passionate guide (we went with Nurit). || We were sold a trip to this place by a hotel representative. As the transport and entry to the facility was free of charge, I was fully prepared for the hard sell which we got full force. However, it might have been nice to look around the exhibits and see the jewellery being made as we had been promised and then have the the sales pitch rather than being rushed through the exhibits with no sign of any workshop and then hurried down to the showroom with no time to draw breath. || Julia was simply splendid, and made the selection process quick. The jewelry selection here is excellent, matched only by the warmth and professionalism of the staff. Highly recommended. || I was pleasantly surprised by this store. It's actually very large (easily three times the size of the ice mall Pandora) and carries all kinds of jewelry, not just eilat stone. The pieces are made in house and look quite nice.  The staff was very friendly and helpful despite my coming in right before closing. The prices were fair they did not try to upsell me when I decided what I wanted. || Lovely exhibition of gems and diamonds || Wonderful experience with the kids. Efi was very kind and gave us a great tour. || The place is very big and beutiful. We had a good time here. || The service was the best from Oren and Julia!                 Thank you very much!!! || Over priced bus it's a very big store with a lot oh things",29.5628967,34.9590415
Coral World,"https://www.google.com/maps/place/Coral+World/@29.5037824,34.8796217,14z/data=!4m10!1m2!2m1!1sScience+museum+in+Marina,+Eilat,+Israel!3m6!1s0x150073900a498163:0x41d0c20bf17974d7!8m2!3d29.5037824!4d34.9177305!15sCidTY2llbmNlIG11c2V1bSBpbiBNYXJpbmEsIEVpbGF0LCBJc3JhZWxaJyIlc2NpZW5jZSBtdXNldW0gaW4gbWFyaW5hIGVpbGF0IGlzcmFlbJIBDmFxdWF0aWNfY2VudGVymgEjQ2haRFNVaE5NRzluUzBWSlEwRm5TVU53TXpWWFFVaFJFQUXgAQD6AQQIABBB!16s%2Fg%2F11d_2nf7tq?hl=en&entry=ttu&g_ep=EgoyMDI2MDExMy4wIKXMDSoKLDEwMDc5MjA3M0gBUAM%3D",Entertainment-Culture-Museums,Entertainment-Culture,Museums,Science museum,4.8,9,"We visited the park with my family and our children were excited to see so many fish here. Also we floated a boat and saw underwater reef life || Very very good for visit with kids for full day joing! || Great place, especially for children. We really enjoyed the observatory and the boat👌 … || It lifetime memorable moments here || Good experience, the prices at the dinary are really high , for ice cream you will pay 14 nis (regular price is 10/9), for ice water you will pay 16 (regular price is 5-10) The exhibits are magicl , I really recommend. The boat/submarine cost 40 nis and the duration of the ship is 15 min. || A wonderful place with tons of entertainment for adults and kids. The Aquadome is worth adding to your ticket. || Nice place for family with kids- during the day, several events- including feeding the sharks, tortils.... || Amazing place, rare fish and sharks. Huge aquariums and much more!! Very recommended || Very good for kids. Many activities.",29.5037824,34.9177305
שמורת טבע חוף האלמוגים,"https://www.google.com/maps/place/%D7%A9%D7%9E%D7%95%D7%A8%D7%AA+%D7%98%D7%91%D7%A2+%D7%97%D7%95%D7%A3+%D7%94%D7%90%D7%9C%D7%9E%D7%95%D7%92%D7%99%D7%9D%E2%80%AD/@29.5037824,34.8796217,14z/data=!4m10!1m2!2m1!1sScience+museum+in+Marina,+Eilat,+Israel!3m6!1s0x150073968d2e34a7:0x6cb026553ae5617f!8m2!3d29.5079458!4d34.9210677!15sCidTY2llbmNlIG11c2V1bSBpbiBNYXJpbmEsIEVpbGF0LCBJc3JhZWxaJyIlc2NpZW5jZSBtdXNldW0gaW4gbWFyaW5hIGVpbGF0IGlzcmFlbJIBD2JlYWNoX3BhdmlsbGlvbpoBRENpOURRVWxSUVVOdlpFTm9kSGxqUmpsdlQyMDVNa3hWVWsxVk1HaEZWRE5zY0UxRVVreGxTR3MxWVRCT2NVMUZSUkFC4AEA-gEECD4QJg!16s%2Fm%2F0130ml3_?hl=en&entry=ttu&g_ep=EgoyMDI2MDExMy4wIKXMDSoKLDEwMDc5MjA3M0gBUAM%3D",Entertainment-Culture-Museums,Entertainment-Culture,Museums,Science museum,4.6,10,"Very solid beach with beautiful coral reefs. Was super quiet when I went practically empty so was added bonus. Perfect for snorkelling and just general sunbathing. No water sports though. || The world northernmost coral reef, really! Right at your foot steps in eilat, Jordan has none. This beach has the advantage of not being overcrowded and all facilities are here, showers, toilets, bar, and a small nature reserve shop and rental services if you forgot your snorkeling equipment. Note, there are no lifeguard, only park rangers, but there is a space by the beach, in shallow water for poor swimmers Plant to bring some water shoes for the beach side. The reef is accessible via a long pier, and a large staircase leading easily to the water. Then it is the wonders of the red sea! || Although its one of the best places to see corals and fish in Eilat. The site could be a bit more developed. There are not many showers and only one dock to enter the water and relatively small place for swimming. With limited hours of operation and mediocre services this beautiful natural reserve should get an upgrade and the site could invest some of the entrance fee in improvments. || The reserve is well-maintained, clean, and organized, with food shops and equipment rental available. While the price is a bit high compared to free nearby spots, the underwater experience is spectacular- vibrant corals, colorful marine life, and plenty to see.  The area is very accessible, and safety is taken seriously with lifeguards on duty. Showers and restrooms are available and well-kept. Most seating areas are shaded with white canopies, which helps, though it can still get extremely hot in July and August.  Some downsides include ongoing renovations, which limit access to newer sections and make planning a snorkeling route a bit challenging. The designated swimming areas are small and enclosed, but beyond the bridge, there are vast open spaces where you can really explore and see a lot of beautiful marine life.  Overall, it’s more comfortable and enjoyable to snorkel in a well-supervised, maintained area than in unofficial sites, and the beautiful coral and abundant sea creatures make it well worth a visit.  * Pros: Clean and organized, lifeguards on duty, beautiful corals and marine life, showers and restrooms, accessible. * Cons: Entry fee is high compared to free alternatives, renovations limit some areas, enclosed swimming zones can feel small, it can get very hot in summer. || Snorkelling is ok. Nice fish and a bit of coral. If you've been in good reef places, you won't be impressed. But if in Eilat, it's worth a visit but a bit expensive for what it offers. || One of the good beaches in Eilat Clean,  had toilet,  shop,  walk route,  bridge directly to Red see with excitement view of corals, different fish types It's needed some payment,  check possible options before coming there It's better come with your own equipment Pay attention - NO SAFE GUARDS || Our preferred place in Eilat! Every time we are in Eilat we go to this place, the best still and ever.  Actually we were there every day, not a problem as we slept at the Yam Suf Hotel, only a 5 minute walk to there. 1. the beach is incredibly looked after 2. The Reserve guards are watching all the time for trespassers so very little chance something bad could happen to you while swimming 3. and of course the corals and the fish. Yes the coral are less beautiful than in the previous years, the mini tsunami a few years ago did damage the reef, but still they are interesting and the fish are till there and still super beautiful. Don't ""FOMO"" it, would you? || We had a lovely day out here. It was February, so out of season and not too busy. Lots of beautiful sea life up close in enormous tanks. Also, a very nice undersea viewing room and a sub trip if you want. Loads of facilities and other interesting things to see.....  Lovely and we'll worth a visit 😀 … || Amazing place! Make sure you take snorkels!  For 35 shekel, the place offers quite an experience! A long stretch of white sand, beautiful reefs to snorkel and pretty secure! || The most beautiful marine reserve in the world – colorful gardens beneath the sea The reefs of the Gulf of Eilat are the only coral reefs in our country, and among them a wonderful and colorful world of corals, fish and a huge variety of unique creatures can be seen. The Coral Beach Nature Reserve in Eilat allows visitors easy access to the reef, as well as essential beach services, including a shop, showers, toilets, sunshades, deck chairs and sun loungers",29.5079458,34.9210677
محطة العلوم البحرية,"https://www.google.com/maps/place/%D9%85%D8%AD%D8%B7%D8%A9+%D8%A7%D9%84%D8%B9%D9%84%D9%88%D9%85+%D8%A7%D9%84%D8%A8%D8%AD%D8%B1%D9%8A%D8%A9%E2%80%AD/@29.5037824,34.8796217,14z/data=!4m10!1m2!2m1!1sScience+museum+in+Marina,+Eilat,+Israel!3m6!1s0x150076c113310575:0x930191458ff4d95c!8m2!3d29.458483!4d34.9766546!15sCidTY2llbmNlIG11c2V1bSBpbiBNYXJpbmEsIEVpbGF0LCBJc3JhZWxaJyIlc2NpZW5jZSBtdXNldW0gaW4gbWFyaW5hIGVpbGF0IGlzcmFlbJIBBm11c2V1bZoBJENoZERTVWhOTUc5blMwVkpRMEZuU1VOa09FdGxjMmhuUlJBQuABAPoBBAgAEDg!16s%2Fg%2F11c5wp997g?hl=en&entry=ttu&g_ep=EgoyMDI2MDExMy4wIKXMDSoKLDEwMDc5MjA3M0gBUAM%3D",Entertainment-Culture-Museums,Entertainment-Culture,Museums,Science museum,3.9,10,"Ver unique kind of fish. The equirum is small comparing to other equiruims around the world. But is has unique kind of fish. It will take 20 - 40 minutes to go around this equirum. Entry is $1 for Jordanian and $7 for non Jordanian. It was worth the money in my opinion || Incredibly small tanks and poorly maintained. All the fish looked as if they have health problems. The crocodile barely had enough room to turn around.  If you want to go see real beauty hire a snorkel and go looking in the ocean only metres away. You will see all the same fish and even turtles much happier and healthier. || Marine Science Station. One of the landmarks of the city of Aqaba. D, located on the southern shore. The contents of the place of live marine animals are more than wonderful, and the place from the inside is distinguished by the way it is presented and organized. But the outdoor garden needs a lot of care and attention. Unfortunately, the location is not suitable, as the surrounding area is an industrial area and ports for loading visual pollution || It's far from the city and it's so small aquarium || Small aquarium but nice experience, low fees || Great educational place especially for students and kids || U can spend a lovely 30 min there || Loved it, surprisingly well taken care of 😍 … || A nice place which gas been renovated || Excellent visit! For all family.",29.458483,34.9766546
Science and Technology Center for Children,"https://www.google.com/maps/place/Science+and+Technology+Center+for+Children/@29.5594343,34.9076588,14z/data=!4m10!1m2!2m1!1sScience+museum+in+Marina,+Eilat,+Israel!3m6!1s0x15007203f18fc001:0xb7cc497d67aeb06b!8m2!3d29.5594343!4d34.9457676!15sCidTY2llbmNlIG11c2V1bSBpbiBNYXJpbmEsIEVpbGF0LCBJc3JhZWySARJyZXNlYXJjaF9pbnN0aXR1dGXgAQA!16s%2Fg%2F1ydnqhmv_?hl=en&entry=ttu&g_ep=EgoyMDI2MDExMy4wIKXMDSoKLDEwMDc5MjA3M0gBUAM%3D",Entertainment-Culture-Museums,Entertainment-Culture,Museums,Science museum,0.0,0,,29.5594343,34.9457676
Eilat tech center hub האב אילת טק סנטר,"https://www.google.com/maps/place/Eilat+tech+center+hub+%D7%94%D7%90%D7%91+%D7%90%D7%99%D7%9C%D7%AA+%D7%98%D7%A7+%D7%A1%D7%A0%D7%98%D7%A8%E2%80%AD/@29.5581,34.9482,14z/data=!4m10!1m2!2m1!1sCoworking+space+in+City+Center,+Eilat,+Israel!3m6!1s0x15006e1accd41af5:0x6730d25610b0e30!8m2!3d29.5686721!4d34.9619712!15sCi1Db3dvcmtpbmcgc3BhY2UgaW4gQ2l0eSBDZW50ZXIsIEVpbGF0LCBJc3JhZWySARtleGhpYml0aW9uX2FuZF90cmFkZV9jZW50ZXLgAQA!16s%2Fg%2F11c4bcq1g_?hl=en&entry=ttu&g_ep=EgoyMDI2MDExMy4wIKXMDSoASAFQAw%3D%3D",Work-Remote-Coworking,Work-Remote,Coworking,Coworking space,4.7,9,"THANK YOU Eilat Hub !! On my way to a (much needed) weekend trip, I looked for an office space I could use in the city of Eilat to get some work done. Following a friends recommendation, I checked out the Eilat Hub and was blown away. This business centre provides a free office space for people to get work done with an incredibly gracious staff, brilliant community and wonderful amenities. Huge thanks Gal, Ella & Shany ! || The best place for startups in Israel! Eilat Hub created a community of entrepreneurs in the most exciting city in Israel - Eilat and their vast network of partnerships, investors and other contacts worldwide is priceless for any entrepreneur that sets foot there. Highly recommended! || Best shared work space in Eilat, pleasant stuff and all the basic facilities you need to do your jobs done... || Great place great people - highly recommended for entrepreneurs in any stage that looking for succeed || This place offers Start-ups and innovators a platform to develop ideas, businesses etc. || Great atmosphere to work and connect to people. || Very good and comfortable place. || Thanks for leaving a review, the team of Eilat Hub is thrilled to hear that you had a great experience. || The best place in town for painting renovations and everything you need for your home..good prices, cheaper than other places in town..worth it",29.5686721,34.9619712
Hakaia Community 'Hostel& Co-Working space',"https://www.google.com/maps/place/Hakaia+Community+'Hostel%26+Co-Working+space'/@29.5581,34.9482,14z/data=!4m13!1m2!2m1!1sCoworking+space+in+City+Center,+Eilat,+Israel!3m9!1s0x1500717f17da07e1:0xf7a50ae7630eca4d!5m2!4m1!1i2!8m2!3d29.5261984!4d35.0051695!15sCi1Db3dvcmtpbmcgc3BhY2UgaW4gQ2l0eSBDZW50ZXIsIEVpbGF0LCBJc3JhZWxaLSIrY293b3JraW5nIHNwYWNlIGluIGNpdHkgY2VudGVyIGVpbGF0IGlzcmFlbJIBDHlvdXRoX2hvc3RlbJoBI0NoWkRTVWhOTUc5blMwVkpRMEZuU1VOQ2QyWklUazlCRUFF4AEA-gEECCcQNg!16s%2Fg%2F11k05j1svv?hl=en&entry=ttu&g_ep=EgoyMDI2MDExMy4wIKXMDSoASAFQAw%3D%3D",Work-Remote-Coworking,Work-Remote,Coworking,Coworking space,4.9,16,"had a really great stay at Hakaia Community Hostel . The atmosphere is warm and welcoming, the place is clean and comfortable, and the staff are incredibly kind and helpful. It truly felt like a second home.  the community vibe makes it easy to meet great people from all over the world.  I would absolutely recommend this place to anyone visiting Aqaba and I’d definitely stay here again. Thank you Hakaia team for such a wonderful experience! || Thank you so much for your kind words! We’re delighted you felt at home and enjoyed the community vibe. We can’t wait to welcome you back to Hakaia! || I traveled to 41+ countries and Hekaia is one of only two hostels that truly impressed me the most (the other being Downtown hostel in Srilanka), Hekaia (which is the Arabic word for “story” or “tale”) has soul and atmosphere, it is the first official hostel in Aqaba and possibly Jordan, the owners Bahaa and Mohammed and their friends like Farah and volunteers like Wayin are truly dedicated to making this place a memorable highlight in every traveler’s journey. I can’t recommend this place enough!  The hostel itself is in an excellent location very safe street with a police station nearby and close to all major attractions, and it’s not too big (which would have made it impersonal) or too small, it’s perfect for socializing, super clean and well maintained, above all it has true authentic soul. It was one of the highlights of my trip to Jordan. Thank you Hekaia Family! || Thank you so much, Hasan, for this amazing review! We’re truly honored to hear that Hakaia made such a memorable impression on your travels. It means the world to us that you felt the soul and atmosphere of our hostel, and we’re so happy you enjoyed our community, comfort, and location. Your kind words inspire us to keep creating memorable experiences for every traveler. We hope to welcome you back to Hakaia again soon, the doors are always open for you! || This hotel is absolutely wonderful. The staff provide fantastic service and are always helpful and friendly. Everything is very clean, the beds are comfortable, and the breakfasts are delicious. The atmosphere is warm and welcoming, making the stay truly enjoyable. The location is also excellent, convenient for exploring the area. Every true traveler should visit this place at least once. Highly recommended! || Thank you so much for your wonderful review! We truly appreciate your kind words and recommendation. It means a lot to us that you enjoyed your stay, and we hope to welcome you again in the future. || Super nice and cosy hostel in the heart of Aqaba, Jordan. Amenities are super good, showers and beds are very comfortable and cosy.  Living spaces and lounge are super spacious and well looked after. This hostel feels more like a home rather than a hostel.  Breakfast is a nice touch and is super super tasty! || Thank you so much for your kind words and positive feedback! We truly appreciate you taking the time to share your experience. It means a lot to us, and we hope to welcome you back again in the future. || More than a hostel Hakaia is a travelers refuge. The moment you step over the threshold you'll feel at ease. So much so that I, like many of guests, ended up extending my stay multiple times.  It's a place where  conversations flow and stories are shared amongst friends - Hakaia being the Arabic for story. The atmosphere is lively and social, whilst also being immensely peaceful and calm for those wanting solitude and rest. In short it's a sanctuary you won't want to leave.  This is a direct consequence of the wonderful staff all of whom are kind, passionate and genuinely committed to ensuring that guests have a great time. They do everything to help you whether it's giving advice of things to see, helping you with visa documentation or just sharing stories, games and pleasant conversation.  Additionally the included breakfast is tasty treat that will certainly set you up for the day. || Hakaia Hostel has been one of the highlights during my trip in Jordan. I just stayed 2 days but I felt like home, and it is something really hard to find. They have put a lot of effort and love to build this place and community and the result is a place from which you would never leave. Visit Aqaba is worth it just for staying in this warm home. I hope to come back one day. Many thanks for the passion and love that you have invested here. || I had an amazing time at Hakaia Hostel!! Baha'a and Abraham are amazing host and they take care of you so well. Atmosphere in the hostel was super nice too!!  I'm so glad that I stayed here and if I come back to Aqaba, I'll definitely stay Hakaia again!! || Thank you so much for your kind review! We’re really glad you had a great experience with us. It was a pleasure hosting you, and we hope to welcome you again in the future. || Easy 5 stars for me! I’ve been to many hostels around the world, and only a few truly stand out, Hakaia is one of them. It’s a hostel run with real passion by its owners. The hospitality and friendliness were unmatched; you can feel how cozy and welcoming the atmosphere is the moment you walk in. Bahaa, Mohammed, and Farah are the stars behind it all. I highly recommend this hostel and I’d definitely come back again whenever I find myself in Aqaba 🫶🏻 || Let’s be honest about Hakaia.  The beach is about 500m away, the airport is 15 minutes by taxi (around 7 JD), and the best restaurants are within 1 km. Make sure to get the recommendations for food spots from the funny staff Mohammad, I left Aqaba totally satisfied with the food thanks to his list! 😍 He is also the one who can give the best tips on what to do around town. And if you’re not sure what stuff should cost in Aqaba, he’ll guide you. Hakaia is also connected with scuba diving, Wadi Rum, and Petra tours, so you’re covered even if you didn’t plan ahead. No worries getting scammed. Hakaia’s nightly rate is super affordable compared to other places in the area. They’ve got pretty much everything you might need: clean & cozy room, chill kitchen, balcony for laundry, a workspace, free water shoes, snorkeling gear, tasty breakfast. Only thing I struggled with was the stairs at the entrance but the staff always help out 🫶🏻 Safe and at ease. That’s exactly how I felt staying at Hakaia 👏🏻 || Hakaia was my favourite stay in Jordan! Run by truly the most lovely humans 🩷 they are so welcoming and can help you with anything you need. It felt like home arriving here!! I would recommend to anyone I know || Thank you for your kind words! We’re so glad you felt at home and enjoyed your stay. We’d love to welcome you back to Hakaia anytime!",29.5261984,35.0051695
אלגה מוליטיבין-קבאלה,"https://www.google.com/maps/place/%D7%90%D7%9C%D7%92%D7%94+%D7%9E%D7%95%D7%9C%D7%99%D7%98%D7%99%D7%91%D7%99%D7%9F-%D7%A7%D7%91%D7%90%D7%9C%D7%94%E2%80%AD/@29.5581,34.9482,14z/data=!4m10!1m2!2m1!1sCoworking+space+in+City+Center,+Eilat,+Israel!3m6!1s0x15007306019af48f:0xe29c0664b0b5d7!8m2!3d29.5532352!4d34.9492391!15sCi1Db3dvcmtpbmcgc3BhY2UgaW4gQ2l0eSBDZW50ZXIsIEVpbGF0LCBJc3JhZWySAQ9jb3dvcmtpbmdfc3BhY2XgAQA!16s%2Fg%2F11s118x4tg?hl=en&entry=ttu&g_ep=EgoyMDI2MDExMy4wIKXMDSoASAFQAw%3D%3D",Work-Remote-Coworking,Work-Remote,Coworking,Coworking space,0.0,0,,29.5532352,34.9492391
Three Monkeys,"https://www.google.com/maps/place/Three+Monkeys/@29.5581,34.9482,14z/data=!4m11!1m3!2m2!1sWine+bar+in+Marina,+Eilat,+Israel!6e5!3m6!1s0x150071efa43b278b:0xa0520a0727531369!8m2!3d29.5487308!4d34.9636459!15sCiFXaW5lIGJhciBpbiBNYXJpbmEsIEVpbGF0LCBJc3JhZWxaISIfd2luZSBiYXIgaW4gbWFyaW5hIGVpbGF0IGlzcmFlbJIBA3B1YpoBJENoZERTVWhOTUc5blMwVkpRMEZuU1VSUE4yUnlXakJCUlJBQuABAPoBBQiaARA2!16s%2Fg%2F1w44hfrv?hl=en&entry=ttu&g_ep=EgoyMDI2MDExMy4wIKXMDSoASAFQAw%3D%3D",Nightlife-Bars-Wine,Nightlife-Bars,Wine,Wine bar,4.3,10,"We visited the Three Monkeys Bar in Eilat as a group of eight on a weekday. There weren’t many free seats, but we did manage to get a table. There was a nice live performance, and people were dancing on the floor, creating a fun and lively atmosphere. The place is very loud, so it’s less suitable if you’re just looking to have a conversation. Overall, a good experience — we’ll definitely come back. || We were the first customers to arrive at 8 pm, so the place was empty, but it already had a nice atmosphere. We were told that there would be a live music band on at 10 p.m., and the show started right on time. The band was great, and many people started dancing on the dance floor next to the stage. The audio was not well balanced, so the drums were masking the singing, which was very good. There was a nice selection of beers, but only one option for wine, which was a little disappointing. || A very friendly and professional service.  The barman was very good at preparing the cocktails. The music is nice and the atmosphere is very friendly. They have live music at 10pm each night and it's certainly a great choice for having a cocktail or a beer. || The food and service, by the way, are not amazing. But if you like the 80s, it's worth a visit. There's a band that plays music that makes you happy. Better to come on Friday. || Cool live music but not so amazing Coketails. Prices are at the higher end and yet this is still a landmark in Eilat and always welcomes people to have a good time, party and dance every night. || A really cool pub/dance bar, with live music and nice vibe. It's a good place to have drinks with cool music. Enjoy :) || I love this bar so much! Whenever I'm in Eilat I always try to make it here. There is live music and great drinks. Cheers! || Very nice pub with a good vibes, live music🎸 and songs🕺, fine 🍺 and tasty cocktails🍹. No parking 🤷🏻‍♂️ || One of the famous places of Eilat. Great location. offer a good selection of beers. The main attribute is live music, played mainly by British musicians. You can choose place rather inside or outside, wherever you like. || Sat and ordered 4 beers. After 25 minutes 2 managers came to say it will take a few more minutes.  Left after 35 minutes without getting anything to drink, They totally ruined our night out. Will never go back there and nither should you.",29.5487308,34.9636459
Gaby's Pub,"https://www.google.com/maps/place/Gaby's+Pub/@29.5581,34.9482,14z/data=!4m11!1m3!2m2!1sWine+bar+in+Marina,+Eilat,+Israel!6e5!3m6!1s0x150071f7a26ec61d:0x795dd6c557853033!8m2!3d29.5507443!4d34.9524876!15sCiFXaW5lIGJhciBpbiBNYXJpbmEsIEVpbGF0LCBJc3JhZWxaISIfd2luZSBiYXIgaW4gbWFyaW5hIGVpbGF0IGlzcmFlbJIBA2JhcpoBJENoZERTVWhOTUc5blMwVkpRMEZuU1VOS2RtTXpNM1pCUlJBQuABAPoBBAgmEDo!16s%2Fg%2F11fmvkw603?hl=en&entry=ttu&g_ep=EgoyMDI2MDExMy4wIKXMDSoASAFQAw%3D%3D",Nightlife-Bars-Wine,Nightlife-Bars,Wine,Wine bar,4.6,10,"Much quieter, cozier, simpler bar with a huge history. The choice of drinks is fantastic - whole wall cabinet. As well, the soundtrack gravitates towards rock. Awesome place but you have to tolerate cigarette smell for a while. After all, sometimes we can indulge? || Gabbys pub eilat Best and i think one of the oldest pubs in israel since 1989 ,great classic rock music great vibes and very entertaining owner,drinks more than the clients 😀 || A real institute, open since 1989, run by the one and only Gaby. I've been visiting since 1994, this is a real pub, one of the last in Israel. Gaby is a one man show, always funny to chat with, and the carrots are legendary. Come only if you know what you are looking for. This is not for amateurs. || Good people go here, it's a real pub and the last of it's kind in Eilat and a dying breed in the world. The bar is owned by the bar tender and he has so much energy it's incredible. The music is ALWAYS INCREDIBLE  good old rock really really good songs. I always go here, no judgement just good people good beer and good vibes. Love the bar one of my favorites in the world. || Perfect spot to get away from the noise and crowds of Eilat. Classic small pub, had an excellent combination of great whiskey and tasty food delivered directly to my table from a nearby restaurant, thanks to a successful collaboration. || a lovely, tiny old-school pub. Gabi, serves great 60-70's music, booze and carrots. This place haven't changed a bit in the last 30 years, and it's got more character than any other pub in Eilat. || Easily the best Matcha I had in town. Thank you Gus for the amazing service and recommendations. || Best Bar in Eilat, Amazing owners and regular customers to create the perfect atmosphere for beer and blues! Quoting Greatful Dead: ONCE IN A WHILE YOU GET SHOWN THE LIGHT, IN THE STRANGEST OF PLACES IF YOU LOOK AT IT RIGHT. || this is the coolest bar in eilat. and I checked many || Oldest pub in Eilat! Great place to talk about Eilat with locals on a drink. Don’t miss the carrot, it’s a must!",29.5507443,34.9524876
מוד מסעדת שף באילת | mood restaurant eilat,"https://www.google.com/maps/place/%D7%9E%D7%95%D7%93+%D7%9E%D7%A1%D7%A2%D7%93%D7%AA+%D7%A9%D7%A3+%D7%91%D7%90%D7%99%D7%9C%D7%AA+%7C+mood+restaurant+eilat%E2%80%AD/@29.5581,34.9482,14z/data=!4m11!1m3!2m2!1sWine+bar+in+Marina,+Eilat,+Israel!6e5!3m6!1s0x150071f29e153e9f:0x256a1b8dfb56cfcd!8m2!3d29.5495874!4d34.9658581!15sCiFXaW5lIGJhciBpbiBNYXJpbmEsIEVpbGF0LCBJc3JhZWxaISIfd2luZSBiYXIgaW4gbWFyaW5hIGVpbGF0IGlzcmFlbJIBCnJlc3RhdXJhbnSaASRDaGREU1VoTk1HOW5TMFZKUTBGblNVUktkV04xYnpaUlJSQULgAQD6AQQIABBF!16s%2Fg%2F11qg3fg2l_?hl=en&entry=ttu&g_ep=EgoyMDI2MDExMy4wIKXMDSoASAFQAw%3D%3D",Nightlife-Bars-Wine,Nightlife-Bars,Wine,Wine bar,4.1,13,"One of my best food and service experiences is Israel. The restaurant is new but the staff and food don't feel like it. The food was of course the highlight, but the service was amazing, the cheff himself came to the tables to ask for the diner's opinions. Music and lighting were just right, didn't have to wait long for the foor or drinks. The place itself is outdoors but doesn't feel hot or uncomfortable. If I ever find myself in Eilat again, definitely will pay a visit. || We're glad you chose to join our mood ♥ || A fresh gastronomique restaurant in Eilat! Liked complicated tastes of the dishes, some of them spicy. Tasted seven courses - and all of them were perfect! Light white wines would match all of them (we selected Pinot Gris and Sancerre). || The vibe is amazing, especially for a date or something for intimate. There was not too much variety and I ended up getting a pizza, but even that wasn’t bad. THE PASTA though was incredible. The sauce was perfect, the texture and the softness as well. Recommend! || It was amazing food, atmosphere and service! Truly recommend. || It is a modern kosher restaurant with a nice atmosphere. The kitchen is an interesting mix of Italian and sushi. The staff was trying to do their best, and they did a good job. The food was good without being anything too special. There is a small pool that creates nicer surroundings. || So disappointed, I thought I would eat in a cozy, lounge place with good music and subdued lighting, I found myself in a canteen in the middle of strollers. || Hello Sandrine,  Thank you for sharing your feelings with us. We certainly understand your disappointment – ​​Eilat during this season is full of families, and in the earlier hours we welcome everyone with love, even with strollers. After 10:00 PM the atmosphere changes completely – exactly to the lounge atmosphere with the music and lighting you were looking for.  It is also important for us to note – personal disappointment with the atmosphere does not necessarily justify a rating of only two stars, unless the food, service or design were also not to your satisfaction.  We would be happy to host you again at a later time, so that you can enjoy the real Mood, and perhaps also improve your mood 😉.  Best regards, Mood Restaurant Team  English  Hi Sandrine,  Thank you for sharing your feedback. We truly understand your disappointment — Eilat during this season is full of families, and in the earlier evening hours we welcome everyone with love, strollers included. After 10 PM, however, the atmosphere completely changes into the cozy lounge vibe with music and lighting you were probably looking for.  That said, we do want to mention — a personal disappointment with the atmosphere doesn't necessarily justify a two-star review, unless the food, service, or design also failed you.  We'd be happy to host you again a bit later in the evening, so you can truly experience the real Mood — and hopefully leave with a better mood too 😉.  Best regards, Mood Restaurant || We had the couple Breakfast Benedict. One egg per person, soft cheeses were not fat, small salad for two. overall, OK. || Overrated and overpriced. I recently dined at this sushi restaurant and unfortunately had a disappointing experience. The service was lacking, with significant delays in receiving our orders. The seating was uncomfortable and too close to the bar area, making it noisy and disruptive. Additionally, the hostesses were not friendly, and seemed unwelcoming which didn’t help the overall atmosphere. The menu lacked variety and didn’t offer anything unique; Having eaten at many sushi restaurants, I found this one to be below average, with the rolls being thinner than usual. I was hoping for a much better experience. || Great food, expensive and too many guests for the waiters to properly treat you, we got half a pizza thrown away because the waiter just walked by and took it which is a shame || Thank you very much for your honest review and feedback  We’re glad you enjoyed the food and sorry for the inconvenience with the pizza. We will address this issue with the team to prevent such cases in the future. We’d love to host you again for an even better experience. || What a great vibe and food, and the staff so incredible, Tomer and Yarom were so on it… sweethearts ♥️🙏",29.5495874,34.9658581
Tuki bar,"https://www.google.com/maps/place/Tuki+bar/@29.5581,34.9482,14z/data=!4m11!1m3!2m2!1sWine+bar+in+Marina,+Eilat,+Israel!6e5!3m6!1s0x150071f9a4f75a1b:0x94465e8579fc55ab!8m2!3d29.5551719!4d34.9541625!15sCiFXaW5lIGJhciBpbiBNYXJpbmEsIEVpbGF0LCBJc3JhZWxaISIfd2luZSBiYXIgaW4gbWFyaW5hIGVpbGF0IGlzcmFlbJIBA2JhcpoBJENoZERTVWhOTUc5blMwVkpRMEZuVFVOdk0zTmljQzEzUlJBQuABAPoBBAgAEBo!16s%2Fg%2F11bbrh41xb?hl=en&entry=ttu&g_ep=EgoyMDI2MDExMy4wIKXMDSoASAFQAw%3D%3D",Nightlife-Bars-Wine,Nightlife-Bars,Wine,Wine bar,4.7,8,"My favourite bar in Eilat. If you want to feel home and experience the true local company- that is the place || We are a couple from Australia, we arrived in Eilat for the first time, we were looking for a nice pub to drink and experience an Israeli atmosphere. We arrived there without any intention, and good that it happened, the pub is magical, the atmosphere is amazing and warm, the owners are lovely, We have never encountered such a family pub that does not stop indulging. It is highly recommended that there is no doubt that in our next visit we are there!! || Quiet cozy place, excellent for having a few drinks with a date.  Not expensive. || A quiet and clean place with a good atmosphere, the owner Gekko, who generously pampers at prices that are affordable for everyone. || Simply magical! The bar has character, atmosphere and a simply amazing welcome from the owners, Jacko and Shoshi, who are a lovely and special couple. The place is a hidden gem that hosts mainly long-time Eilat residents, but not only. A fun place to sit and indulge in quality alcohol and snacks from the heart, have a conversation with the ""regulars"" and leave feeling the best there is! We really really enjoyed ourselves and we will definitely be back again and again! || An amazing place in a local and quiet and calm atmosphere. The perfect place to go out and start the week. Special design, authentic dishes and nibbled generously. We will come back again, my favorite in Eilat! || An old pub.. ""Like the old days"" is located in the Shalom Center in Eilat.. which is also from ""the old days""... regular customers.. the owner is called Jaco.. like the parrot.. a mythical man with his amazing wife who is a cook.. Mazets flow non-stop on the tables.. in addition to the house flavors that are truly delicious.. drinks without nonsense.. the most original.. no cocktails from the north.. hello.. this is Eilat. There are no northerners in Eilat..only gnarled southern Eilatians..tanned..and young people of all ages..there is..""Bring me a whiskey..coke on the side"" which is the best cocktail there is..what is called..mix me a vodka and Red Bull..two types of draft beer without getting involved..and a great atmosphere of the time tunnel..great place..everyone is welcome, even northerners who want a trip through the time tunnel..great people..prices are ridiculous..come on..tell Daniel he sent you..whoever comes..deserves it..and whoever doesn't come..deserves it too..the tradition must be maintained..love you guys..❤❤❤ || An Eilat bar experience with all the heart and soul. Drinks at reasonable prices, food served as an appetizer on the house, delicious, high-quality, inviting and enjoyable. A great corner to sip a glass of wine, beer or coffee.",29.5551719,34.9541625
COFFEE BAR SCORPION,"https://www.google.com/maps/place/COFFEE+BAR+SCORPION/@29.5581,34.9482,14z/data=!4m11!1m3!2m2!1sWine+bar+in+Marina,+Eilat,+Israel!6e5!3m6!1s0x150071bf09cd1011:0x3ca85ccebbc7ab0!8m2!3d29.5553563!4d34.9523642!15sCiFXaW5lIGJhciBpbiBNYXJpbmEsIEVpbGF0LCBJc3JhZWxaISIfd2luZSBiYXIgaW4gbWFyaW5hIGVpbGF0IGlzcmFlbJIBC2NvZmZlZV9zaG9wmgEkQ2hkRFNVaE5NRzluUzBWSlEwRm5TVVIyTjBwVVZIbG5SUkFC4AEA-gEECAAQQg!16s%2Fg%2F11wtkmc3wx?hl=en&entry=ttu&g_ep=EgoyMDI2MDExMy4wIKXMDSoASAFQAw%3D%3D",Nightlife-Bars-Wine,Nightlife-Bars,Wine,Wine bar,5.0,10,"We came in the morning to have a morning coffee and came out with a smile on our faces, the service is amazing, the barista explained to us what options we have, gave us suggestions, gave a back story on the coffee beans and  different flavors. I can say this was the best cup of coffee I've had in a long time. || Tasteful breakfast, excellent coffee, super service 👍🏻 || Woow! The best coffee in Eilat! || Tasty coffee , great service ! || Best service ..  my friends.. tasty coffee and tea and everything yiu must try !! || The only place in the city with European level drinks and service! Would come again definitely! || Excellent place! New, modern, fancy! Great choice for coffee lovers. || Great place nothing like that in Eilat. I will definitely come back || Amazing spot! Highly recommend! || Thank you very much...",29.5553563,34.9523642
Paddy's,"https://www.google.com/maps/place/Paddy's/@29.5581,34.9482,14z/data=!4m11!1m3!2m2!1sWine+bar+in+Marina,+Eilat,+Israel!6e5!3m6!1s0x150071f7b1255555:0x139f89b17096fd56!8m2!3d29.551054!4d34.9526098!15sCiFXaW5lIGJhciBpbiBNYXJpbmEsIEVpbGF0LCBJc3JhZWxaISIfd2luZSBiYXIgaW4gbWFyaW5hIGVpbGF0IGlzcmFlbJIBCWlyaXNoX3B1YpoBI0NoWkRTVWhOTUc5blMwVkpRMEZuU1VSbGFXWnhjRkpuRUFF4AEA-gEECFEQKA!16s%2Fg%2F1tfvq9qr?hl=en&entry=ttu&g_ep=EgoyMDI2MDExMy4wIKXMDSoASAFQAw%3D%3D",Nightlife-Bars-Wine,Nightlife-Bars,Wine,Wine bar,4.2,11,"The restaurant was empty, except for another couple. They waited on us for 29 minutes. After half an hour we asked to understand what was going on and when we would receive our order and they continued to lie to us that it would be another minute and another minute, they argued with us that only 25 minutes had passed and that was reasonable for them. Simply a significant deterioration in the attitude and conduct that had not been there before. || Hi, We checked the timestamps: you arrived at 13:15 and left at 13:44. This total time includes ordering, waiting, receiving the dishes, eating, and paying so it’s not possible that you waited 30 minutes for your dish. The actual timeline simply does not match what was described. || Super friendly and helpful staff. Welcomed us immediately. They were setting up projectors for Haifa vs Tel Aviv football match for the evening and we could see the crowds of locals, young and older, coming just as we were leaving. || Food was good, arrived fast. Atmosphere was great and there was great early 2000 music. Sadly the waiter was terrible, at the end also demanded a higher tip, complained, and vocally tried to force us to tip him (Extremely aggro). || A nice bar for local people to feel aboard. As a tourist I'll suggest you to go and enjoy the actual local restaurants. American /British menu with good dishes. The stuff are friendly but the service is a bit slow and clueless. The place is open almost 24/7 so a good fit for a night snack. Enjoy :) || Place near the mall. Great choice of draft beers . The bartender knows his stuff , if you ask from something not in the menu and he knows it? He will make it and it will be great. The prices are reasonable and the service is quick || Paddy's is the local Irish pub in Eilat ( Yes, Apparently every city has an Irish Pub 🤣). It's a great place to come have a beer or a late lunch close to the beach. The pub is located in the tourist district of Eilat. It's a walk away from the beach, the shopping mall and most of the board walk hotels. I highly recommend the steak!!! The fish and chips is good too but the streak is simply a winner. They also have a large selection of beers to choose from, along with a full bar and surprisingly decadent desserts 🎂. Great for families or just hanging out with friends to watch a came. || For a pub, this place serves very decent food from a wide menu. Even the pub favorites (burgers, fish&chips, etc.) are surprisingly good. Many kinds of beers available. Good place to have a dinner with kids. Why 4 points then? The one beer I was interested in was not available, and the waitress was very confused, both with prices and the orders. This may happen, though. || Very positive experience. The waiter was patient and explained to us the different food options. We ordered one of the menus that included a drink and a 50% discount on desserts.  The fish and chips dish  was delicious and tasty. The lemonade had too much sugar for my taste but could mix it with water.  We shared one of their desserts (the apple pie) which was served with a vanilla ice cream and whipped cream. Simply delicious.  You are served some peanuts and vegetables to eat while you wait for your dish/drink. || Good place to visit. Always tasty food and a lot of fresh beers. Not cheap but worth it. || The combination of rich bar and restaurant. Bar is rich from beers to cocktails and heavy drinks. The food is very good, I ordered the steak and it was soft and well served. The music was awesome and not too loud or low. The sitting area outside is pretty and has really nice breeze during evening. The service was great and welcoming. Definitely going to return for a second.",29.551054,34.9526098
"שמה שמה, Shama Shama","https://www.google.com/maps/place/%D7%A9%D7%9E%D7%94+%D7%A9%D7%9E%D7%94,+Shama+Shama%E2%80%AD/@29.5581,34.9482,14z/data=!4m11!1m3!2m2!1sWine+bar+in+Marina,+Eilat,+Israel!6e5!3m6!1s0x150071f7ce63c19d:0x39fe9372127b77b5!8m2!3d29.5511943!4d34.9518764!15sCiFXaW5lIGJhciBpbiBNYXJpbmEsIEVpbGF0LCBJc3JhZWxaISIfd2luZSBiYXIgaW4gbWFyaW5hIGVpbGF0IGlzcmFlbJIBA2JhcpoBI0NoWkRTVWhOTUc5blMwVkpRMEZuU1VSUGVYQkVURTkzRUFF4AEA-gEECAAQJQ!16s%2Fg%2F11f40qwfrm?hl=en&entry=ttu&g_ep=EgoyMDI2MDExMy4wIKXMDSoASAFQAw%3D%3D",Nightlife-Bars-Wine,Nightlife-Bars,Wine,Wine bar,4.1,12,"We where greeted with the words: ""I'm Sory but you came in the worst night ever. Our taps don't work, the band canceld on the last mint"".we decided to stay. It was a great gin and tonic. Nice atmosphere with good music that allowed us to hear each other. As tour guides the bartender answered our questions about life in Eilat. I will definitely come back next time. || customer service was okay, but there were no menus, music was way too loud, the lighting was terrible (way too dark) and drinks were very overpriced || Sorry for you and this experience. Yes there’s no menus Only special ones for wine bottles etc.. Regular orders as water beer and cocktails are known prices so for Israel Eilat were cheap. our bartenders and waitres are well known with all prices, shame you didn’t ask the price before ordering. And we’re not a club, we’re a bar a real local bar that weekends are crazy mad and middle of the week it’s dark with a band or stage lights sorry that you couldn’t see clear at the dark. || No COVID-19 certificate (green pass) checks, at least for none of my friends and I. || Just wow!! The best pub in eilat! Thanks for a crazy night! || Normal pub Nice vibe A bit over crowded || Good service and nice place to have a beer at night in Eilat || This place has awful treatment. The staff isn't very nice. Not recommended! || Shame for one friend that mixed your shot and she drank yours and you drank hers, your turning our place to a bad one. P.s tell thanks to all of your friends for understanding the situation. ❤️ Hope to see you guys again. :) || A bit expensive but lovely atmosphere || Nice place! Very cool vibes || Exellent homecafe with nightstyle 😉 …",29.5511943,34.9518764
Mike's Place Eilat,"https://www.google.com/maps/place/Mike's+Place+Eilat/@29.5581,34.9482,14z/data=!4m11!1m3!2m2!1sWine+bar+in+Marina,+Eilat,+Israel!6e5!3m6!1s0x150071face8290f9:0x706714ab46c936ef!8m2!3d29.5522783!4d34.9613436!15sCiFXaW5lIGJhciBpbiBNYXJpbmEsIEVpbGF0LCBJc3JhZWxaISIfd2luZSBiYXIgaW4gbWFyaW5hIGVpbGF0IGlzcmFlbJIBA2JhcpoBRENpOURRVWxSUVVOdlpFTm9kSGxqUmpsdlQyeFdhVm93YUU5WmFsWTJVVmhPYTFWVVFscGplbWhzVlVkd1NVMHpZeEFC4AEA-gEECCIQQQ!16s%2Fg%2F1jkz570cz?hl=en&entry=ttu&g_ep=EgoyMDI2MDExMy4wIKXMDSoASAFQAw%3D%3D",Nightlife-Bars-Wine,Nightlife-Bars,Wine,Wine bar,4.3,17,"Love this place!! Food is delicious and the portions are great. The staff is awesome and very friendly,  especially Mike. Atmosphere and vibes are so chill and welcoming to everyone,  even great for a family night out. Music always on point and the drinks are mixed well. Definitely worth a visit! You wont be disappointed!!! || Thanks Denise, hope to see you again soon || The food is pretty bad. The wings are prepared in advance and have strong chicken after taste. The burger is dry.  I guess if you there for a drink and a show it can be nice. But avoid it as a dinner. || Awesome food, awesome location with great waterfront views, great sports bar! Prices were reasonable during tourist season in Eilat. Highly recommend the double Mike's Burger if you are hungry (see pictures), guarantee you will not be hungry after eating it! Comes with fries or salad. One of the best burgers i have eaten! || Thanks David for the awesome review || It all depends when you come ... I've been trying to escape the heat... So as soon as that opend I sat down .. I haven't been in a bar for ages.. But some how it all feels like home .. The smells the sits etc... So I've had a few drinks ...a conversation with the dude beside me...ate a meat lovers pizza...and left. ... I've been a long mikes place goers in Tel Aviv ..wenn I was young ...so it all looks the same .. There are also  live performances (a bit to loud for my age ) ... Enjoy 🤠 || Thanks, hope to see you soon || the place was absolutely amazing. the interior, service, music, and food and drinks were top notch. Definitely recommend 👌 || Thanks for the awesome review Rona || We were there every evening from 23.09 to 26.09. And every time great food, different dishes, always free space for sitting under air condition. Children were happy too. Beer is great. || Thanks so much for the great review!! We appreciate you!! Hope to see you back soon || Great atmosphere, cold beer, good food, unexpectedly good live band, what else do you need? Sitting area outside has a beautiful view to the yachts in marina, nice during the day, romantic in the evening... Bar inside bit crowded but that's ok in Israel, we are all one big family... I think that reservation is not necessary unless you are a big party... || Went on Monday, good music, good vibe Didn't eat only drink so can't rate the food || Thanks Moti, we appreciate you || Sagiv was our server and he was so helpful. We felt like we were his only customer. We love coming to Mike’s place every time in Israel- especially for Happy Hour!! || Worst service.  I was a frequent customer of this place.  Every time we came to Eilat, we came to this place and sat down at the same table in the corner.  It was already a tradition.  Came here yesterday as well.  But an incident happened - the waiters forced us to vacate this place and look for a smaller table, since more people could be seated at this table.  I just got up and walked out of there.  The greed of the establishment led to the loss of a regular customer || Sorry Oleg, it’s not greedy to try and maximize the space you have. It is normal practice in any professional restaurant.",29.5522783,34.9613436
רק דגים,"https://www.google.com/maps/place/%D7%A8%D7%A7+%D7%93%D7%92%D7%99%D7%9D%E2%80%AD/@29.5581,34.9482,14z/data=!4m11!1m3!2m2!1sWine+bar+in+Marina,+Eilat,+Israel!6e5!3m6!1s0x1500716486f897af:0xde653a2eb547ba2f!8m2!3d29.5509803!4d34.9581829!15sCiFXaW5lIGJhciBpbiBNYXJpbmEsIEVpbGF0LCBJc3JhZWxaISIfd2luZSBiYXIgaW4gbWFyaW5hIGVpbGF0IGlzcmFlbJIBD2Zpc2hfcmVzdGF1cmFudJoBI0NoWkRTVWhOTUc5blMwVlBhUzB4U2xOdmNVbFBiRU4zRUFF4AEA-gEFCJYFEDg!16s%2Fg%2F11l1_tl7xv?hl=en&entry=ttu&g_ep=EgoyMDI2MDExMy4wIKXMDSoASAFQAw%3D%3D",Nightlife-Bars-Wine,Nightlife-Bars,Wine,Wine bar,4.8,14,"After finding this restaurant on google we decided to give it a try as it was newly kosher. We were so happy with our choice. It feels like homely family run place. Everything we ordered was fresh generous and tasty. My husband had the fish soup which he said was insanely delicious. Salads huge and crunchy and very fresh. And the fish of course was full of flavour and grilled to perfection. The place isn’t fancy but very authentic and clean and the prices reflect that as they’re reasonable. I would 100% recommend. || Thank you very much ❤️ || This place is such a great find. Super fresh fish, simply done and full of flavor. Everything feels home-style and comforting, but still really well thought out and well executed. As a kosher fish spot in Eilat, this place truly stands out for its  freshness and quality.  We loved every bite and would happily come back again. || Thank you very much 🙏 … || INCREDIBLE fish restaurant. One of our favorite meals of our time in Israel. Delicious and fresh fish. Don’t miss out on the fish cigars, SHAWARMA, and fried sea bass. Service was warm, friendly, and patient with our broken Hebrew. Cannot recommend enough! || Thank you very much 🙏 … || I really wanted to eat good fish and booked a table. The restaurant inside, reminds me of the old european restaurants. The hostess was wonderful and gave us great tips on what we should try. Everything was divine (never had such a good ceviche and I've travelled a lot). We loved everything and will come back for sure! || If you like to eat good and tasty fish, this restaurant is the right place. Each time when me and my wife went to Eilat we visited Rak Dagim and were satisfied with the delicious dinner. || Thank you very much 🙏 … || Old school classic fish 👌  The locals little secret, my wife (Israeli) took me the first night of our trip, she couldn’t wait to share this place with me.  I happily recommend if you want the best fresh fish in Eilat within a relaxed and traditional atmosphere. || The food itself was very good! Having said that, we expected more from the service. There were relatively low amount of people (3-4 tables) but we’ve waited a long time just to order or get the attention of the staff. It felt like a very laid back place where you come and is expected to spend a very long time in. || Rak Dagim in Eilat was one of the best dining experiences we’ve had in a long time. From the moment we sat down, the hospitality was incredible. We told them right away, “Just bring us something delicious,” and they did exactly that. Without even asking for a menu, they started us off with fresh salad, creamy baba ghanoush, and warm garlic bread that was insanely good. Everything tasted fresh and homemade, and the vibe in the restaurant was laid-back but full of good energy.  What came next was a surprise multicourse meal that completely exceeded our expectations. The owner, who was kind and welcoming, brought out a huge whole fish cooked with lemon and herbs, served with soft roasted potatoes that soaked up all the flavor. It was clean, rich, and cooked perfectly. We had wine with the meal and just relaxed into it — no rush, just good food and conversation in a place that felt like home.  The restaurant itself has a cozy, inviting atmosphere with simple but tasteful design. It’s a Greek-style place, and you can tell they put real heart into what they serve. The whole experience felt authentic and thoughtful — no frills, just excellent food and genuine hospitality. If you’re in Eilat, Rak Dagim is a spot you don’t want to miss. || Excellent Service just steps from the Eilat promenade. Food was outstanding and hostesses were attentive and helpful. Felt like I was in the restaurants of Israel’s yesteryear, a very good thing 😊. The restaurant is kosher for a year and half which makes it even better! || Don’t let the outside fool you—Rak Dagim is a hidden gem in Eilat! The moment we stepped inside, we were pleasantly surprised by the clean and welcoming atmosphere. The staff were incredibly friendly and helpful, even taking the time to show me how to properly eat the fish and avoid the bones—such thoughtful service really stood out.  We ordered a fresh salad, grilled aubergine, fish arayas, and a whole fish, paired with a bottle of crisp white wine. Every dish was exceptionally fresh, bursting with flavor, and beautifully presented. We were so immersed in the food that we completely forgot to take photos!  This place is a must-visit for seafood lovers. The quality, service, and experience were all top-notch. Highly, highly, highly recommend!",29.5509803,34.9581829
Royal beach lounge,"https://www.google.com/maps/place/Royal+beach+lounge/@29.5581,34.9482,14z/data=!4m11!1m3!2m2!1sWine+bar+in+Marina,+Eilat,+Israel!6e5!3m6!1s0x150071b996981e1b:0x64ed814c1bda89b5!8m2!3d29.5489477!4d34.9635961!15sCiFXaW5lIGJhciBpbiBNYXJpbmEsIEVpbGF0LCBJc3JhZWxaISIfd2luZSBiYXIgaW4gbWFyaW5hIGVpbGF0IGlzcmFlbJIBBmxvdW5nZeABAA!16s%2Fg%2F11nxc4g74b?hl=en&entry=ttu&g_ep=EgoyMDI2MDExMy4wIKXMDSoASAFQAw%3D%3D",Nightlife-Bars-Wine,Nightlife-Bars,Wine,Wine bar,5.0,3,"Barama Lounge Buffet with delicious rotating food Always clean and with a good atmosphere || A 5-star hotel in every sense, rooms with spacious clean showers, towel service immediately as needed. Delicious meals with a huge selection, accompanied by a chef and waiter who immediately clears the table until your plate is bursting with content as you can. Going to the sea and the promenade, which is open until the night, even on weekends. Some of the shops are open. You can order tickets at the reception for all cultural activities in each hotel. It is recommended to take into account the rates for a jacuzzi of 90 NIS or a sauna of 380 NIS per person with advance booking. Option to choose the type of sauna. I recommend checking the ticket type when buying on the website, some of them VIP, including a lounge, a type of restaurant open from 9 am all day for a meal and alcoholic drinks, so entry is only for those over 16. A games room on site with a fee for each game. || Good quality lounge, the food is very tasty and varied. Large variety of cold alcoholic and non-alcoholic drinks Very polite and helpful staff Highly recommended for those staying at the Royal Beach Hotel Eilat",29.5489477,34.9635961
Eilat City Museum,"https://www.google.com/maps/place/Eilat+City+Museum/@29.5581,34.9482,14z/data=!4m10!1m2!2m1!1sArt+gallery+in+Hotel+District,+Eilat,+Israel!3m6!1s0x150071f7a26ec61d:0x9273d205e00c1045!8m2!3d29.551741!4d34.95296!15sCixBcnQgZ2FsbGVyeSBpbiBIb3RlbCBEaXN0cmljdCwgRWlsYXQsIElzcmFlbFosIiphcnQgZ2FsbGVyeSBpbiBob3RlbCBkaXN0cmljdCBlaWxhdCBpc3JhZWySAQ5oaXN0b3J5X211c2V1bZoBJENoZERTVWhOTUc5blMwVkpRMEZuU1VOQ2VIWXRObk5CUlJBQuABAPoBBQjuARBE!16s%2Fg%2F12636fnb6?hl=en&entry=ttu&g_ep=EgoyMDI2MDExMy4wIKXMDSoASAFQAw%3D%3D",Entertainment-Culture-Galleries,Entertainment-Culture,Galleries,Art gallery,4.4,10,"Small, nice. Very interesting to see how this city was developed during this years. One hour, may be one a half 😊 + film. Art gallery is closed for renovations. Good place to visit with children. Recommend it, almost free (very low price) … || Small museum in city center of Eilat. Low entrance price, so conform size of the exhibition. Friendly reception and you receive a city passport with your ticket. || It's a small museum One and 2 place are good Just go and watch You don't need any guidance or recording phone here || It's an interesting museum to learn about the city history. Eilat is also mentioned in the Bible. Special thanks to Simona from the museum. || Quite informative and succinct for a museum of a small town that Eilat is. Good opening hours until 9pm. Quite a lot of the exhibits (but not only!) are historical photos, however, that does not make the museum dull - quite the opposite. Good and well curated, interesting selection, you learn quite a lot. 4.5* || An excellent museum represents the history and environment of Eilat and its area. Entry fee is really cheap, it's worth visiting! || Lovely pictures and rock samples. Well laid out. 1 hour visit and open till 21:45. || Small museum with lovely collection of artifacts from Eilat's history. Spare 30-60 minutes. || Great places to find out about the history of Eilat. Should only take you 30 - 40 minutes. || Great films about a variety of subjects and events in the city's history.   Well worth a visit!",29.551741,34.95296
Nikush Jewelry Art Studio,"https://www.google.com/maps/place/Nikush+Jewelry+Art+Studio/@29.5613754,34.9008637,14z/data=!4m10!1m2!2m1!1sArt+gallery+in+Hotel+District,+Eilat,+Israel!3m6!1s0x1500720f5ca9931d:0x80301e8ccc589b72!8m2!3d29.5613754!4d34.9389725!15sCixBcnQgZ2FsbGVyeSBpbiBIb3RlbCBEaXN0cmljdCwgRWlsYXQsIElzcmFlbJIBEGFydF9zdXBwbHlfc3RvcmXgAQA!16s%2Fg%2F11c1r209bs?hl=en&entry=ttu&g_ep=EgoyMDI2MDExMy4wIKXMDSoASAFQAw%3D%3D",Entertainment-Culture-Galleries,Entertainment-Culture,Galleries,Art gallery,4.8,0,,29.5613754,34.9389725
Heddy Artist Saloon Exhibition,"https://www.google.com/maps/place/Heddy+Artist+Saloon+Exhibition/@29.5613754,34.9008637,14z/data=!4m10!1m2!2m1!1sArt+gallery+in+Hotel+District,+Eilat,+Israel!3m6!1s0x1500715f86e8d437:0x3ca64d588cc4e30c!8m2!3d29.5610888!4d34.9536273!15sCixBcnQgZ2FsbGVyeSBpbiBIb3RlbCBEaXN0cmljdCwgRWlsYXQsIElzcmFlbFosIiphcnQgZ2FsbGVyeSBpbiBob3RlbCBkaXN0cmljdCBlaWxhdCBpc3JhZWySAQ9wYWludGluZ3Nfc3RvcmXgAQA!16s%2Fg%2F11vpqtpf3c?hl=en&entry=ttu&g_ep=EgoyMDI2MDExMy4wIKXMDSoASAFQAw%3D%3D",Entertainment-Culture-Galleries,Entertainment-Culture,Galleries,Art gallery,0.0,0,,29.5610888,34.9536273
Eilat Art Gallery,"https://www.google.com/maps/place/Eilat+Art+Gallery/@29.5613754,34.9008637,14z/data=!4m10!1m2!2m1!1sArt+gallery+in+Hotel+District,+Eilat,+Israel!3m6!1s0x150071f7a26ec61d:0x647852d038f85e59!8m2!3d29.551741!4d34.95296!15sCixBcnQgZ2FsbGVyeSBpbiBIb3RlbCBEaXN0cmljdCwgRWlsYXQsIElzcmFlbJIBBm11c2V1beABAA!16s%2Fg%2F11h7s46hb4?hl=en&entry=ttu&g_ep=EgoyMDI2MDExMy4wIKXMDSoASAFQAw%3D%3D",Entertainment-Culture-Galleries,Entertainment-Culture,Galleries,Art gallery,5.0,0,,29.551741,34.95296
גלריית אמני אילת,"https://www.google.com/maps/place/%D7%92%D7%9C%D7%A8%D7%99%D7%99%D7%AA+%D7%90%D7%9E%D7%A0%D7%99+%D7%90%D7%99%D7%9C%D7%AA%E2%80%AD/@29.5613754,34.9008637,14z/data=!4m10!1m2!2m1!1sArt+gallery+in+Hotel+District,+Eilat,+Israel!3m6!1s0x150071786eeaebb5:0x18f11f0d63f374bb!8m2!3d29.5518183!4d34.95338!15sCixBcnQgZ2FsbGVyeSBpbiBIb3RlbCBEaXN0cmljdCwgRWlsYXQsIElzcmFlbJIBC2FydF9nYWxsZXJ54AEA!16s%2Fg%2F11nn36xt7_?hl=en&entry=ttu&g_ep=EgoyMDI2MDExMy4wIKXMDSoASAFQAw%3D%3D",Entertainment-Culture-Galleries,Entertainment-Culture,Galleries,Art gallery,3.3,1,"Too bad I checked the day before and they said it was open. And today they didn't open. Two hours of unnecessary travel Too bad, too bad",29.5518183,34.95338
U Coral Beach Club,"https://www.google.com/maps/place/U+Coral+Beach+Club/@29.5581,34.9482,14z/data=!4m13!1m2!2m1!1sMini+golf+in+Coral+Beach,+Eilat,+Israel!3m9!1s0x150073be853ecf45:0x440978cb1638aa11!5m2!4m1!1i2!8m2!3d29.5142352!4d34.9237189!15sCidNaW5pIGdvbGYgaW4gQ29yYWwgQmVhY2gsIEVpbGF0LCBJc3JhZWxaJyIlbWluaSBnb2xmIGluIGNvcmFsIGJlYWNoIGVpbGF0IGlzcmFlbJIBBWhvdGVsmgEkQ2hkRFNVaE5NRzluUzBWSlEwRm5TVU5TTTB4UVduQjNSUkFC4AEA-gEECBQQMQ!16s%2Fg%2F11b8v9s7vk?hl=en&entry=ttu&g_ep=EgoyMDI2MDExMy4wIKXMDSoASAFQAw%3D%3D",Family-Kids-Activities,Family-Kids,Activities,Mini golf,4.3,14,"The Best Hotel in Eilat for kids!!!!!! There is no other hotel that will take it from U koral beach. Just bring your kid in the morning to the entertainment crew and your kid will be busy all day - amazing! Yes, it pretty far from the main city, but you have everything in the hotel, even beach nearby. I will come back next year! || Thank you so much for your wonderful review! We’re delighted to hear you enjoyed your stay and we look forward to welcoming you back again soon. 🌞 … || I have visited this resort 4 times over the past 27 years (three times in the past five years) and am always happy to return there. The staff are friendly and attentive, the location is excellent - within walking distance of tennis courts, … || I have stayed at U Coral Beach Club multiple times in the past few years with my wife. Overall, it remains one of the most activity-rich hotels in Eilat, but the standards decline each year and might no longer fully justify the price.  Room cleanliness was disappointing. We were upgraded from a Superior U room (the most basic category) to a balcony room, but the upgrade was not worthwhile. Last time we stayed in the Superior U room, and to me it felt newer, cleaner, and had a much nicer bathroom than the balcony room. The balcony room’s bathroom was very small, with a combined tub/shower and only a half glass partition, so water splashed everywhere. The Superior U bathroom, while shower-only, is more spacious and modern. In the balcony room, the tub felt old and not properly cleaned, there was hair on the bed, the sofa bed was opened without request, and there was no water or welcome package in the room..  I would not recommend staying during a storm. Check the weather! The power went out for about half an hour, and roads into and out of Eilat were closed. Reception handled this well and graciously offered us an additional night at a slightly discounted rate (around 10%), which we declined. Instead, they offered a complimentary dinner pass, which was much appreciated.  The food remains a strong point. Dinner was excellent, with a wide and impressive variety: steaks, asado, pulled beef bao buns, schnitzel, chicken dishes, and more. The variety is consistently very good. Breakfast, however, was underwhelming. Limited selection, poor pastries, mediocre orange juice, and only black and green tea available.  The dairy restaurant is very good, but availability is limited to certain days and requires first-come, first-served sign-up. Arriving early is essential.  Unlimited cocktails are fun, but the bar offering is basic. Mostly straight liquors with fruit juices. The slushies are extremely sweet and artificial. Bartender skill varies significantly, though one bartender managed to make a decent piña colada. Drinks are always served in plastic cups, though glass cups can be requested at the indoor bar.  Snorkel rentals and beach equipment are excellent. However, windsurfing is advertised but never seems to happen. On multiple visits there has always been an excuse. This time we were told the instructor had passed away...  I would go again, mainly because no other hotel in Eilat offers this level of activities and programming. That said, for the price, cleanliness, room quality, and overall standards should be higher. || We had the best weekend ever! The bridge too the beach is amazing,food was more than expected so much verity options in every meal! The view from the room was breathtaking, it was fun n relaxing.. thank you || Thank you so much for your wonderful feedback! We’re delighted to hear that you had such an amazing weekend and enjoyed the easy beach access, the rich variety of food, and the beautiful room view. It’s great to know your stay was both fun and relaxing. We truly appreciate your kind words! || We have been guests of this hotel for the best part of 20 years already from when it was Club Med, sometimes just the 2 of us, at other times with our family of 8 to 10. In general it used to be very good but has progressively badly … || We have been guests of this hotel for at least 20 years, at times the 2 of us only, other times with a family of 8 to 10. In general it’s good, though standards get progressively lower and lower. The beach is no longer private. The quality … || I left something behind, I feel so bad because it was my favourite to play with. It smells a little, but I promise it’s friendly. Don’t forget to feed it. It’s called “Nigel” please shout his name because he’s hard of hearing. He’s shy so could only one person look for him. Thank you. You are all so lovely. I will come back in 2 days please find him 💔 || Thank you so much for your wonderful review! We’re delighted to hear you enjoyed your stay and we look forward to welcoming you back again soon. 🌞 … || Our stay at Club Inn Eilat was a nightmare from start to finish. The room was neglected and filthy, with peeling walls and a constant smell of mold and dampness. The bathroom was covered with mold – absolutely unacceptable for a hotel, more … || For those who want to save on shopping and dining out  -U coral beach is the perfect place.5 meals -breakfast,dinner,coffee and cake,supper,pizza stand at night,free bar from 9 till 00,entertaining programs for grown ups and kids-so no need … || Huge Thanks to U Coral Beach!  We stayed at U Coral Beach and left with the best impression possible—mostly thanks to the incredible and caring staff.  The welcome was warm and professional. The reception team—just amazing! Polite, patient, and genuinely respectful towards guests. Every request was met promptly and with a smile, every question received an immediate answer, as if they were just waiting to assist.  The rooms were clean, tidy, and equipped with everything you need. And if something was missing, we only had to ask,...It was there. The attention to detail was evident at every turn.  A special thank-you to Pnina, who takes care of guests with allergies. Her attitude was exceptional, straight from the heart. Even on our departure day, she made sure we had sweet surprises and everything we needed for the journey.  The hotel runs on an “all-inclusive” basis, and we’d say—“all-inclusive plus”! Delicious, diverse, clean, and always served with courtesy.  We can’t forget to mention the U Eataly restaurant—part of the package, but it felt like a true bonus! The waitstaff—simply outstanding: polite, quick, and making you feel like a VIP. Even if you’re not a huge fan of Italian cuisine, once you taste it here, you’ll fall in love. We had lunch there and couldn’t make it to dinner.  The hotel offers activities for the whole family—kids, adults, evening shows—it’s all just wonderful.  The lobby bar and the pool bar are always available—hot drinks, cold drinks, whatever you need. And the staff—oh, their patience! With kids, and… let’s just say, with some adults too.  We also want to highlight how the management treats the staff. We witnessed a situation with a guest complaint (let’s be honest—every hotel has them), and we were impressed by how professionally and compassionately it was handled. The manager showed respect both to the guest and to the junior staff member, supporting her while politely resolving the issue. It was very impressive.  U Coral Beach, everything was fantastic! Thank you for an amazing vacation. We will definitely come back! || dear guests Thanks for the support on the site, We are happy to know that you enjoyed your stay We were happy to host you and would love to see you again soon welcome Hotel staff",29.5142352,34.9237189
Rise Adventure Park - Ayla,"https://www.google.com/maps/place/Rise+Adventure+Park+-+Ayla/@29.5142352,34.8856101,14z/data=!4m10!1m2!2m1!1sMini+golf+in+Coral+Beach,+Eilat,+Israel!3m6!1s0x1500718583b11a3b:0xf67d7196bda19a3f!8m2!3d29.5447367!4d34.9900211!15sCidNaW5pIGdvbGYgaW4gQ29yYWwgQmVhY2gsIEVpbGF0LCBJc3JhZWxaJyIlbWluaSBnb2xmIGluIGNvcmFsIGJlYWNoIGVpbGF0IGlzcmFlbJIBEWhpZ2hfcm9wZXNfY291cnNlmgEjQ2haRFNVaE5NRzluUzBWSlEwRm5TVU01YkY5cE9VaFJFQUXgAQD6AQQIXBBK!16s%2Fg%2F11lrv93dy8?hl=en&entry=ttu&g_ep=EgoyMDI2MDExMy4wIKXMDSoASAFQAw%3D%3D",Family-Kids-Activities,Family-Kids,Activities,Mini golf,4.9,10,"MUSTTTTT !!!!  We had such a great time! Best 25jd you could spend!  The courses and challenges were super fun and gave just the right amount of thrill.  If you fear heights, this is the place to get over you fear  Big thanks to Diar for being amazing — super friendly, helpful, and really made the experience even better.  Definitely a place I’d recommend if you’re looking for some adventure and good vibes!  Big Thanks to everyone who is working here || Captain Sanad is the best, so nice, funny and helpful! We had so muchhh fun! 😍😍 would recommend 10/10 to anyone coming to Aqaba and loved adventure 😍😍 … || The staff are friendly, professional, and make you feel safe the whole time. The atmosphere is fun, energetic, and the views around Ayla make it even better , we had so much fun will definitely try it again . Both Hamzeh and Sanad made the experience even more fun and memorable.  Definitely one of the best adventure spots in Aqaba. Highly recommended! || Rise Up is super fun and addictive! Easy to play, smooth controls, and the levels really keep you hooked. Honestly, such a cool game — totally worth trying!  Rating: ⭐️⭐️⭐️⭐️⭐️  A big thank you to *SAND* and *Hamza*! You two made the whole vibe fun, competitive, and full of excitement. Thanks for bringing all this energy — you really made the game so much better! || A very pleasant experience 😍 The staff were kind and helpful 🙏 Thank you, ( Sand and Hamza ) for everything❤️ … || Such a fun place to play! The atmosphere is full of energy and perfect for kids (and adults!) to enjoy. The staff are super friendly, helpful, and make the whole experience even better. Special thanks to captain Sanad and captain Farah! Super helpful! || Amazinggg crazyyy experience!! The games are realllyyy fun and challenging! Captain Sanad was the besttt he definitely leveled up the excitement !! Special thanks to him!! A must go and a nice place to consider while you are in Aqaba || “Coach Sand was amazing! He was very nice, helpful, and made the game so much fun. He explained everything clearly and was very respectful. We really enjoyed the experience. Thank you!” || It was an amazing day! You should absolutely try this adventure. And Sanad made the experience even better 🔥 … || It was one of the most beautiful days❤️. It was a very enjoyable and wonderful adventure🥹. Indeed, it is a very special and elegant place. It contains very special games, including climbing 🧗‍♀️and zip-line. And let us not forget the golf adventure⛳. It is very enjoyable. They have a special place for children🚸 as well. They had a high-quality security system🦸, and what’s best is the very distinguished staff.  Especially Captain🏅 Mo💪❤️ Captain 🏅Abdullah❤️ they are very wonderful",29.5447367,34.9900211
שמורת טבע חוף האלמוגים,"https://www.google.com/maps/place/%D7%A9%D7%9E%D7%95%D7%A8%D7%AA+%D7%98%D7%91%D7%A2+%D7%97%D7%95%D7%A3+%D7%94%D7%90%D7%9C%D7%9E%D7%95%D7%92%D7%99%D7%9D%E2%80%AD/@29.5447367,34.9519123,14z/data=!4m10!1m2!2m1!1sMini+golf+in+Coral+Beach,+Eilat,+Israel!3m6!1s0x150073968d2e34a7:0x6cb026553ae5617f!8m2!3d29.5079458!4d34.9210677!15sCidNaW5pIGdvbGYgaW4gQ29yYWwgQmVhY2gsIEVpbGF0LCBJc3JhZWxaJyIlbWluaSBnb2xmIGluIGNvcmFsIGJlYWNoIGVpbGF0IGlzcmFlbJIBD2JlYWNoX3BhdmlsbGlvbpoBRENpOURRVWxSUVVOdlpFTm9kSGxqUmpsdlQyMDVNa3hWVWsxVk1HaEZWRE5zY0UxRVVreGxTR3MxWVRCT2NVMUZSUkFC4AEA-gEECD4QJg!16s%2Fm%2F0130ml3_?hl=en&entry=ttu&g_ep=EgoyMDI2MDExMy4wIKXMDSoASAFQAw%3D%3D",Family-Kids-Activities,Family-Kids,Activities,Mini golf,4.6,10,"Very solid beach with beautiful coral reefs. Was super quiet when I went practically empty so was added bonus. Perfect for snorkelling and just general sunbathing. No water sports though. || The world northernmost coral reef, really! Right at your foot steps in eilat, Jordan has none. This beach has the advantage of not being overcrowded and all facilities are here, showers, toilets, bar, and a small nature reserve shop and rental services if you forgot your snorkeling equipment. Note, there are no lifeguard, only park rangers, but there is a space by the beach, in shallow water for poor swimmers Plant to bring some water shoes for the beach side. The reef is accessible via a long pier, and a large staircase leading easily to the water. Then it is the wonders of the red sea! || Although its one of the best places to see corals and fish in Eilat. The site could be a bit more developed. There are not many showers and only one dock to enter the water and relatively small place for swimming. With limited hours of operation and mediocre services this beautiful natural reserve should get an upgrade and the site could invest some of the entrance fee in improvments. || The reserve is well-maintained, clean, and organized, with food shops and equipment rental available. While the price is a bit high compared to free nearby spots, the underwater experience is spectacular- vibrant corals, colorful marine life, and plenty to see.  The area is very accessible, and safety is taken seriously with lifeguards on duty. Showers and restrooms are available and well-kept. Most seating areas are shaded with white canopies, which helps, though it can still get extremely hot in July and August.  Some downsides include ongoing renovations, which limit access to newer sections and make planning a snorkeling route a bit challenging. The designated swimming areas are small and enclosed, but beyond the bridge, there are vast open spaces where you can really explore and see a lot of beautiful marine life.  Overall, it’s more comfortable and enjoyable to snorkel in a well-supervised, maintained area than in unofficial sites, and the beautiful coral and abundant sea creatures make it well worth a visit.  * Pros: Clean and organized, lifeguards on duty, beautiful corals and marine life, showers and restrooms, accessible. * Cons: Entry fee is high compared to free alternatives, renovations limit some areas, enclosed swimming zones can feel small, it can get very hot in summer. || Snorkelling is ok. Nice fish and a bit of coral. If you've been in good reef places, you won't be impressed. But if in Eilat, it's worth a visit but a bit expensive for what it offers. || One of the good beaches in Eilat Clean,  had toilet,  shop,  walk route,  bridge directly to Red see with excitement view of corals, different fish types It's needed some payment,  check possible options before coming there It's better come with your own equipment Pay attention - NO SAFE GUARDS || Our preferred place in Eilat! Every time we are in Eilat we go to this place, the best still and ever.  Actually we were there every day, not a problem as we slept at the Yam Suf Hotel, only a 5 minute walk to there. 1. the beach is incredibly looked after 2. The Reserve guards are watching all the time for trespassers so very little chance something bad could happen to you while swimming 3. and of course the corals and the fish. Yes the coral are less beautiful than in the previous years, the mini tsunami a few years ago did damage the reef, but still they are interesting and the fish are till there and still super beautiful. Don't ""FOMO"" it, would you? || We had a lovely day out here. It was February, so out of season and not too busy. Lots of beautiful sea life up close in enormous tanks. Also, a very nice undersea viewing room and a sub trip if you want. Loads of facilities and other interesting things to see.....  Lovely and we'll worth a visit 😀 … || Amazing place! Make sure you take snorkels!  For 35 shekel, the place offers quite an experience! A long stretch of white sand, beautiful reefs to snorkel and pretty secure! || The most beautiful marine reserve in the world – colorful gardens beneath the sea The reefs of the Gulf of Eilat are the only coral reefs in our country, and among them a wonderful and colorful world of corals, fish and a huge variety of unique creatures can be seen. The Coral Beach Nature Reserve in Eilat allows visitors easy access to the reef, as well as essential beach services, including a shop, showers, toilets, sunshades, deck chairs and sun loungers",29.5079458,34.9210677
Glass Bottom Boat - Israel Yam,"https://www.google.com/maps/place/Glass+Bottom+Boat+-+Israel+Yam/@29.5581,34.9482,14z/data=!4m10!1m2!2m1!1sSegway+tour+in+North+Beach,+Eilat,+Israel!3m6!1s0x150071f043d25b8b:0xe2e408ec5a76d8ff!8m2!3d29.5495571!4d34.9598655!15sCilTZWd3YXkgdG91ciBpbiBOb3J0aCBCZWFjaCwgRWlsYXQsIElzcmFlbFopIidzZWd3YXkgdG91ciBpbiBub3J0aCBiZWFjaCBlaWxhdCBpc3JhZWySARBib2F0X3RvdXJfYWdlbmN5mgEkQ2hkRFNVaE5NRzluUzBWSlEwRm5TVU5QYWpkWFZtaFJSUkFC4AEA-gEECAAQPQ!16s%2Fg%2F1tdjlnqd?hl=en&entry=ttu&g_ep=EgoyMDI2MDExMy4wIKXMDSoKLDEwMDc5MjA3MUgBUAM%3D",Experiences-Tours-Adventure,Experiences-Tours,Adventure,Segway tour,4.3,0,,29.5495571,34.9598655
Dekel Beach,"https://www.google.com/maps/place/Dekel+Beach/@29.5581,34.9482,14z/data=!4m10!1m2!2m1!1sSegway+tour+in+North+Beach,+Eilat,+Israel!3m6!1s0x15007221360e2cb9:0x8c6f4323a46a56b4!8m2!3d29.5395089!4d34.9462438!15sCilTZWd3YXkgdG91ciBpbiBOb3J0aCBCZWFjaCwgRWlsYXQsIElzcmFlbFopIidzZWd3YXkgdG91ciBpbiBub3J0aCBiZWFjaCBlaWxhdCBpc3JhZWySAQxwdWJsaWNfYmVhY2iaASNDaFpEU1VoTk1HOW5TMFZKUTBGblNVUlhiVTV0VlVWbkVBReABAPoBBAgoEC4!16s%2Fg%2F11c53nwx3s?hl=en&entry=ttu&g_ep=EgoyMDI2MDExMy4wIKXMDSoKLDEwMDc5MjA3MUgBUAM%3D",Experiences-Tours-Adventure,Experiences-Tours,Adventure,Segway tour,4.5,16,"Amazing place: great vibes, great beach, excellent music and DJ!  Come on Friday for the shabbat eve dance party and you won't regret it. Food and drinks are also nice. Staff is busy, but courteous. There is something for everyone.  I've been to Eilat several times and I've never been there. I will ALWAYS stop by there every time I'm there from now on. || Hi Ryan, Thank you very, very much for the kind and detailed feedback, and thank you as well for the positive rating. On behalf of the entire Dekel Beach team, I sincerely thank you. See you again soon. 🌴🌴🌴 || Good clean beach. Chairs are 10 shekels/chair, sunbathing chair 20. Nice food at the restaurant on the beach. Make sure to grab slippers or wet shoes to enter the sea. It's either really hot to walk on the send or really painful to walk on little sharp stones. And bring water:) || Hey Nina  Thanks for your rating and comment  We're very happy to hear that you had a great time at the beach  🌴🌴🍸🌴🌴 … || 2022: Well structured for the beach lover. Clean bathrooms. Good bar service. The site is split into two different styles: - north side has a large wooden deck, suited for those who want to sit by the tables, close to the bar and restaurant; - south side is rustically styled, with straw shades (and also a large canvas tent during summertime). There is chair, table and sunbed rental service available at official prices on both sides. During summertime they also place a floating deck with sunbathing sofas and cushions for rent.  Entry to water is made through carpets on definite corridors in order to prevent visitors from revolving the stones and corals, which is a nice idea. Updated 10/23: entry to the water had been improved by them having removed the larger stones from under those carpets as it was quite impossible not to stumble on them, once we were never able to know where they were. Updated 3/25: The place is clean, beach service has improved. The floating deck isn't there as summer hasn't begun, the beach bar is run by a nice team, and Anna is always serving with her sweet smile and kindness. The only negative points are the lack of trash pots really close to the waterline, as the typical Israeli is spoiled and used to litter and then have someone around to clean and collect after them. Also dog owners are requested to have them leashed at the entrance and then leave them to circulate freely among the bathers, peeing on or even pooing at chairs, sunbeds and even on people's bags, towels and clothes, something unacceptable.  Updated 25/4/2025: The entrance to the water is downgraded as the carpets have been relocated over the rolling stones. I could not find the previous southern path which was comfortable and ready to walk in as the stones had been removed before the setting of the carpet. It's now very hard to walk on it, as the stones under the carpet make it uncomfortable and unbalancing for those to walk in the path. The beach also still lacks trashcans close to the waterline, as the existing ones are located about 8-10 meters from it; I've seen many pieces of paper, plastic cups and popsicle wrap on the sand. Anyway it's still the best beach in Eilat. || HHEY MOSHE  VEY MOSHE THANK YOU SO MUCH FOR YOUR COMMENT LOOKING FORWARD TO SEE YOU SOON AT THE BEACH || Decent beach with a nice relaxed atmosphere. Free entrance, public washrooms are clean. The restaurant has average prices but not too high for beach side. Food is delicious, we had the fried cauliflower and salmon wrap, Turkish coffee and an orange-carrot drink, all for 132NIS with tip included. There is plenty of parking and you can rent a lounge chair or regular chair. Swimming isn’t recommended here because there is no lifeguard but some people went in anyways. Sand is a bit rocky but water looks nice and clear. Some sand flies here and there, wheel chair accessible entrance. || I gave a low score because of my expectations. Maybe they were too high. Not sure.  I come from Haifa. In Haifa the beaches have sand when you enter the water, here there are rocks, so you better bring footware to enter the water. The area of the beach is also very small and no free shade on the sand. There are no changing rooms, so we had to change in the toilets which is very strange for a beach. Showers were only outdoor ones - also very strange IMO.  So if you expect to have a changing room, indoor showers where you can get naked, free shade and easily to enter the water without shoes - this place sucks.  Otherwise the water is nice,  and I had fun swimming here nontheless. || Hi Arthur Thank you very much for your detailed response During the winter we take down all the shades because they are not resistant to the strong winds Even the natural beach in the Red Sea is not as sandy as in the Mediterranean and we make efforts to keep the beach as natural as possible At the end of winter we add access roads from designated and special carpets on the waterfront to allow for easy and safe access We hope you will come again in the future and enjoy the beach Best regards The Palm Beach Team || The best beach in Eilat! Quiet and relaxed  (at least during mid March), great bar and sea view, lots of shade and trees. Enjoy a good Shakshuka in the morning :) || Thank you very much Guy What a happy response Happy Purim (: || Beautiful beach, calm and cozy. There is shade, restaurant, clean bathroom. Rent a chair or bed. Friendly staff. We had lots of fun there with the kids! Food was ok. || Very nice beach with clean water and easy way to the Red Sea. Excelente atmosphere and good services. The chairs cost us small and you can stay all day. Very much recommend. || Very nice beach with nice restaurant, good prices. Nice to spend some time. Small reef 20m from shore. || Nice and clean beach. The entry, the bathroom and the shower is free. During the day was not so crowded, maybe because the water is still a bit cold. 😬😄 The beach is a bit rocky but there is a path to the water. || Dear Bence Thank you for your positive comment and rating  Hope to see you soon at the beach again  🌴🌴🌴 …",29.5395089,34.9462438
Dolphin Reef,"https://www.google.com/maps/place/Dolphin+Reef/@29.5266871,34.8981512,14z/data=!4m10!1m2!2m1!1sSegway+tour+in+North+Beach,+Eilat,+Israel!3m6!1s0x150071f8b8591205:0x627118a57f78ebde!8m2!3d29.5266871!4d34.93626!15sCilTZWd3YXkgdG91ciBpbiBOb3J0aCBCZWFjaCwgRWlsYXQsIElzcmFlbFopIidzZWd3YXkgdG91ciBpbiBub3J0aCBiZWFjaCBlaWxhdCBpc3JhZWySARJ0b3VyaXN0X2F0dHJhY3Rpb26aASNDaFpEU1VoTk1HOW5TMFZKUTBGblNVUjFPQzFVY2xkQkVBReABAPoBBQjkAxBH!16s%2Fg%2F1pxy2_x36?hl=en&entry=ttu&g_ep=EgoyMDI2MDExMy4wIKXMDSoKLDEwMDc5MjA3MUgBUAM%3D",Experiences-Tours-Adventure,Experiences-Tours,Adventure,Segway tour,4.6,10,"We came 5 mins after 12pm (and tickets are valid also tomorrow from the morning only! - as explained on the cash desk); spent some half day here late March; sea temperature fresh but still acceptable; not so crowded today; beach service collect beach chairs regularly; easy to find place and take chairs, we enjoy hot and cold sweets with coffee and fresh Mint lemonade. Really tasty; recommended; next time I repeat. || Amazing ! Such an incredible experience ! Staff are also amazing ! Estelle was great called me told me best times to come ! Mayaan was so welcoming and beautiful and IRa was amazing guide ! She was brilliant and supported me on my first dive ! Dolphins are everywhere ❤️❤️ || For the standard entrance fee you can swim at the beach and spend some time on the pier to film and shoot the dolphins (pier closes at 5 pm). Then you have a bar restaurant upstairs in a wonderful place (forbidden under 18 years old). From this place you still can see the dolphins, enjoy the sun and even stay until 11 pm! || Great place. We did snorkeling with the dolphins, it was great to see them in their natural habitat. Our instructor was a very nice and professional lady that took care of everyone’s comfort and made sure everyone is safe and have an amazing time. I was really scared of the depth but thanks to her I could overcome my fear and enjoy the moment. I can’t thank her enough. It’s a place one of a kind and people there are very welcoming. I highly recommend, worth every penny. || I had a great expirience to dive with dolphins..its something amazing..also the place its like heaven..its diferent than other places that i saw in Israel. The relaxing pools inside its something special too. I recommand everyone to visit. || Wonderful location, really worth the detour even though it's located on the other side of Eilat. There's also a bar inside where you can order drinks and bites. Service was great and the food was delicious. A big 5! || Very clean beach and not too crowded. Dolphins seem happy and free. Very good diving guides, and great service. They even offered us a refund for  for one who couldn't make it on time, because they had another person who was interested to dive instead. || Very beautiful dolphin reef. Tourist attraction. We saw 3 dolphins. The food here was delicious, totally recommend! There are also student fares for entry. || Dolphin Reef in Eilat is a natural habitat of Dolphins. We can observe the dolphins 🐬 from the floating bridge provided. The dolphins are very playful and you are allowed to touch them if you wish to.  The security staff watches over the dolphins as well as feeds them.Some snorkeling facility is also there. We visited long back. The Dolphin Reef is open from Monday to Saturday.  Timings: 9 am to 5 pm. We spent some time observing the dolphins.  There is an entry fee. || The most wonderful beach in Eilat. It’s like a completely different world everything beautiful and clean and pleasant. The food at the beach restaurant is great. And to watch the dolphins is certainly a bonus 🐬 …",29.5266871,34.93626
"Little Prince Circus; Eilat, Israel כיכר הנסיך הקטן; אילת","https://www.google.com/maps/place/Little+Prince+Circus;+Eilat,+Israel+%D7%9B%D7%99%D7%9B%D7%A8+%D7%94%D7%A0%D7%A1%D7%99%D7%9A+%D7%94%D7%A7%D7%98%D7%9F;+%D7%90%D7%99%D7%9C%D7%AA%E2%80%AD/@29.5581,34.9482,14z/data=!4m11!1m3!2m2!1sLandmark+in+City+Center,+Eilat,+Israel!6e1!3m6!1s0x150073ac22be26bd:0xa62f0d6cd97aa77!8m2!3d29.5493811!4d34.932475!15sCiZMYW5kbWFyayBpbiBDaXR5IENlbnRlciwgRWlsYXQsIElzcmFlbJIBE2hpc3RvcmljYWxfbGFuZG1hcmvgAQA!16s%2Fg%2F11h4zfqft9?hl=en&entry=ttu&g_ep=EgoyMDI2MDExMy4wIKXMDSoKLDEwMDc5MjA3M0gBUAM%3D",Entertainment-Culture-Landmarks,Entertainment-Culture,Landmarks,Landmark,5.0,0,,29.5493811,34.932475
Kikar Ahava,"https://www.google.com/maps/place/Kikar+Ahava/@29.5493811,34.8943662,14z/data=!4m11!1m3!2m2!1sLandmark+in+City+Center,+Eilat,+Israel!6e1!3m6!1s0x150073581918d1ff:0xf10abc3698d8dd6b!8m2!3d29.5474992!4d34.9426087!15sCiZMYW5kbWFyayBpbiBDaXR5IENlbnRlciwgRWlsYXQsIElzcmFlbJIBE2hpc3RvcmljYWxfbGFuZG1hcmvgAQA!16s%2Fg%2F11h6dj848n?hl=en&entry=ttu&g_ep=EgoyMDI2MDExMy4wIKXMDSoKLDEwMDc5MjA3M0gBUAM%3D",Entertainment-Culture-Landmarks,Entertainment-Culture,Landmarks,Landmark,4.3,0,,29.5474992,34.9426087
Elad's place eilat,"https://www.google.com/maps/place/Elad's+place+eilat/@29.5493811,34.8943662,14z/data=!4m11!1m3!2m2!1sLandmark+in+City+Center,+Eilat,+Israel!6e1!3m6!1s0x150073d9d551308d:0xeefba5bc1e75f165!8m2!3d29.5520249!4d34.9408631!15sCiZMYW5kbWFyayBpbiBDaXR5IENlbnRlciwgRWlsYXQsIElzcmFlbJIBEnRvdXJpc3RfYXR0cmFjdGlvbuABAA!16s%2Fg%2F11p521k9cc?hl=en&entry=ttu&g_ep=EgoyMDI2MDExMy4wIKXMDSoKLDEwMDc5MjA3M0gBUAM%3D",Entertainment-Culture-Landmarks,Entertainment-Culture,Landmarks,Landmark,4.8,20,"Elad was a great host to us. The place is welcoming and neatly clean. Over our expectations from a mere apartment in Eilat as we went there for 7 nights to explore the city and the Red sea. The price was fair, specifically when comparing with other accommodation options. || Thank you very much. We were happy to host you. See you soon. || Clean place and courteous service. It is better to reach the place only by car because it is 25 minutes away from the mall and the boardwalk on foot and the return is steep. And also ask that they turn on a water heater 1/2 hour before you want to shower at least on the day of arrival. A calm, quiet, pleasant place and the balcony is very fun. No place to cook. Just eat out the fridge works well and amazing shower.  Lovely for a short vacation. || Thank you very much for choosing to spend your vacation with us. We hope to see you again soon. || Spacious and clean apartment, fully equipped. Elad is a wonderful host, takes care of everything and to a high standard. We had a great time and are already planning our next vacation || Thank you very much for choosing to spend your vacation with us. We hope to see you again soon. || Clean apartment 5 minutes drive from the promenade. Elad is always available and helps with anything needed. Recommended! || Thank you very much for choosing to spend your vacation with us. We hope to see you again soon. || Clean, tidy and spacious apartment. Location close to the city center and the beaches. We stayed for 3 nights, couple + 3 - it was great!!! || Thank you very much for choosing to spend your vacation with us. We hope to see you again soon. || We really enjoyed it. Clean and tidy rooms and the host was very kind. We would be happy to return at any opportunity. || Thank you very much, see you soon. || Lovely place, perfect location, kind and pleasant hosts, clean and aesthetic. Highly recommended || Thank you very much for choosing to spend your vacation with us. We hope to see you again soon. || The host Elad was great, provided excellent service, excellent vacation unit || Thank you very much for choosing to spend your vacation with us. We hope to see you again soon. || Service is nothing less than excellent! Clean and spacious unit || Thank you very much for choosing to spend your vacation with us. We hope to see you again soon. || To be on vacation and feel at home || Thank you very much for choosing us to spend your vacation. Hope to see you again soon.",29.5520249,34.9408631
Um Rush Rush,"https://www.google.com/maps/place/Um+Rush+Rush/@29.5493811,34.8943662,14z/data=!4m11!1m3!2m2!1sLandmark+in+City+Center,+Eilat,+Israel!6e1!3m6!1s0x150071f68acf5d5f:0x5503a8baf8d5a8bc!8m2!3d29.5491454!4d34.9533932!15sCiZMYW5kbWFyayBpbiBDaXR5IENlbnRlciwgRWlsYXQsIElzcmFlbFomIiRsYW5kbWFyayBpbiBjaXR5IGNlbnRlciBlaWxhdCBpc3JhZWySARNoaXN0b3JpY2FsX2xhbmRtYXJr4AEA!16s%2Fg%2F11bxfxsfck?hl=en&entry=ttu&g_ep=EgoyMDI2MDExMy4wIKXMDSoKLDEwMDc5MjA3M0gBUAM%3D",Entertainment-Culture-Landmarks,Entertainment-Culture,Landmarks,Landmark,4.4,10,"This is an important historical site, but unlike others, it just doesn't have much to see. Only one of the small historical buildings is still standing and there is a small sign and a statue to the historic flag raising. An interesting site for a few minutes of history between shopping and beach time in Eilat. || Stumbled upon this while walking near the beach. It was a cool moment to be able to stop and read up on some Israeli history. Worth a few minutes of your time.. you will enjoy the site! || A historical site near the Azrielli Mall.. There's a great view of Jordan from here || A historic place. The beginning of the city of Eilat, it is recommended to come and see history before your eyes in the landscape of the sea and the desert || Historical place with modern touch || Nice monument, great tour guiding point || The name may sound funny but this is an important site in Eilat. If you want to connect to the modern history of Eilat this us a site you should not miss if visiting Eilat. The building that the first Israeli soldiers who reached Eilat from the Negev brigade can be found. And next to it a sculpture of a flagpole and a soldier climbing the pole reminds the visitors the historic event that took place here in 1949. There is a large open plaza an this site is right next to a mall and access to a beach. || Eilat (historical name Um Rash Rash) is a wonderful getaway from the European cold. It is known for its great wheather throughout the year, beautiful beaches with clear water. Also great place for diving, snorkelling, wind surfing, water ski and Kite surfing. You can also swim with dolphins and visit Egypt and Jordan for a day trip. Love it❤ || A landmark and historical monument at a place that formerlly was the position of the Ottoman and then British police. At this point, the flag of the State of Israel was first raised after Umm Rashrash was conquered and became Eilat, the southernmost city in Israel and the northernmost point in the red sea Gulf || Great Eilat. Weather is unique, zero humidity, beautiful beach, great night clubs. Sure we r coming back.",29.5491454,34.9533932
אנדרטת אסון המשאית,"https://www.google.com/maps/place/%D7%90%D7%A0%D7%93%D7%A8%D7%98%D7%AA+%D7%90%D7%A1%D7%95%D7%9F+%D7%94%D7%9E%D7%A9%D7%90%D7%99%D7%AA%E2%80%AD/@29.5493811,34.8943662,14z/data=!4m11!1m3!2m2!1sLandmark+in+City+Center,+Eilat,+Israel!6e1!3m6!1s0x1500730078ce2119:0x802e00f39f7376bf!8m2!3d29.5430368!4d34.9494912!15sCiZMYW5kbWFyayBpbiBDaXR5IENlbnRlciwgRWlsYXQsIElzcmFlbJIBE2hpc3RvcmljYWxfbGFuZG1hcmvgAQA!16s%2Fg%2F11ynv6md1c?hl=en&entry=ttu&g_ep=EgoyMDI2MDExMy4wIKXMDSoKLDEwMDc5MjA3M0gBUAM%3D",Entertainment-Culture-Landmarks,Entertainment-Culture,Landmarks,Landmark,4.0,1,A horrific and unnecessary event. I hope they drew the right conclusions. May their memory be blessed 🇮🇱 The monument in their memory is located on the road at the entrance to the Red Sea base,29.5430368,34.9494912
Eilat City Museum,"https://www.google.com/maps/place/Eilat+City+Museum/@29.5493811,34.8943662,14z/data=!4m11!1m3!2m2!1sLandmark+in+City+Center,+Eilat,+Israel!6e1!3m6!1s0x150071f7a26ec61d:0x9273d205e00c1045!8m2!3d29.551741!4d34.95296!15sCiZMYW5kbWFyayBpbiBDaXR5IENlbnRlciwgRWlsYXQsIElzcmFlbFomIiRsYW5kbWFyayBpbiBjaXR5IGNlbnRlciBlaWxhdCBpc3JhZWySAQ5oaXN0b3J5X211c2V1bZoBJENoZERTVWhOTUc5blMwVlBRMGxwVDJWbGNVOXFWR2wzUlJBQuABAPoBBAgAEDs!16s%2Fg%2F12636fnb6?hl=en&entry=ttu&g_ep=EgoyMDI2MDExMy4wIKXMDSoKLDEwMDc5MjA3M0gBUAM%3D",Entertainment-Culture-Landmarks,Entertainment-Culture,Landmarks,Landmark,4.4,10,"Small, nice. Very interesting to see how this city was developed during this years. One hour, may be one a half 😊 + film. Art gallery is closed for renovations. Good place to visit with children. Recommend it, almost free (very low price) … || Small museum in city center of Eilat. Low entrance price, so conform size of the exhibition. Friendly reception and you receive a city passport with your ticket. || It's a small museum One and 2 place are good Just go and watch You don't need any guidance or recording phone here || It's an interesting museum to learn about the city history. Eilat is also mentioned in the Bible. Special thanks to Simona from the museum. || Quite informative and succinct for a museum of a small town that Eilat is. Good opening hours until 9pm. Quite a lot of the exhibits (but not only!) are historical photos, however, that does not make the museum dull - quite the opposite. Good and well curated, interesting selection, you learn quite a lot. 4.5* || An excellent museum represents the history and environment of Eilat and its area. Entry fee is really cheap, it's worth visiting! || Lovely pictures and rock samples. Well laid out. 1 hour visit and open till 21:45. || Small museum with lovely collection of artifacts from Eilat's history. Spare 30-60 minutes. || Great places to find out about the history of Eilat. Should only take you 30 - 40 minutes. || Great films about a variety of subjects and events in the city's history.   Well worth a visit!",29.551741,34.95296
Red Sea Hotel,"https://www.google.com/maps/place/Red+Sea+Hotel/@29.5493811,34.8943662,14z/data=!4m14!1m3!2m2!1sLandmark+in+City+Center,+Eilat,+Israel!6e1!3m9!1s0x150071f85aaab3df:0xe9622b2374917669!5m2!4m1!1i2!8m2!3d29.5549786!4d34.952657!15sCiZMYW5kbWFyayBpbiBDaXR5IENlbnRlciwgRWlsYXQsIElzcmFlbFomIiRsYW5kbWFyayBpbiBjaXR5IGNlbnRlciBlaWxhdCBpc3JhZWySAQVob3RlbOABAA!16s%2Fg%2F1tcy1c3c?hl=en&entry=ttu&g_ep=EgoyMDI2MDExMy4wIKXMDSoKLDEwMDc5MjA3M0gBUAM%3D",Entertainment-Culture-Landmarks,Entertainment-Culture,Landmarks,Landmark,3.4,10,"I stayed overnight as I was flying from Aqaba in the morning. This was an excellent value for the price! But more importantly to me, the staff was awesome. Each staff member that I interacted with was knowledge, kind, and thoughtful. The dinner buffet is also a great choice! Yes, there are larger hotels, but if hospitality is important to you, book here. || Pros (many)|Shiran, Vivi, Sivan reception attendants were professional||++ Price:  even cheaper than Eilat youth Hostel with a full breakfast||1. Room|Basic But  Spacious|+ Kettle, coffee, tea, big fridge|+ Bathroom with really strong … || Receptionist was very sweet helpful  Price is great.pool is adequate for rhe guests during the week  Room was small but very clean  Bathroom was refurbished recently  Told by other guests that breakfast was tasty  Asked for more towels and pillows and received then right away  Scuba diving is the reason we came  We always use deep siam || Nice quality for fair price. We had everything we needed in our room: several beds, fridge, microwave and electric kettle. Also they provided us with baby bed. Breakfast is very good. Scrambled eggs, roasted and fresh vegetables and fruits. Wide number of yogurts, also some traditional dishes. Personal is welcoming and friendly. The biggest disadvantage is it's allowed to smoke at the summer terrace on the second floor and if your room is near - you can feel awful smoke all the time. I would highly recommend owners to prohibit smoking on the territory of the hotel. || I was ignored by the Reception staff for 5 mins before they checked me in pretty rudely. The first room I was put in (and slept a night in) was dire. The curtain didn't properly close, it was generally very rough round the edges, it didn't … || The staff is super nice. They really try to make everything to the guests liking. Therefore I don't blame the staff for the awful stay we had at the hotel. We booked the ""suite"" for our stay and expected not much, for the price was very low. But when we got there we were really disappointed. The room wasn't clean, there were holes in de ceiling and everything was one room. It was for 5 persons, so just one room was very annoying. The bathroom is also the living room and the bedroom is sepparated from the bathroom by just one single slide door. We told the manager, we didn't really like it and he was really nice and tried to help us. The next day we came across the owner of the Hotel in the hall. She basically told us we should shut up and leave if we didn't like it. She was the most rude and unfriendly person I have ever met. The staff acted as they were scared of the owner and I wouldn't blame them. To sum up: Don't stay at this hotel. It is not what they say it is and the owner is a really mean person. || I had a very comfortable stay at the red sea hotel. The staff were helpful and friendly.  Breakfast was varied and tasty, something to suit all tastes. The rooms were cleaned every day with fresh towels provided daily also. The room was spacious enough although the bathroom could have done with some renovation. Very convenient location only 10 minutes walk from the beach, shops and restaurants all close by. I would recommend this hotel it was good value for money :) || A cheap hotel. The breakfast was surprisingly good 😋. After two nights here I can say that there are quiet nights here, and Very noisy ones, with teenagers shouting very late at night - the acoustics is a nightmare. The interior design is brought straight from the 70s. Considering the price - it's not as bad as we expected. Big comfortable bad, good shower if you don't mind stepping on a too long curtain shower - the place is full of these small annoying things. It's much much better than staying in a tent... And the staff are kind and helpful. Clean as well || Price unbeatable, plentiful and good breakfast, will be back, but earplugs are mandatory! By the way you have free sunbeds at the Maman Beach near the Marina Beach, close the the Queen of Sheba and these are very good. || Awful place, we came here for 4 nights and really regretted it.  The acoustics are terrible, the room has additional closed doors, behind which there are other rooms and literally everything is heard!  Music plays all day near the pool, so …",29.5549786,34.952657
Dolphin Reef,"https://www.google.com/maps/place/Dolphin+Reef/@29.5493811,34.8943662,14z/data=!4m11!1m3!2m2!1sLandmark+in+City+Center,+Eilat,+Israel!6e1!3m6!1s0x150071f8b8591205:0x627118a57f78ebde!8m2!3d29.5266871!4d34.93626!15sCiZMYW5kbWFyayBpbiBDaXR5IENlbnRlciwgRWlsYXQsIElzcmFlbFomIiRsYW5kbWFyayBpbiBjaXR5IGNlbnRlciBlaWxhdCBpc3JhZWySARJ0b3VyaXN0X2F0dHJhY3Rpb27gAQA!16s%2Fg%2F1pxy2_x36?hl=en&entry=ttu&g_ep=EgoyMDI2MDExMy4wIKXMDSoKLDEwMDc5MjA3M0gBUAM%3D",Entertainment-Culture-Landmarks,Entertainment-Culture,Landmarks,Landmark,4.6,0,,29.5266871,34.93626
Late Byzantine Period Church,"https://www.google.com/maps/place/Late+Byzantine+Period+Church/@29.5493811,34.8943662,14z/data=!4m11!1m3!2m2!1sLandmark+in+City+Center,+Eilat,+Israel!6e1!3m6!1s0x15007036cdd8160d:0x6774d2a51a91b94c!8m2!3d29.5337542!4d34.9990572!15sCiZMYW5kbWFyayBpbiBDaXR5IENlbnRlciwgRWlsYXQsIElzcmFlbFomIiRsYW5kbWFyayBpbiBjaXR5IGNlbnRlciBlaWxhdCBpc3JhZWySARNoaXN0b3JpY2FsX2xhbmRtYXJrmgFEQ2k5RFFVbFJRVU52WkVOb2RIbGpSamx2VDJwV1ZsZFliRFpYVjBwMlZXNW9OVTV1UmxsV1JHUlRZVWQwYlU5R1JSQULgAQD6AQQIABA6!16s%2Fg%2F121bkjrt?hl=en&entry=ttu&g_ep=EgoyMDI2MDExMy4wIKXMDSoKLDEwMDc5MjA3M0gBUAM%3D",Entertainment-Culture-Landmarks,Entertainment-Culture,Landmarks,Landmark,4.1,10,"It is believed to be one of the oldest Christian churches. It was destroyed by an earthquake and was discovered in the late 1990s. An interesting historical site that is nice to see. || This is one of few historic places in Aqaba worth visiting.  The church is built around 1.5 meters below ground. You can explore the church by walking a path, but will not be able to walk through the different chambers of the church.  There are a few signs that explain different parts of the church. Overall, the church is well-maintained.  Entering the place is free, and there is a staff member onsite. Parking is challenging to find, and so park your vehicle nearby. || The Aqaba Church, dating to the 3rd century AD, is considered the oldest known Christian church built specifically for worship. Discovered in 1998 by archaeologists, it was constructed between 293 and 303 AD. Its remote position in the Roman Empire likely shielded it from the widespread destruction during the Great Persecution (303–313). Though abandoned during that period, it was later restored and remained active until an earthquake destroyed it in 363. The sand that filled the deserted building helped preserve its structure, providing valuable insights into early Christian architectural design. || Historically an  important church and very good information is provided  (in english) about the church to understand what you are looking at. It is undercover which ensure limited further degradation. My only disappointment is the smooth render that seemed to be applied to the remaining ruin, im not sure what is original and what is reconstructed. We were the only ones there, it should attract more people. || The Aqaba Church is a third-century church considered to be the oldest church in the world, as it is the earliest known Christian building constructed specifically for worship, unlike earlier sites that were converted from other uses or religions. It was discovered in 1998, and its construction was dated between 293 and 303 AD, making it slightly older than the Church of the Holy Sepulchre in Jerusalem and the Church of the Nativity in Bethlehem, both of which date back to the fourth century AD. || The conservation seems to be of really good quality. At night the site is well lit however closed. However from the street it's quite hard to read the information signs. Anyways, these ruins bear real historical significance. || Very interesting site right next to the bus station. It is considered to be the world's oldest-known purpose-built Christian church. A short visit to see the site itself is enough and you can get more information on Wikipedia. The site is made from mud and rocks. Very fragile. Not much more info on it but interesting to check out as you visit Aqaba. || While according to the Catholic Encyclopedia, the Cenacle (the site of the Last Supper) in Jerusalem was the ""first Christian church,"" Jordan's Aqaba Roman Church is considered to be the world's first purpose-built Christian church.  This historic 3rd-century church was unearthed by a group of archaeologists in June 1998 and from pottery found in its foundations, is believed to have been built sometime in the late 3rd or the beginning of the 4th century.  This makes it older than the Church of the Holy Sepulchre in Jerusalem and the Church of the Nativity in Bethlehem, both of which were built in the late 320s.  The church was built of mud-brick over stone foundations, with probably vaulted nave and aisles, and arched doorways.  It had the shape of a large three-aisled basilica, with a narthex, and oriented on an east-west axis.  Remains of a staircase suggest that it had a second storey. The nave ended in a chancel area followed by a rectangular apse.  As shown in the photos here, the ruined building was filled by wind-blown sand, which no doubt helped preserve its walls to a remarkable height. || It is mentioned as the oldest purpose-built christian church in the world, slightly older than the temples in Jerusalem or Bethlehem. Another peculiarity is that it is built of bricks. No matter how rare monument it is, nobody cares about the place. There is rubbish between the walls, and I am afraid there will be nothing in 50 years due to wind and rain. Free entry through hole in the fence. 4 stars for the own monument, 2 stars for care for this place. || Oldest church.   They've added an awning to protect the site from the sun. Info sign street placed along the raised walk way.",29.5337542,34.9990572
